{"type": "FeatureCollection", "features": [{"type": "Feature", "geometry": {"type": "Polygon", "coordinates": [[[76.8388351, 28.5732306], [76.8388947, 28.5726624], [76.8401246, 28.5714724], [76.8401675, 28.5696275], [76.8401913, 28.5695522], [76.8423776, 28.5626414], [76.8438304, 28.5618782], [76.8437917, 28.5565426], [76.8455045, 28.554104], [76.8458603, 28.5500119], [76.8525086, 28.5480013], [76.860975, 28.5454749], [76.8644469, 28.5436729], [76.8663674, 28.5415542], [76.8676033, 28.5361423], [76.8679341, 28.5359888], [76.8713284, 28.5344136], [76.8724566, 28.5337105], [76.8735857, 28.5329734], [76.8736018, 28.5329284], [76.8737365, 28.5326041], [76.8742857, 28.5310168], [76.8742911, 28.5287423], [76.8764267, 28.5260698], [76.8768675, 28.5249498], [76.8850534, 28.5210524], [76.8871384, 28.5203063], [76.8870184, 28.5197021], [76.8855312, 28.5169805], [76.8835848, 28.512534], [76.8823082, 28.5108249], [76.8816221, 28.5099063], [76.8809664, 28.5073288], [76.8805219, 28.5055815], [76.8815572, 28.5046509], [76.8818812, 28.5047475], [76.8819483, 28.5046955], [76.8820232, 28.5046375], [76.8823207, 28.5044069], [76.8828629, 28.5039866], [76.8843317, 28.5030928], [76.8858949, 28.5025813], [76.8854384, 28.5013759], [76.8899908, 28.5010163], [76.8919497, 28.5008314], [76.8927029, 28.5012844], [76.8969407, 28.5067536], [76.8983531, 28.5090503], [76.9006383, 28.509682], [76.902943, 28.5089253], [76.9069036, 28.5137629], [76.9099794, 28.5120699], [76.9101567, 28.512058], [76.9119085, 28.5121736], [76.9159189, 28.5107953], [76.9184236, 28.5092347], [76.9209019, 28.5069098], [76.922332, 28.5072779], [76.9242611, 28.5078479], [76.9275524, 28.5104953], [76.9277636, 28.5105102], [76.9349626, 28.5110191], [76.9357707, 28.5105161], [76.9397376, 28.5077838], [76.9433253, 28.5053127], [76.9454202, 28.5053976], [76.9527581, 28.5053165], [76.9542983, 28.5057989], [76.9620491, 28.5115276], [76.9706359, 28.5157991], [76.9760102, 28.5189385], [76.9783615, 28.5212528], [76.9802327, 28.5198029], [76.9812139, 28.5191174], [76.9832794, 28.5170355], [76.983382, 28.5169891], [76.9834821, 28.5169438], [76.9885078, 28.514668], [76.9890318, 28.5144315], [76.9896742, 28.5141417], [76.9909463, 28.5135677], [76.9916329, 28.5143424], [76.9939642, 28.5169726], [76.9945276, 28.5176083], [76.9953859, 28.5171445], [76.9959691, 28.5180316], [76.9968081, 28.5197112], [76.9990202, 28.5184844], [76.9999924, 28.5179713], [77.0027227, 28.5172931], [77.0034165, 28.5169811], [77.0054845, 28.5160513], [77.0059192, 28.5158559], [77.0067265, 28.515635], [77.0067845, 28.5156191], [77.0070407, 28.515549], [77.0085304, 28.5151415], [77.0100507, 28.5147255], [77.010493, 28.5151221], [77.0105264, 28.5151521], [77.0108262, 28.5154209], [77.0116413, 28.5161518], [77.0125525, 28.5169683], [77.012884, 28.5172777], [77.0144723, 28.518757], [77.0169637, 28.5210774], [77.0146291, 28.5243485], [77.0109551, 28.5254602], [77.0105771, 28.5257745], [77.0096001, 28.526641], [77.0084757, 28.5270284], [77.0050158, 28.5289423], [77.0016511, 28.5308084], [77.0013356, 28.530984], [77.0016644, 28.5334918], [77.0042991, 28.5378845], [77.0045632, 28.5388005], [77.0054602, 28.5394958], [77.0069243, 28.5402159], [77.007818, 28.5409048], [77.0096859, 28.539869], [77.0101934, 28.5402687], [77.0122093, 28.5400104], [77.0128497, 28.5402697], [77.0134571, 28.5405156], [77.0140944, 28.5399982], [77.0162809, 28.5392112], [77.0174236, 28.537688], [77.0197006, 28.536218], [77.0217025, 28.5349596], [77.0219253, 28.5347748], [77.0232547, 28.5335616], [77.0245904, 28.5327132], [77.0297824, 28.5317014], [77.0298669, 28.5316849], [77.0321199, 28.5310788], [77.0340512, 28.5300656], [77.0345078, 28.5298263], [77.034625, 28.529765], [77.0356102, 28.5292571], [77.0356349, 28.5292442], [77.0417144, 28.5260711], [77.0424046, 28.5256984], [77.0431514, 28.5252371], [77.0433583, 28.5251547], [77.0433705, 28.5241645], [77.0446105, 28.5230838], [77.0485082, 28.52092], [77.0462065, 28.5166427], [77.0491721, 28.5160453], [77.0543531, 28.5143512], [77.0575428, 28.5128211], [77.0577011, 28.5127924], [77.0606606, 28.5122555], [77.0612165, 28.512224], [77.0633996, 28.5126665], [77.0645251, 28.5126891], [77.0653494, 28.5125045], [77.0671624, 28.5119289], [77.067616, 28.5129745], [77.0688651, 28.5145822], [77.0709886, 28.5170499], [77.0713662, 28.5175938], [77.0720942, 28.5193619], [77.0722213, 28.5201457], [77.0723002, 28.5202589], [77.073365, 28.5195071], [77.0744668, 28.5189307], [77.0747744, 28.5188088], [77.075014, 28.5187138], [77.0774387, 28.5184405], [77.0791964, 28.5181891], [77.079283, 28.5181781], [77.0804111, 28.5180224], [77.0827494, 28.5170898], [77.0830606, 28.5169698], [77.0840906, 28.5166587], [77.0846262, 28.5164992], [77.0859574, 28.5161025], [77.0925943, 28.5142311], [77.0932384, 28.5140471], [77.0939182, 28.5138682], [77.0981578, 28.5116669], [77.0986588, 28.5114068], [77.0957528, 28.5070803], [77.0976518, 28.5048552], [77.1000336, 28.5038653], [77.1023081, 28.5031016], [77.1037667, 28.5024887], [77.1053975, 28.5013384], [77.1101397, 28.4993961], [77.1124785, 28.4984532], [77.119507, 28.495139], [77.1176759, 28.4869846], [77.1167211, 28.4850054], [77.1150614, 28.4815648], [77.1141826, 28.4735236], [77.1124725, 28.4731841], [77.116455, 28.4672235], [77.1200235, 28.4627232], [77.1234764, 28.4597104], [77.1238974, 28.4550376], [77.1242593, 28.4510201], [77.1253919, 28.4502107], [77.1265409, 28.4465841], [77.1277292, 28.4428335], [77.1306896, 28.4399226], [77.1322839, 28.4389245], [77.1348481, 28.4391509], [77.1379959, 28.4382283], [77.1405987, 28.438483], [77.1434076, 28.4375547], [77.1470362, 28.436749], [77.1493, 28.4365575], [77.1503171, 28.4357065], [77.1510832, 28.4353556], [77.1517387, 28.4347895], [77.1520402, 28.4341045], [77.1527531, 28.4336623], [77.1563478, 28.4314326], [77.1598529, 28.4302505], [77.1617184, 28.4292351], [77.1628404, 28.428515], [77.164042, 28.4271563], [77.1658552, 28.4256656], [77.1655869, 28.4202213], [77.1648574, 28.4152862], [77.1651685, 28.4144369], [77.1656513, 28.4138802], [77.1678078, 28.4127384], [77.1693957, 28.4112852], [77.1711981, 28.4090109], [77.1714985, 28.4062365], [77.1740891, 28.4046285], [77.174399, 28.404861], [77.176466, 28.4063591], [77.178204, 28.4075388], [77.1811545, 28.4085674], [77.1827102, 28.409143], [77.1857679, 28.4087278], [77.1904135, 28.4076143], [77.1916365, 28.4076898], [77.1934819, 28.4082371], [77.1959066, 28.4083504], [77.199769, 28.4081805], [77.2019148, 28.4084258], [77.204318, 28.4089166], [77.2066569, 28.4095771], [77.2106266, 28.4091808], [77.2156691, 28.4105963], [77.2179007, 28.4101811], [77.2177505, 28.4118986], [77.2194242, 28.4123515], [77.2232437, 28.4125025], [77.227664, 28.4135971], [77.2317838, 28.4159751], [77.2340154, 28.4181265], [77.2355175, 28.4184285], [77.2385644, 28.4208818], [77.2410535, 28.4214857], [77.2456884, 28.4234105], [77.2500228, 28.4250334], [77.2526836, 28.4329211], [77.2491645, 28.4330721], [77.2497868, 28.4368836], [77.2492075, 28.4469212], [77.2459245, 28.4543734], [77.2444224, 28.4560146], [77.2429848, 28.4566749], [77.2417831, 28.4566372], [77.2405171, 28.4565051], [77.2345948, 28.4550902], [77.2336936, 28.4566938], [77.2330713, 28.4585048], [77.2356891, 28.4711057], [77.2434354, 28.4788202], [77.2455972, 28.4796322], [77.2484565, 28.4807063], [77.2498727, 28.4808006], [77.2555983, 28.4828665], [77.2568249, 28.4833091], [77.2639918, 28.4856289], [77.2657084, 28.4860815], [77.2719097, 28.4870245], [77.2716992, 28.4880752], [77.2713733, 28.4897026], [77.2719526, 28.4905512], [77.2746348, 28.4914565], [77.2758794, 28.4927011], [77.2764051, 28.4932197], [77.2792357, 28.4939352], [77.2798598, 28.4940967], [77.2826385, 28.4943984], [77.2847736, 28.4947944], [77.2876704, 28.4960108], [77.2892368, 28.4958222], [77.2902453, 28.4964917], [77.2954059, 28.4958128], [77.2968557, 28.4950202], [77.2985494, 28.4940589], [77.3006415, 28.4940872], [77.3005932, 28.4895941], [77.3015857, 28.4895611], [77.3029697, 28.4895045], [77.3065209, 28.4893914], [77.3080122, 28.4881089], [77.3141384, 28.4834223], [77.3156297, 28.4844784], [77.3164773, 28.484733], [77.3168099, 28.4864399], [77.318784, 28.4874866], [77.3205435, 28.4874677], [77.3261332, 28.4897686], [77.3276031, 28.489844], [77.3304713, 28.4958952], [77.3314494, 28.4970668], [77.3324096, 28.4983138], [77.3362076, 28.5032709], [77.3356926, 28.5043551], [77.3361862, 28.505166], [77.3377311, 28.5056091], [77.3392331, 28.5069573], [77.3405635, 28.5086072], [77.3422587, 28.5104268], [77.3437929, 28.5113601], [77.3453379, 28.5134531], [77.3369151, 28.5237449], [77.3247015, 28.5355704], [77.3228426, 28.5373381], [77.3214394, 28.5397619], [77.3140752, 28.5445728], [77.3040962, 28.5516557], [77.2998047, 28.5563488], [77.297364, 28.5599651], [77.2960797, 28.5695146], [77.2939098, 28.5742182], [77.2928863, 28.5761741], [77.2948372, 28.5815446], [77.2991347, 28.5831423], [77.3010198, 28.5838592], [77.3029131, 28.5853121], [77.3038179, 28.5855769], [77.3044219, 28.5857974], [77.3088577, 28.5893282], [77.3101587, 28.5907418], [77.3111384, 28.5919458], [77.3111321, 28.5926253], [77.3113247, 28.5931229], [77.311977, 28.5938047], [77.3126578, 28.5951813], [77.3134894, 28.5958149], [77.3131816, 28.5963398], [77.313382, 28.5965248], [77.3141858, 28.5967547], [77.314928, 28.596967], [77.3171201, 28.5968503], [77.3194945, 28.5974307], [77.3201253, 28.5975835], [77.3212323, 28.5976895], [77.3218904, 28.5976426], [77.3225959, 28.5975281], [77.3244672, 28.5978722], [77.3249496, 28.5979038], [77.3258952, 28.5981814], [77.3264387, 28.5983634], [77.3267274, 28.5987077], [77.3271159, 28.5986704], [77.3281611, 28.5993706], [77.3297187, 28.6004141], [77.3316769, 28.6011371], [77.3336188, 28.6014856], [77.3347131, 28.6019424], [77.3356036, 28.6016928], [77.3367463, 28.6018012], [77.3376421, 28.6024417], [77.3384233, 28.6032323], [77.3386991, 28.6029897], [77.3395778, 28.6041325], [77.3402922, 28.6046086], [77.3407915, 28.6052157], [77.3412222, 28.6051404], [77.3420594, 28.6101623], [77.3417627, 28.6136069], [77.3416914, 28.6136261], [77.3416608, 28.613724], [77.3415287, 28.6137665], [77.3417203, 28.6157252], [77.3418543, 28.6170951], [77.342008, 28.6187598], [77.3419372, 28.6193425], [77.3416803, 28.6201852], [77.3414331, 28.6207682], [77.3410433, 28.6212264], [77.3403164, 28.6218056], [77.3401657, 28.6220337], [77.3404229, 28.6236487], [77.3395999, 28.624098], [77.3386036, 28.6249339], [77.336511, 28.6263181], [77.33443, 28.6277275], [77.3337696, 28.6288811], [77.3322902, 28.6299179], [77.3312417, 28.6313165], [77.3304796, 28.6315684], [77.3296659, 28.631841], [77.3288035, 28.632283], [77.3270954, 28.6329216], [77.3260092, 28.6331684], [77.3243082, 28.6349278], [77.3225043, 28.6363762], [77.3219715, 28.6367101], [77.3168228, 28.6377479], [77.3177479, 28.6399759], [77.3189181, 28.642794], [77.3211594, 28.6468702], [77.3219591, 28.6500999], [77.3218671, 28.6515398], [77.3214339, 28.6526423], [77.3206129, 28.6539073], [77.3200813, 28.6545721], [77.3201289, 28.6625839], [77.3219005, 28.6677958], [77.322538, 28.6696714], [77.3244481, 28.6712418], [77.3250493, 28.6738757], [77.3252446, 28.6778565], [77.3260836, 28.6782546], [77.3300672, 28.678618], [77.3300715, 28.6786225], [77.3317589, 28.6803914], [77.3329522, 28.6816422], [77.3321929, 28.6828859], [77.3307278, 28.6883914], [77.3273146, 28.6936705], [77.3254114, 28.6963128], [77.3238441, 28.6984887], [77.3236879, 28.6987055], [77.3256806, 28.7020986], [77.3258776, 28.702434], [77.3256666, 28.7056107], [77.325427, 28.7087935], [77.328209, 28.7114762], [77.3311068, 28.7131973], [77.3292002, 28.7131344], [77.328267, 28.7130986], [77.3281119, 28.7130927], [77.3271329, 28.7133516], [77.3262756, 28.7131088], [77.3245283, 28.7130415], [77.3235062, 28.7121875], [77.3225002, 28.7114612], [77.3213854, 28.7126223], [77.3206527, 28.7129281], [77.3201378, 28.7131049], [77.3187224, 28.7135908], [77.3172355, 28.7141043], [77.3158161, 28.7128444], [77.3135116, 28.713441], [77.3044242, 28.7118347], [77.2990287, 28.7098032], [77.2968754, 28.7036517], [77.292275, 28.7058931], [77.2912591, 28.7063661], [77.2892268, 28.7083785], [77.2873192, 28.7123335], [77.2868489, 28.7133476], [77.2863386, 28.7144478], [77.2893996, 28.717168], [77.2897332, 28.7209279], [77.2908705, 28.7227353], [77.2884005, 28.7239979], [77.2866348, 28.7249004], [77.286462, 28.7249887], [77.2843538, 28.7279871], [77.2800429, 28.732486], [77.2756656, 28.7355624], [77.2735863, 28.7359584], [77.260922, 28.7355868], [77.2558344, 28.7385417], [77.2553291, 28.7410543], [77.2557368, 28.7411888], [77.2558891, 28.7430401], [77.2570929, 28.7450221], [77.2577545, 28.7467624], [77.257846, 28.7470032], [77.2589801, 28.7476974], [77.2594779, 28.748734], [77.2596506, 28.7497903], [77.2596249, 28.7505418], [77.2589039, 28.7512558], [77.2586711, 28.7526338], [77.2553151, 28.7541227], [77.2548484, 28.7558487], [77.2537036, 28.7556154], [77.2521898, 28.7554367], [77.2505923, 28.7552213], [77.2484487, 28.7555044], [77.246805, 28.7559465], [77.2454961, 28.7565635], [77.2441496, 28.7573122], [77.2425564, 28.7578718], [77.2403226, 28.7582246], [77.2381149, 28.7591641], [77.2386778, 28.7619672], [77.23559, 28.7712591], [77.2334828, 28.7711838], [77.2328799, 28.774953], [77.2210395, 28.7791603], [77.2280336, 28.7845746], [77.2244287, 28.7863875], [77.2137954, 28.7843867], [77.2072766, 28.7866961], [77.2066403, 28.7875253], [77.2033005, 28.791877], [77.2018972, 28.7938703], [77.2000239, 28.7969636], [77.1992836, 28.801029], [77.1992428, 28.8045263], [77.2006007, 28.8087861], [77.2021248, 28.8135672], [77.2187202, 28.8108429], [77.2184241, 28.8134714], [77.2193639, 28.8174872], [77.2207713, 28.8187176], [77.2231209, 28.8196257], [77.2232518, 28.8205845], [77.2232111, 28.8214812], [77.2236692, 28.8223178], [77.2231166, 28.8231092], [77.2215161, 28.8252684], [77.2209282, 28.8266971], [77.2209196, 28.8285844], [77.2214282, 28.8304417], [77.2220326, 28.8339207], [77.2219984, 28.8339674], [77.2212554, 28.834977], [77.2205818, 28.8362112], [77.2195618, 28.8378049], [77.219344, 28.8380952], [77.218857, 28.8387443], [77.2185789, 28.839115], [77.2175354, 28.8403833], [77.216649, 28.8415054], [77.2166898, 28.842427], [77.2167012, 28.8438773], [77.2167057, 28.8444585], [77.2167359, 28.8448733], [77.2167608, 28.8452146], [77.2168038, 28.8458067], [77.2168468, 28.8463974], [77.2168635, 28.8464559], [77.2170621, 28.8471537], [77.2172032, 28.8476495], [77.2172913, 28.8484132], [77.2172992, 28.8487863], [77.2172845, 28.849519], [77.2173327, 28.8507922], [77.2173205, 28.8513348], [77.2172349, 28.8515184], [77.2169238, 28.8521853], [77.2167065, 28.8526512], [77.2165062, 28.8529934], [77.2158748, 28.8540722], [77.2148013, 28.8552993], [77.2142359, 28.8558176], [77.213787, 28.8559452], [77.2135535, 28.8559959], [77.2131565, 28.856082], [77.2126895, 28.8561834], [77.2115432, 28.8565426], [77.2109648, 28.8569523], [77.2101655, 28.8576463], [77.2099144, 28.8577158], [77.2063735, 28.8570666], [77.2048424, 28.8569012], [77.2040496, 28.8569304], [77.2025003, 28.857652], [77.1992077, 28.8591432], [77.1970737, 28.8594298], [77.1961842, 28.8593537], [77.1949869, 28.8592513], [77.1919948, 28.8586565], [77.1904165, 28.8583427], [77.1840628, 28.8579386], [77.1821542, 28.8577864], [77.1804837, 28.8578371], [77.1782296, 28.8585973], [77.1751944, 28.8585344], [77.1731548, 28.857496], [77.1732568, 28.8564511], [77.1731505, 28.8556919], [77.1727654, 28.8548499], [77.1720605, 28.8500537], [77.1699684, 28.8506175], [77.1689362, 28.8504785], [77.1670823, 28.8488339], [77.1662991, 28.8493245], [77.1626406, 28.845073], [77.1586709, 28.8403365], [77.1570938, 28.8392144], [77.156714, 28.8385114], [77.1570466, 28.8375527], [77.157995, 28.8368479], [77.1529996, 28.8376881], [77.1490557, 28.8379813], [77.1452792, 28.8380509], [77.1440926, 28.8387482], [77.1422365, 28.8394286], [77.1422451, 28.8414981], [77.1414254, 28.8424623], [77.1415541, 28.8433382], [77.1419425, 28.8472401], [77.1452534, 28.8520703], [77.1455152, 28.8537016], [77.1445324, 28.8546789], [77.1437063, 28.8546855], [77.1429049, 28.8553019], [77.1423309, 28.8557802], [77.1418706, 28.8565038], [77.1409844, 28.8591752], [77.1411668, 28.8603591], [77.1409372, 28.860625], [77.1403321, 28.8606655], [77.1402227, 28.8617488], [77.1340944, 28.8628106], [77.1337392, 28.8631272], [77.1328455, 28.8624911], [77.1305388, 28.8621313], [77.1247002, 28.8595153], [77.1249212, 28.8580185], [77.1243, 28.8575487], [77.1228816, 28.8579302], [77.1218601, 28.8579549], [77.1193946, 28.8607625], [77.117045, 28.8623862], [77.1153928, 28.8642917], [77.109994, 28.8698953], [77.1079534, 28.8696811], [77.1032198, 28.8705455], [77.0971387, 28.8706939], [77.0944449, 28.871468], [77.0932806, 28.8718026], [77.087824, 28.8755418], [77.0882982, 28.8766842], [77.0876201, 28.8810133], [77.0867446, 28.8817047], [77.0825883, 28.8834464], [77.082142, 28.8814379], [77.0805005, 28.8792847], [77.0774384, 28.8770224], [77.0793396, 28.8716635], [77.0787302, 28.8715686], [77.0781337, 28.8709739], [77.0777796, 28.8707193], [77.0776455, 28.8703435], [77.0769052, 28.869744], [77.0754536, 28.8689201], [77.0746747, 28.8671913], [77.0734055, 28.8677071], [77.0726362, 28.8682915], [77.0720966, 28.8687688], [77.0712844, 28.8686946], [77.0704218, 28.867817], [77.0699358, 28.8678029], [77.0695109, 28.8675098], [77.0692888, 28.8670297], [77.0638364, 28.8692094], [77.0612207, 28.8707183], [77.0583014, 28.8680162], [77.0559078, 28.8644571], [77.0543843, 28.8624219], [77.0537095, 28.861861], [77.053684, 28.8618282], [77.0531494, 28.8611412], [77.0529284, 28.8608791], [77.0526613, 28.8600193], [77.0520723, 28.859106], [77.0518748, 28.8580451], [77.051803, 28.8567982], [77.051127, 28.8549442], [77.0511324, 28.8545524], [77.0499093, 28.8528036], [77.0481122, 28.8503237], [77.0471424, 28.849384], [77.0466252, 28.8482554], [77.0459944, 28.8476981], [77.0455577, 28.8470421], [77.0454847, 28.8465074], [77.0452337, 28.845906], [77.0453404, 28.8451614], [77.0454504, 28.844439], [77.0454912, 28.8422042], [77.0449278, 28.8401822], [77.0446332, 28.8401813], [77.0427584, 28.8386475], [77.0420573, 28.837733], [77.0419773, 28.8370911], [77.0427986, 28.8349986], [77.0422193, 28.8335836], [77.0413357, 28.8330328], [77.0401717, 28.8318035], [77.0386192, 28.8327631], [77.036791, 28.8333091], [77.0352246, 28.8341607], [77.0336925, 28.8345366], [77.032596, 28.8351297], [77.0308665, 28.8357443], [77.0282015, 28.8366052], [77.0271329, 28.8368712], [77.0260182, 28.8377894], [77.0233789, 28.8391428], [77.0201635, 28.8393176], [77.0180145, 28.8399567], [77.0148752, 28.8405553], [77.0094271, 28.8408081], [77.0057342, 28.8402038], [76.9997511, 28.8384055], [76.9991553, 28.8382265], [76.9943617, 28.839624], [76.9930485, 28.8387659], [76.9904864, 28.8377904], [76.9891432, 28.8356419], [76.9871245, 28.8343821], [76.9865838, 28.8297485], [76.9849809, 28.8268272], [76.9803353, 28.8214864], [76.9771446, 28.8226369], [76.9759558, 28.8227553], [76.9747778, 28.825047], [76.9733358, 28.8266693], [76.9723016, 28.8270697], [76.9713489, 28.8276374], [76.9702588, 28.8274908], [76.9681474, 28.8278386], [76.9667848, 28.8275134], [76.9658257, 28.8276882], [76.9656776, 28.8258384], [76.9648601, 28.8253459], [76.964491, 28.8246202], [76.9649159, 28.8241333], [76.9637651, 28.8227318], [76.963999, 28.8223929], [76.9640135, 28.8220508], [76.9648279, 28.8211818], [76.9647473, 28.8207592], [76.9649227, 28.8201393], [76.9647398, 28.8198474], [76.964515, 28.8196411], [76.9626064, 28.8162199], [76.9622389, 28.8158176], [76.9617014, 28.8148997], [76.9611457, 28.8149981], [76.9605964, 28.815303], [76.9590064, 28.8153274], [76.9571138, 28.8163972], [76.9512237, 28.8182528], [76.9492131, 28.8160776], [76.9482904, 28.8141956], [76.9474472, 28.8136015], [76.9471918, 28.8124208], [76.9454022, 28.8097736], [76.9467562, 28.8080626], [76.9458057, 28.8047158], [76.9434539, 28.8015155], [76.9418975, 28.7986551], [76.9442113, 28.7982381], [76.9466768, 28.7975348], [76.9479858, 28.7959853], [76.9497324, 28.7947217], [76.9540282, 28.7902781], [76.9514876, 28.7871921], [76.9500607, 28.7832071], [76.9483076, 28.7797729], [76.9502173, 28.7753325], [76.955262, 28.7694153], [76.9556504, 28.7676623], [76.95133, 28.7633688], [76.9509481, 28.7630068], [76.9504556, 28.7629381], [76.9497883, 28.7623437], [76.9474623, 28.7594422], [76.9467445, 28.7587499], [76.9457177, 28.7572508], [76.9444259, 28.7538892], [76.9505414, 28.7503544], [76.9534415, 28.7478051], [76.9559208, 28.7458845], [76.9565185, 28.7450641], [76.9587554, 28.7428367], [76.9579937, 28.7417378], [76.9567234, 28.7392205], [76.9562616, 28.7385321], [76.9560292, 28.7381857], [76.9563447, 28.7374293], [76.9584378, 28.7357004], [76.9585959, 28.7353843], [76.9597939, 28.7329891], [76.9598573, 28.7319701], [76.9596502, 28.7309719], [76.9598369, 28.7299219], [76.9597831, 28.7295353], [76.9558714, 28.7234529], [76.951228, 28.7179393], [76.9481166, 28.7124612], [76.95167, 28.7099695], [76.9613796, 28.7037945], [76.9664769, 28.7000852], [76.968025, 28.6991996], [76.9664082, 28.6978491], [76.9644266, 28.6951971], [76.963476, 28.6934306], [76.9632217, 28.6920575], [76.9613603, 28.6895521], [76.9595825, 28.6877225], [76.958883, 28.6864057], [76.9574303, 28.6839624], [76.9567565, 28.6807923], [76.9559905, 28.6760737], [76.9556161, 28.6715733], [76.9545013, 28.6695739], [76.9511695, 28.6705661], [76.9490489, 28.6713417], [76.9451329, 28.6716072], [76.9445986, 28.671128], [76.9439173, 28.670824], [76.9373684, 28.6702357], [76.9354545, 28.6677178], [76.9348301, 28.6672824], [76.9332154, 28.6651803], [76.933181, 28.6643872], [76.9325722, 28.6622379], [76.9322326, 28.6613591], [76.9316844, 28.660622], [76.9311887, 28.6592819], [76.9245164, 28.6496429], [76.9292174, 28.6457753], [76.9307597, 28.6427768], [76.9326844, 28.6412477], [76.9352872, 28.6389012], [76.9367807, 28.6374868], [76.9398534, 28.6350517], [76.9443942, 28.6330563], [76.9435575, 28.6308134], [76.943248, 28.6299836], [76.9423962, 28.6272319], [76.939244, 28.6231673], [76.9372056, 28.6210841], [76.9352663, 28.6184416], [76.9335853, 28.619071], [76.9312401, 28.6208364], [76.9277947, 28.6232448], [76.9245691, 28.6271453], [76.9210608, 28.6307577], [76.9191339, 28.631479], [76.9142339, 28.6321799], [76.9087248, 28.6270511], [76.9065341, 28.6236245], [76.902185, 28.6261962], [76.8929384, 28.631366], [76.8893571, 28.6318048], [76.8852678, 28.6283153], [76.8842712, 28.6259852], [76.8845249, 28.6237178], [76.880428, 28.6144297], [76.8780984, 28.6091845], [76.8743501, 28.6048673], [76.8718455, 28.6030003], [76.8703656, 28.5973328], [76.8681209, 28.5912896], [76.8666635, 28.5887345], [76.8653824, 28.5873666], [76.8646101, 28.5855295], [76.8571054, 28.5852591], [76.8462014, 28.5845749], [76.8460105, 28.5845629], [76.8443978, 28.5841095], [76.8427697, 28.5835937], [76.8394661, 28.5825448], [76.8394359, 28.5825354], [76.8388351, 28.5732306]]]}, "properties": {"name": "Delhi"}}, {"type": "Feature", "geometry": {"type": "Polygon", "coordinates": [[[76.6510198, 28.3070693], [76.6523723, 28.3061458], [76.6599077, 28.3043718], [76.6652624, 28.303181], [76.6671118, 28.3025006], [76.6694855, 28.3094265], [76.6713349, 28.3098882], [76.6716937, 28.310763], [76.6716937, 28.3139949], [76.6737362, 28.3166679], [76.6776281, 28.3167165], [76.6800295, 28.3162062], [76.6857155, 28.3137519], [76.6849426, 28.3102284], [76.6829829, 28.3050523], [76.681796, 28.3004591], [76.6835625, 28.2990982], [76.681106, 28.2944319], [76.6832865, 28.2932653], [76.6811888, 28.2918313], [76.6792014, 28.2889876], [76.6782078, 28.2822062], [76.6764688, 28.2755702], [76.6745367, 28.2716321], [76.673819, 28.269347], [76.6764412, 28.2690067], [76.6778765, 28.2686421], [76.6777109, 28.2663083], [76.6777937, 28.2657005], [76.6780697, 28.264412], [76.678401, 28.2630749], [76.6796707, 28.2625644], [76.6811612, 28.2625887], [76.68221, 28.2622483], [76.6829001, 28.2613974], [76.6838938, 28.261446], [76.685053, 28.2624914], [76.6861847, 28.2636584], [76.6885585, 28.2652872], [76.6924228, 28.2622483], [76.6939961, 28.2607167], [76.6949069, 28.2601332], [76.6965078, 28.2594038], [76.6981088, 28.258869], [76.6997373, 28.2591121], [76.7017522, 28.2596226], [76.704678, 28.2604736], [76.706831, 28.2612272], [76.7089839, 28.2622483], [76.7115509, 28.264485], [76.7147803, 28.263391], [76.7218464, 28.2595983], [76.7275876, 28.2568997], [76.7340741, 28.2539821], [76.7384076, 28.2519154], [76.744618, 28.2497272], [76.7482891, 28.2487789], [76.7503316, 28.2484871], [76.7538923, 28.2479279], [76.7570665, 28.2469067], [76.7596611, 28.2455207], [76.7610136, 28.2445481], [76.7624213, 28.2425785], [76.7640222, 28.2415329], [76.7651539, 28.240925], [76.7668652, 28.2407548], [76.7689906, 28.2400982], [76.7697634, 28.2392715], [76.7700946, 28.237934], [76.7696806, 28.2361102], [76.769791, 28.2341162], [76.7709227, 28.2330462], [76.7713367, 28.2312466], [76.771806, 28.2303955], [76.7733793, 28.2292039], [76.7746214, 28.2282797], [76.7759186, 28.2269422], [76.7785408, 28.2245831], [76.781301, 28.2237076], [76.7846409, 28.2275258], [76.789968, 28.2357455], [76.7932251, 28.2418247], [76.7936667, 28.2429919], [76.7942739, 28.2444022], [76.79455, 28.246007], [76.7949088, 28.2476604], [76.7951572, 28.2483655], [76.7963441, 28.2491436], [76.7973654, 28.2496542], [76.7975586, 28.2506997], [76.7966477, 28.2523287], [76.7961647, 28.2541158], [76.7961371, 28.2547966], [76.7963497, 28.2549202], [76.7968271, 28.2551977], [76.7976276, 28.2555503], [76.7986627, 28.2555867], [76.8001118, 28.2548695], [76.8010916, 28.2537754], [76.8019611, 28.2532405], [76.8029686, 28.253277], [76.8037552, 28.2538605], [76.8043349, 28.2545899], [76.8050387, 28.2553801], [76.8058668, 28.2558907], [76.8076885, 28.2554166], [76.8088892, 28.2551491], [76.8105177, 28.2542617], [76.8114424, 28.2536417], [76.8120358, 28.252584], [76.811194, 28.2506632], [76.8106143, 28.2497758], [76.8100071, 28.2489248], [76.8092066, 28.2482075], [76.8084614, 28.2466027], [76.8100209, 28.2456179], [76.8114148, 28.244621], [76.8120082, 28.2439523], [76.8118288, 28.2430648], [76.8107247, 28.2418733], [76.8125464, 28.2406332], [76.8130709, 28.2408277], [76.8139127, 28.2416909], [76.8151134, 28.243077], [76.8162865, 28.2444873], [76.8175286, 28.2440374], [76.8181634, 28.2436727], [76.8186603, 28.2437335], [76.8195159, 28.2441833], [76.8204958, 28.2441833], [76.8213515, 28.244001], [76.8224969, 28.2439037], [76.8243463, 28.2443778], [76.8255608, 28.2442198], [76.8274377, 28.2433566], [76.8309431, 28.2421165], [76.8354837, 28.2404083], [76.8373606, 28.2398733], [76.8397896, 28.2391863], [76.841142, 28.2387851], [76.843601, 28.2382978], [76.8477186, 28.2393311], [76.8507257, 28.2381989], [76.8577349, 28.234414], [76.858649, 28.2366929], [76.8617434, 28.2428487], [76.8646881, 28.2462782], [76.8672834, 28.2481248], [76.8680321, 28.249048], [76.868394, 28.2514661], [76.8685188, 28.2534995], [76.8688432, 28.2544447], [76.8695669, 28.2543897], [76.8705152, 28.254082], [76.8712014, 28.2543018], [76.8716007, 28.2549173], [76.8718752, 28.2557306], [76.8723993, 28.2570715], [76.8729857, 28.2580277], [76.8746827, 28.2601049], [76.8763422, 28.2623469], [76.8784634, 28.2617095], [76.8795864, 28.2611929], [76.881221, 28.2605335], [76.8834295, 28.2591048], [76.8860123, 28.2571374], [76.8897057, 28.2545766], [76.8914651, 28.2536204], [76.8935613, 28.2520377], [76.8950087, 28.2518618], [76.8968554, 28.2519387], [76.8982404, 28.2519387], [76.8991013, 28.2522685], [76.8998999, 28.252873], [76.9005238, 28.2533896], [76.9039302, 28.2569836], [76.9051904, 28.2586212], [76.9067501, 28.2614677], [76.9081476, 28.2629404], [76.9094328, 28.2629294], [76.9107928, 28.2629404], [76.9116164, 28.2626546], [76.9125522, 28.2624458], [76.9132634, 28.2624238], [76.9138998, 28.2631931], [76.9152848, 28.2656659], [76.9155218, 28.2673473], [76.9153721, 28.2702925], [76.9160085, 28.2720617], [76.9169942, 28.2742375], [76.9180174, 28.2766551], [76.9180548, 28.2772594], [76.917381, 28.2779188], [76.9165325, 28.2788528], [76.9150976, 28.2804681], [76.9124399, 28.2833359], [76.9114167, 28.2843908], [76.9111048, 28.2849951], [76.9111921, 28.2858741], [76.9107554, 28.2864235], [76.9096574, 28.2874014], [76.9077608, 28.2893682], [76.9048785, 28.2904889], [76.9058018, 28.2926204], [76.9070745, 28.2947079], [76.9064382, 28.2957187], [76.9055647, 28.2963339], [76.9053152, 28.29707], [76.9052777, 28.2976853], [76.9048785, 28.2989157], [76.9048036, 28.2997946], [76.9049783, 28.3006186], [76.9055273, 28.3008713], [76.9065255, 28.3006955], [76.9073241, 28.300311], [76.9080602, 28.2997946], [76.9087839, 28.2993112], [76.9094702, 28.2988059], [76.9100567, 28.2984763], [76.9109925, 28.2991135], [76.9122278, 28.3003879], [76.9144238, 28.2997397], [76.9155468, 28.2992563], [76.9164452, 28.2993332], [76.9173436, 28.300278], [76.9176929, 28.3010251], [76.9198765, 28.3041561], [76.9261278, 28.3137902], [76.9311188, 28.3201173], [76.933215, 28.3242912], [76.9346125, 28.3223141], [76.9354111, 28.3205127], [76.9356606, 28.318228], [76.9371579, 28.318228], [76.9382061, 28.3178326], [76.9397533, 28.3167781], [76.9406267, 28.3157016], [76.9420991, 28.3169977], [76.944395, 28.3175909], [76.9457675, 28.3173273], [76.9473397, 28.3164046], [76.9479885, 28.3158773], [76.9488869, 28.3164705], [76.9495607, 28.3172614], [76.9501596, 28.316778], [76.9502095, 28.3161849], [76.9505589, 28.3150644], [76.9507585, 28.3132629], [76.9515571, 28.3126698], [76.9528049, 28.313197], [76.9532541, 28.3140538], [76.9535535, 28.3155038], [76.9536034, 28.316119], [76.9524555, 28.3171295], [76.952705, 28.3181181], [76.9536284, 28.3186234], [76.9546016, 28.3189529], [76.9551257, 28.3192825], [76.9553253, 28.3199635], [76.9554252, 28.3213255], [76.9558993, 28.3220065], [76.9573467, 28.3221383], [76.9583699, 28.3223141], [76.9590936, 28.3232587], [76.9600918, 28.3254774], [76.96109, 28.3269492], [76.9626122, 28.3263341], [76.9640846, 28.3256751], [76.9656069, 28.3259168], [76.9664803, 28.3262463], [76.9681024, 28.3265977], [76.9693002, 28.3266856], [76.9696247, 28.3260266], [76.9701986, 28.3256531], [76.9711719, 28.3256312], [76.9721202, 28.3261145], [76.9725195, 28.3269053], [76.9728688, 28.3280256], [76.9730435, 28.3289921], [76.9734178, 28.3298927], [76.9740916, 28.3300465], [76.9751897, 28.3300685], [76.9759633, 28.330332], [76.9769615, 28.3308373], [76.9773108, 28.3327483], [76.9776353, 28.3340223], [76.9785836, 28.3346154], [76.978883, 28.3334073], [76.9789329, 28.3320893], [76.9790827, 28.3309691], [76.9793572, 28.3297829], [76.9800559, 28.3291239], [76.9810042, 28.3298268], [76.9818776, 28.3305078], [76.9831504, 28.3308812], [76.9842733, 28.331035], [76.9857207, 28.3307933], [76.9867395, 28.3300396], [76.9866441, 28.3292996], [76.9862698, 28.3284869], [76.9863446, 28.3273226], [76.9868188, 28.3266417], [76.9874177, 28.3262243], [76.9883161, 28.325763], [76.9898134, 28.3256531], [76.991685, 28.3261364], [76.9926084, 28.3267076], [76.9941057, 28.3271469], [76.9955531, 28.3269492], [76.9967759, 28.3266417], [76.9975744, 28.3260266], [76.998398, 28.3256751], [76.9995459, 28.325719], [76.9997954, 28.3236322], [76.9997951, 28.323619], [76.9996956, 28.3190629], [77.0031377, 28.3153915], [77.0038382, 28.3137463], [77.0039879, 28.3114175], [77.0047366, 28.3108463], [77.0064335, 28.3093962], [77.0096278, 28.3076386], [77.0110253, 28.3052217], [77.0107258, 28.3023654], [77.0127222, 28.294631], [77.0130217, 28.2899725], [77.0132712, 28.2885222], [77.0146687, 28.286896], [77.016715, 28.2846545], [77.0181125, 28.2825009], [77.0197097, 28.278655], [77.0203585, 28.2723474], [77.0202337, 28.2661934], [77.0216811, 28.2602807], [77.0213318, 28.2536424], [77.0209075, 28.251642], [77.0210323, 28.2498834], [77.0213068, 28.2488282], [77.0215314, 28.2481247], [77.0222302, 28.2472674], [77.0238772, 28.2469816], [77.0249503, 28.2472234], [77.0262729, 28.2475532], [77.0272462, 28.247817], [77.0280946, 28.2479049], [77.0290679, 28.2478609], [77.0303905, 28.247751], [77.0317381, 28.2475312], [77.0325616, 28.2459923], [77.0330108, 28.2455966], [77.0335598, 28.2455747], [77.0351569, 28.2452229], [77.0376026, 28.2455087], [77.0411711, 28.2453768], [77.0444902, 28.2446294], [77.0466363, 28.2444755], [77.0495062, 28.2448052], [77.052376, 28.2445854], [77.056294, 28.2441237], [77.0575667, 28.2421671], [77.0588893, 28.2402984], [77.0573671, 28.2378361], [77.0573671, 28.2359014], [77.0571425, 28.2304708], [77.0574419, 28.2289537], [77.0572173, 28.2280742], [77.0567182, 28.2273266], [77.0555453, 28.2251279], [77.0547717, 28.222951], [77.056843, 28.2216977], [77.0584401, 28.2205543], [77.0606362, 28.219081], [77.0608703, 28.217378], [77.0614895, 28.2170188], [77.0621335, 28.2164643], [77.0634062, 28.2160245], [77.0643795, 28.2163763], [77.0651281, 28.2171899], [77.0658269, 28.2174098], [77.0662402, 28.2171139], [77.066439, 28.2169573], [77.0670247, 28.2165522], [77.0681477, 28.2160025], [77.0687965, 28.2155847], [77.0694204, 28.2153208], [77.0712421, 28.2146831], [77.0729141, 28.2163543], [77.0737876, 28.2175857], [77.0739872, 28.2189491], [77.0741619, 28.2206202], [77.0745861, 28.2219835], [77.075784, 28.2245782], [77.079128, 28.2281402], [77.0815736, 28.2299871], [77.0847179, 28.2278763], [77.0866894, 28.2261173], [77.0862152, 28.2250839], [77.0875379, 28.2241384], [77.0884362, 28.2238306], [77.0915556, 28.223105], [77.0929531, 28.2229071], [77.0926537, 28.2216317], [77.093053, 28.2205323], [77.0941759, 28.2193009], [77.0951242, 28.2195868], [77.0956982, 28.2204004], [77.0960725, 28.2208841], [77.0965467, 28.2217637], [77.096921, 28.223105], [77.0971706, 28.2234128], [77.0979941, 28.2235887], [77.0983684, 28.2242483], [77.0986679, 28.2252378], [77.0990422, 28.2260953], [77.0997409, 28.226733], [77.1009637, 28.2260294], [77.1015377, 28.2258315], [77.1026857, 28.2273486], [77.1064539, 28.2252818], [77.1055805, 28.2234788], [77.1108959, 28.2208181], [77.1142898, 28.2190151], [77.1156124, 28.2200925], [77.1209778, 28.2178936], [77.1235482, 28.2213239], [77.1250704, 28.2206422], [77.1269171, 28.2231929], [77.1290383, 28.2244902], [77.130885, 28.2252378], [77.1324322, 28.2255896], [77.1333306, 28.2256116], [77.1339046, 28.2265791], [77.1356514, 28.2255676], [77.1366996, 28.2251059], [77.1375979, 28.22493], [77.1386211, 28.2252378], [77.1397441, 28.2242923], [77.1416906, 28.2220715], [77.1443109, 28.2205323], [77.1464071, 28.2182454], [77.1473804, 28.2176517], [77.1488278, 28.2167721], [77.1504499, 28.2172339], [77.1518973, 28.2173658], [77.1537939, 28.2168161], [77.1570879, 28.2152109], [77.1591093, 28.2137485], [77.1609934, 28.2131768], [77.1621538, 28.2130008], [77.165111, 28.210219], [77.1652233, 28.2087786], [77.1657474, 28.2075361], [77.1660843, 28.2044792], [77.1687794, 28.2017631], [77.1715479, 28.2005681], [77.1730967, 28.2007075], [77.1796939, 28.2048766], [77.1826439, 28.2060668], [77.1868023, 28.2076015], [77.1892903, 28.2086665], [77.1905313, 28.2088256], [77.1927489, 28.2086796], [77.1958433, 28.2091634], [77.1979645, 28.2099991], [77.1997114, 28.2111426], [77.201009, 28.2116704], [77.2023067, 28.2117804], [77.2028557, 28.2127699], [77.2022568, 28.2135396], [77.2025563, 28.214837], [77.2023566, 28.2156067], [77.2019823, 28.2162004], [77.2024315, 28.2171899], [77.2029306, 28.2178936], [77.2034547, 28.2186852], [77.203804, 28.2192569], [77.2011837, 28.2205983], [77.1990376, 28.2214778], [77.1973656, 28.2226652], [77.1986882, 28.2244682], [77.1996864, 28.2260733], [77.2006846, 28.2277664], [77.2014832, 28.2293495], [77.1988879, 28.2305587], [77.1952943, 28.2326475], [77.1927988, 28.2340106], [77.1911268, 28.2352638], [77.192125, 28.236473], [77.1936223, 28.2373085], [77.1938968, 28.238078], [77.193822, 28.2397049], [77.1942212, 28.2402984], [77.1949699, 28.2413097], [77.1955439, 28.2422331], [77.1962676, 28.2432883], [77.1956936, 28.2441897], [77.1953193, 28.245179], [77.2002354, 28.2487842], [77.2042283, 28.2511584], [77.2056757, 28.2506088], [77.2066988, 28.2501692], [77.2081712, 28.2496416], [77.2092692, 28.2493558], [77.2107166, 28.2524114], [77.2111658, 28.25406], [77.2120891, 28.255313], [77.2126132, 28.2561263], [77.2130374, 28.2569176], [77.2129875, 28.258852], [77.2130125, 28.2598411], [77.2135865, 28.2616216], [77.2157076, 28.2624788], [77.2175044, 28.2635338], [77.2187023, 28.2639514], [77.2202994, 28.2635118], [77.2215721, 28.2647207], [77.2224955, 28.2656219], [77.2233439, 28.2663033], [77.2372327, 28.2700559], [77.2372657, 28.270114], [77.2377691, 28.2709807], [77.2386364, 28.2724759], [77.2387162, 28.2726959], [77.2390852, 28.2737127], [77.2397197, 28.2750704], [77.2408052, 28.277579], [77.241262, 28.2783367], [77.2418683, 28.2793423], [77.2417716, 28.2793791], [77.241405, 28.2795184], [77.2407193, 28.2800244], [77.2373117, 28.2827349], [77.2356024, 28.2837943], [77.2308587, 28.2877249], [77.2283266, 28.2895477], [77.2283244, 28.2895493], [77.2274316, 28.2891481], [77.2270141, 28.2895283], [77.2264427, 28.2891244], [77.223747, 28.2875911], [77.2210849, 28.2898327], [77.2198326, 28.2905577], [77.2181699, 28.2915772], [77.2168579, 28.2924921], [77.2162804, 28.2928947], [77.2139664, 28.2942581], [77.2132375, 28.2950565], [77.2116237, 28.2961582], [77.2081731, 28.2989078], [77.2081392, 28.2988859], [77.2071742, 28.2982607], [77.2051285, 28.2944011], [77.2049717, 28.2935312], [77.2037721, 28.2921442], [77.2008159, 28.2894134], [77.200793, 28.2894325], [77.1959502, 28.2934669], [77.1947396, 28.2939442], [77.1940445, 28.2942014], [77.1916294, 28.296568], [77.1915605, 28.2966356], [77.1915319, 28.2966587], [77.1893924, 28.2985532], [77.1865475, 28.2999814], [77.1833907, 28.3023764], [77.1820431, 28.3035629], [77.1792606, 28.3046614], [77.1767027, 28.3056721], [77.175455, 28.3058479], [77.1733462, 28.3066718], [77.1700522, 28.3075506], [77.1661467, 28.3086821], [77.1664836, 28.3112856], [77.1649364, 28.3116811], [77.1630148, 28.312472], [77.1620041, 28.3130872], [77.1623784, 28.31535], [77.1613428, 28.3155148], [77.1595336, 28.3157784], [77.1580612, 28.3162288], [77.1574124, 28.3165254], [77.1566887, 28.3177007], [77.1559026, 28.3191616], [77.1552912, 28.3211717], [77.1543179, 28.3289043], [77.1521218, 28.3373391], [77.1506245, 28.3439283], [77.1505746, 28.3501218], [77.1516227, 28.3529329], [77.1524213, 28.3557], [77.1519721, 28.3588623], [77.1511735, 28.3629469], [77.1492769, 28.3640888], [77.1506245, 28.369798], [77.1531699, 28.3799421], [77.1507743, 28.3803812], [77.1513732, 28.3838063], [77.1527707, 28.3872313], [77.1535193, 28.3901731], [77.1550665, 28.3919733], [77.1571129, 28.3931588], [77.1622037, 28.394915], [77.1649987, 28.3955297], [77.1690414, 28.3952224], [77.1697402, 28.3953541], [77.1709131, 28.3978347], [77.1727847, 28.4020275], [77.1740891, 28.4046285], [77.1714985, 28.4062365], [77.1711981, 28.4090109], [77.1693957, 28.4112852], [77.1678078, 28.4127384], [77.1656513, 28.4138802], [77.1651685, 28.4144369], [77.1648574, 28.4152862], [77.1655869, 28.4202213], [77.1658552, 28.4256656], [77.164042, 28.4271563], [77.1628404, 28.428515], [77.1617184, 28.4292351], [77.1598529, 28.4302505], [77.1563478, 28.4314326], [77.1527531, 28.4336623], [77.1520402, 28.4341045], [77.1517387, 28.4347895], [77.1510832, 28.4353556], [77.1503171, 28.4357065], [77.1493, 28.4365575], [77.1470362, 28.436749], [77.1434076, 28.4375547], [77.1405987, 28.438483], [77.1379959, 28.4382283], [77.1348481, 28.4391509], [77.1322839, 28.4389245], [77.1306896, 28.4399226], [77.1277292, 28.4428335], [77.1265409, 28.4465841], [77.1253919, 28.4502107], [77.1242593, 28.4510201], [77.1238974, 28.4550376], [77.1234764, 28.4597104], [77.1200235, 28.4627232], [77.116455, 28.4672235], [77.1124725, 28.4731841], [77.1141826, 28.4735236], [77.1150614, 28.4815648], [77.1167211, 28.4850054], [77.1176759, 28.4869846], [77.119507, 28.495139], [77.1124785, 28.4984532], [77.1101397, 28.4993961], [77.1053975, 28.5013384], [77.1037667, 28.5024887], [77.1023081, 28.5031016], [77.1000336, 28.5038653], [77.0976518, 28.5048552], [77.0957528, 28.5070803], [77.0986588, 28.5114068], [77.0981578, 28.5116669], [77.0939182, 28.5138682], [77.0932384, 28.5140471], [77.0925943, 28.5142311], [77.0859574, 28.5161025], [77.0846262, 28.5164992], [77.0840906, 28.5166587], [77.0830606, 28.5169698], [77.0827494, 28.5170898], [77.0804111, 28.5180224], [77.079283, 28.5181781], [77.0791964, 28.5181891], [77.0774387, 28.5184405], [77.075014, 28.5187138], [77.0747744, 28.5188088], [77.0744668, 28.5189307], [77.073365, 28.5195071], [77.0723002, 28.5202589], [77.0722213, 28.5201457], [77.0720942, 28.5193619], [77.0713662, 28.5175938], [77.0709886, 28.5170499], [77.0688651, 28.5145822], [77.067616, 28.5129745], [77.0671624, 28.5119289], [77.0653494, 28.5125045], [77.0645251, 28.5126891], [77.0633996, 28.5126665], [77.0612165, 28.512224], [77.0606606, 28.5122555], [77.0577011, 28.5127924], [77.0575428, 28.5128211], [77.0543531, 28.5143512], [77.0491721, 28.5160453], [77.0462065, 28.5166427], [77.0485082, 28.52092], [77.0446105, 28.5230838], [77.0433705, 28.5241645], [77.0433583, 28.5251547], [77.0431514, 28.5252371], [77.0424046, 28.5256984], [77.0417144, 28.5260711], [77.0356349, 28.5292442], [77.0356102, 28.5292571], [77.034625, 28.529765], [77.0345078, 28.5298263], [77.0340512, 28.5300656], [77.0321199, 28.5310788], [77.0298669, 28.5316849], [77.0297824, 28.5317014], [77.0245904, 28.5327132], [77.0232547, 28.5335616], [77.0219253, 28.5347748], [77.0217025, 28.5349596], [77.0197006, 28.536218], [77.0174236, 28.537688], [77.0162809, 28.5392112], [77.0140944, 28.5399982], [77.0134571, 28.5405156], [77.0128497, 28.5402697], [77.0122093, 28.5400104], [77.0101934, 28.5402687], [77.0096859, 28.539869], [77.007818, 28.5409048], [77.0069243, 28.5402159], [77.0054602, 28.5394958], [77.0045632, 28.5388005], [77.0042991, 28.5378845], [77.0016644, 28.5334918], [77.0013356, 28.530984], [77.0016511, 28.5308084], [77.0050158, 28.5289423], [77.0084757, 28.5270284], [77.0096001, 28.526641], [77.0105771, 28.5257745], [77.0109551, 28.5254602], [77.0146291, 28.5243485], [77.0169637, 28.5210774], [77.0144723, 28.518757], [77.012884, 28.5172777], [77.0125525, 28.5169683], [77.0116413, 28.5161518], [77.0108262, 28.5154209], [77.0105264, 28.5151521], [77.010493, 28.5151221], [77.0100507, 28.5147255], [77.0085304, 28.5151415], [77.0070407, 28.515549], [77.0067845, 28.5156191], [77.0067265, 28.515635], [77.0059192, 28.5158559], [77.0054845, 28.5160513], [77.0034165, 28.5169811], [77.0027227, 28.5172931], [76.9999924, 28.5179713], [76.9990202, 28.5184844], [76.9968081, 28.5197112], [76.9959691, 28.5180316], [76.9953859, 28.5171445], [76.9945276, 28.5176083], [76.9939642, 28.5169726], [76.9916329, 28.5143424], [76.9909463, 28.5135677], [76.9896742, 28.5141417], [76.9890318, 28.5144315], [76.9885078, 28.514668], [76.9834821, 28.5169438], [76.983382, 28.5169891], [76.9832794, 28.5170355], [76.9812139, 28.5191174], [76.9802327, 28.5198029], [76.9783615, 28.5212528], [76.9760102, 28.5189385], [76.9706359, 28.5157991], [76.9620491, 28.5115276], [76.9542983, 28.5057989], [76.9527581, 28.5053165], [76.9454202, 28.5053976], [76.9433253, 28.5053127], [76.9397376, 28.5077838], [76.9357707, 28.5105161], [76.9349626, 28.5110191], [76.9277636, 28.5105102], [76.9275524, 28.5104953], [76.9242611, 28.5078479], [76.922332, 28.5072779], [76.9209019, 28.5069098], [76.9184236, 28.5092347], [76.9159189, 28.5107953], [76.9119085, 28.5121736], [76.9101567, 28.512058], [76.9099794, 28.5120699], [76.9069036, 28.5137629], [76.902943, 28.5089253], [76.9006383, 28.509682], [76.8983531, 28.5090503], [76.8969407, 28.5067536], [76.8927029, 28.5012844], [76.8919497, 28.5008314], [76.8899908, 28.5010163], [76.8854384, 28.5013759], [76.8858949, 28.5025813], [76.8843317, 28.5030928], [76.8828629, 28.5039866], [76.8823207, 28.5044069], [76.8820232, 28.5046375], [76.8819483, 28.5046955], [76.8818812, 28.5047475], [76.8815572, 28.5046509], [76.8742818, 28.4978371], [76.8720159, 28.497905], [76.8641624, 28.5006977], [76.8540494, 28.5012993], [76.8455896, 28.5000258], [76.8248204, 28.5040867], [76.8253864, 28.4987129], [76.8185571, 28.4892097], [76.8140042, 28.4853331], [76.8137197, 28.4787677], [76.8109107, 28.4750582], [76.8065389, 28.4754809], [76.8028, 28.4722018], [76.7971801, 28.4699818], [76.7937654, 28.4647287], [76.7913467, 28.4642284], [76.7836416, 28.4697646], [76.7716917, 28.4773553], [76.7689737, 28.4771106], [76.7648477, 28.4686373], [76.7601526, 28.4595066], [76.7507268, 28.4611952], [76.7409948, 28.4666177], [76.7349497, 28.4700359], [76.7342938, 28.473171], [76.7351475, 28.4787364], [76.7259706, 28.4863335], [76.7212328, 28.4890331], [76.7177542, 28.4914761], [76.7151576, 28.4904914], [76.7124899, 28.490382], [76.7095555, 28.4923983], [76.7050338, 28.4928723], [76.7041667, 28.4877091], [76.7057318, 28.4796118], [76.708933, 28.4704195], [76.7093598, 28.4647912], [76.7070996, 28.4576151], [76.7117074, 28.4557853], [76.7105692, 28.4490616], [76.7123829, 28.4436872], [76.7143395, 28.4385531], [76.7174696, 28.4356756], [76.7112094, 28.4209427], [76.7076169, 28.4103688], [76.7083485, 28.4000694], [76.7147663, 28.3934734], [76.7169716, 28.3938176], [76.7279981, 28.3884981], [76.7309147, 28.3808627], [76.7352693, 28.3748326], [76.7339355, 28.3711703], [76.7326932, 28.3690955], [76.7291735, 28.3649382], [76.7293853, 28.3603005], [76.7265042, 28.3564505], [76.7157267, 28.3541029], [76.7051339, 28.3578926], [76.7022104, 28.3570766], [76.6963415, 28.3597058], [76.6976576, 28.3649954], [76.6830694, 28.3750771], [76.670625, 28.3776706], [76.6692647, 28.3790496], [76.6686023, 28.3777625], [76.6662837, 28.3743625], [76.6642411, 28.3710596], [76.665014, 28.3689224], [76.6630267, 28.364162], [76.6578375, 28.3536204], [76.6606529, 28.3505111], [76.6626954, 28.3474504], [76.6603217, 28.3411828], [76.6641307, 28.339628], [76.6586103, 28.3322911], [76.6557949, 28.3260226], [76.6552429, 28.3222322], [76.6510198, 28.3070693]]]}, "properties": {"name": "Gurugram"}}, {"type": "Feature", "geometry": {"type": "Polygon", "coordinates": [[[77.2928863, 28.5761741], [77.2939098, 28.5742182], [77.2960797, 28.5695146], [77.297364, 28.5599651], [77.2998047, 28.5563488], [77.3040962, 28.5516557], [77.3140752, 28.5445728], [77.3214394, 28.5397619], [77.3228426, 28.5373381], [77.3247015, 28.5355704], [77.3369151, 28.5237449], [77.3453379, 28.5134531], [77.3458957, 28.5118787], [77.3473539, 28.5088175], [77.3473175, 28.5065031], [77.3477634, 28.5040744], [77.3495226, 28.5020564], [77.3508666, 28.5007625], [77.3518325, 28.4999789], [77.3521488, 28.4997803], [77.3528229, 28.4994406], [77.3546435, 28.499013], [77.356721, 28.4998422], [77.3579512, 28.5012728], [77.3607147, 28.4998085], [77.3622292, 28.4987116], [77.3645756, 28.4984754], [77.3656964, 28.4991588], [77.3671361, 28.5005256], [77.3688765, 28.4998969], [77.3701488, 28.4991957], [77.3717558, 28.4981747], [77.3706738, 28.4957096], [77.3700975, 28.4925435], [77.3703708, 28.4901744], [77.3709904, 28.4884978], [77.3702254, 28.4852171], [77.3709071, 28.4843318], [77.3730306, 28.480693], [77.3745123, 28.4762315], [77.3798847, 28.4705022], [77.3846636, 28.4685955], [77.387302, 28.4679448], [77.3893602, 28.4705654], [77.3915128, 28.4721626], [77.3948578, 28.4705426], [77.4070533, 28.4647772], [77.4034838, 28.4620001], [77.4014245, 28.4583917], [77.4001863, 28.4559149], [77.4137813, 28.452411], [77.4154388, 28.4532525], [77.4202499, 28.452232], [77.4231294, 28.4526896], [77.4280498, 28.4539086], [77.4311661, 28.454428], [77.4325876, 28.4550567], [77.4335303, 28.4548548], [77.4354579, 28.4482409], [77.4372977, 28.4422149], [77.4382917, 28.4387462], [77.4382097, 28.4379261], [77.4361413, 28.4380173], [77.4363144, 28.4366049], [77.4378907, 28.4349192], [77.4360796, 28.431679], [77.4421005, 28.4307459], [77.4405879, 28.4296889], [77.441736, 28.4285043], [77.4445243, 28.4279029], [77.4522464, 28.4267893], [77.4516681, 28.4246955], [77.4623768, 28.4243918], [77.4619282, 28.4235292], [77.4611381, 28.417567], [77.4621834, 28.4160482], [77.4628212, 28.4161393], [77.4635137, 28.4151188], [77.4653391, 28.4156472], [77.4662655, 28.4153284], [77.4665389, 28.4162031], [77.4701473, 28.417333], [77.4726986, 28.4169139], [77.4752626, 28.4192705], [77.4778196, 28.4179709], [77.4786032, 28.4171143], [77.4795873, 28.4151097], [77.4806078, 28.4140163], [77.4813368, 28.4121756], [77.483881, 28.4089254], [77.4832594, 28.4062346], [77.4819655, 28.4062346], [77.4819018, 28.4048678], [77.4811819, 28.4049042], [77.4806625, 28.4015966], [77.481437, 28.4006672], [77.4840188, 28.4026126], [77.4867654, 28.4088222], [77.4913788, 28.4113512], [77.493782, 28.4118042], [77.4940453, 28.4122341], [77.4944036, 28.4129563], [77.4953747, 28.4140042], [77.4974585, 28.4145936], [77.4996122, 28.4150053], [77.5015711, 28.4151411], [77.5027074, 28.4152786], [77.5040209, 28.4150861], [77.5048653, 28.4150861], [77.5056367, 28.415352], [77.5061372, 28.4161223], [77.5063277, 28.4171364], [77.5064477, 28.4178809], [77.5065172, 28.4193246], [77.5064445, 28.419887], [77.506135, 28.4204256], [77.505741, 28.4210273], [77.5047216, 28.42172], [77.5029954, 28.4230117], [77.5012978, 28.4242535], [77.4995557, 28.4251752], [77.4973896, 28.4261014], [77.4965069, 28.4262137], [77.4959696, 28.4262705], [77.4951853, 28.4266189], [77.4946173, 28.4271868], [77.494492, 28.4284696], [77.4946347, 28.4293077], [77.494979, 28.4299206], [77.4958313, 28.4303038], [77.4961036, 28.4306304], [77.496277, 28.4311749], [77.4957881, 28.4316535], [77.4946095, 28.4320454], [77.4927984, 28.4326118], [77.4924444, 28.433225], [77.4927049, 28.4335954], [77.4930481, 28.4337289], [77.4938039, 28.4335897], [77.4947562, 28.4332908], [77.4954481, 28.4335317], [77.4963049, 28.4343331], [77.4968451, 28.4349709], [77.4974015, 28.4359473], [77.4981325, 28.4374455], [77.4984255, 28.4385016], [77.4990245, 28.4396396], [77.4995546, 28.4411024], [77.4996853, 28.4426464], [77.499698, 28.4431044], [77.4995237, 28.4435503], [77.4990165, 28.4442471], [77.4982144, 28.4448759], [77.4951665, 28.4466141], [77.4939487, 28.4468446], [77.4930937, 28.4468373], [77.4922585, 28.4462712], [77.4917255, 28.4461014], [77.4910766, 28.4461965], [77.4902053, 28.4467346], [77.4897297, 28.4472723], [77.4890219, 28.448757], [77.4881129, 28.4500174], [77.4880617, 28.4513426], [77.4882203, 28.4525127], [77.4884776, 28.4536299], [77.488876, 28.4553767], [77.4886957, 28.456157], [77.4882996, 28.4568029], [77.4877604, 28.4573747], [77.4869997, 28.4578567], [77.4859989, 28.458315], [77.4847907, 28.458808], [77.4836535, 28.4596605], [77.4831008, 28.4599162], [77.482304, 28.4599148], [77.48134, 28.4595274], [77.4798466, 28.4590631], [77.4787727, 28.4590756], [77.4780059, 28.4592693], [77.4774264, 28.4594668], [77.4768536, 28.459922], [77.4764647, 28.4606328], [77.4769968, 28.4609874], [77.4786542, 28.4613591], [77.4796077, 28.4616169], [77.4801585, 28.4620527], [77.4803788, 28.4627597], [77.480604, 28.4637979], [77.4803788, 28.4644352], [77.4800183, 28.4649487], [77.4795187, 28.4659818], [77.4788166, 28.4666087], [77.4776294, 28.4669767], [77.476572, 28.4671337], [77.475826, 28.4671517], [77.4751926, 28.4670235], [77.4737452, 28.4658722], [77.4729274, 28.4654857], [77.4712635, 28.4650996], [77.470542, 28.4649279], [77.4697268, 28.4649532], [77.4690459, 28.4650797], [77.4683649, 28.4652905], [77.4676922, 28.4658069], [77.4669627, 28.4667803], [77.4661188, 28.4676166], [77.4656125, 28.4680336], [77.4653395, 28.4685293], [77.4651461, 28.4699256], [77.4654312, 28.4708449], [77.4671529, 28.4725232], [77.4675745, 28.4728514], [77.4682271, 28.4734533], [77.4689561, 28.4744007], [77.4710794, 28.4764556], [77.4726102, 28.4772492], [77.4731762, 28.4777268], [77.473758, 28.4785333], [77.4740094, 28.4794404], [77.4741324, 28.4801033], [77.4741324, 28.4805777], [77.4739213, 28.4809665], [77.4737588, 28.4813497], [77.4736973, 28.4819289], [77.4731794, 28.4827381], [77.472559, 28.4833403], [77.4718344, 28.4837862], [77.4710086, 28.4840783], [77.4699381, 28.4842622], [77.4688579, 28.4843514], [77.4681073, 28.4841463], [77.4673102, 28.4838768], [77.4666669, 28.4839056], [77.4660279, 28.4840304], [77.4656729, 28.4844093], [77.4656354, 28.4850444], [77.465891, 28.485702], [77.4663322, 28.4862013], [77.4670524, 28.4867273], [77.4675928, 28.4867902], [77.4684978, 28.4865579], [77.469152, 28.4864331], [77.4695527, 28.4865133], [77.4697707, 28.4866648], [77.4699503, 28.4868594], [77.4700101, 28.4871567], [77.469989, 28.4883044], [77.4701962, 28.4894349], [77.4703947, 28.4898327], [77.4709221, 28.4902294], [77.4716068, 28.4904567], [77.4722255, 28.4904612], [77.4727378, 28.4902205], [77.4733567, 28.4898323], [77.4745939, 28.4889858], [77.4749879, 28.4887978], [77.4754159, 28.488749], [77.4758517, 28.4888256], [77.4772481, 28.4893978], [77.4778803, 28.4896614], [77.4784891, 28.4900547], [77.4788471, 28.4905041], [77.479069, 28.4910125], [77.47916, 28.4915053], [77.479069, 28.4919736], [77.4788392, 28.4924194], [77.4784271, 28.4928512], [77.4776901, 28.493081], [77.4768147, 28.4931232], [77.4738006, 28.4928024], [77.4713945, 28.4928691], [77.4701915, 28.4927022], [77.4678741, 28.4923015], [77.4670383, 28.4920122], [77.466161, 28.491693], [77.4655045, 28.4917143], [77.4645887, 28.4919708], [77.4637702, 28.4924195], [77.4632515, 28.4928967], [77.4631542, 28.4937016], [77.4634784, 28.4962088], [77.4633406, 28.4969638], [77.4629354, 28.4980037], [77.4617035, 28.4995066], [77.4602122, 28.5005393], [77.458956, 28.5012089], [77.4574567, 28.5016647], [77.4557142, 28.5017644], [77.4538826, 28.5018783], [77.4521401, 28.5012658], [77.4500572, 28.5002616], [77.4493521, 28.5002545], [77.4488415, 28.5004468], [77.4484849, 28.5007958], [77.4478528, 28.5021846], [77.4476988, 28.5029823], [77.4477069, 28.5036162], [77.4479257, 28.5043996], [77.4481364, 28.5048483], [77.4490279, 28.505646], [77.449263, 28.5057101], [77.4496115, 28.5057528], [77.4496925, 28.5061018], [77.449417, 28.5065932], [77.4489793, 28.5068282], [77.4482823, 28.506814], [77.4470585, 28.5062941], [77.4466128, 28.5058312], [77.4460536, 28.5045705], [77.4454943, 28.5040364], [77.4444407, 28.503082], [77.4433953, 28.5025906], [77.4423173, 28.5023769], [77.4413934, 28.5022701], [77.4404614, 28.5018214], [77.4399184, 28.5015436], [77.4392862, 28.5011519], [77.4386541, 28.5010806], [77.4378355, 28.5013299], [77.4369035, 28.5017074], [77.4360525, 28.5018855], [77.4355419, 28.5018427], [77.4350719, 28.5016718], [77.4348449, 28.5017573], [77.4345856, 28.5021775], [77.4344964, 28.5033242], [77.4348958, 28.5041859], [77.4356285, 28.5048468], [77.4362509, 28.5057129], [77.4368863, 28.5070404], [77.4379107, 28.5084705], [77.4381053, 28.5092624], [77.4380455, 28.5105668], [77.4374666, 28.5116877], [77.4368993, 28.51235], [77.4363482, 28.5126705], [77.4355864, 28.512998], [77.4347192, 28.5134609], [77.4340789, 28.5142657], [77.4337547, 28.5152128], [77.4335018, 28.5170765], [77.4331442, 28.5205016], [77.4329912, 28.5219022], [77.4331914, 28.5238919], [77.4330271, 28.5247638], [77.4328786, 28.5260794], [77.4329573, 28.5290526], [77.4332351, 28.5302715], [77.4339151, 28.5313881], [77.4344568, 28.5336297], [77.4344581, 28.5341141], [77.4344601, 28.5348747], [77.4342306, 28.5357081], [77.4342872, 28.5362344], [77.4341334, 28.5365757], [77.4336639, 28.5369385], [77.4328309, 28.5371309], [77.430361, 28.5373225], [77.4292227, 28.5375878], [77.4270499, 28.5383253], [77.4249278, 28.5392863], [77.4242489, 28.5397832], [77.4236903, 28.5404374], [77.42337, 28.541281], [77.422825, 28.5423589], [77.4224581, 28.5426862], [77.4214778, 28.5443532], [77.421151, 28.5461107], [77.4204113, 28.5481206], [77.4197636, 28.5495754], [77.4188791, 28.5511901], [77.418854, 28.5515945], [77.418942, 28.5519554], [77.4191622, 28.5521971], [77.4194381, 28.5523951], [77.4206885, 28.5530576], [77.4213269, 28.5532639], [77.4218039, 28.5532639], [77.4223102, 28.5531704], [77.4227529, 28.5530506], [77.4236898, 28.5523969], [77.4245701, 28.5515432], [77.4251097, 28.5510176], [77.4256051, 28.5508049], [77.426082, 28.5507114], [77.4269222, 28.55085], [77.42722, 28.550732], [77.4275387, 28.5509241], [77.4278028, 28.5515429], [77.4279197, 28.5522058], [77.4279753, 28.5529384], [77.4278835, 28.5536732], [77.4274553, 28.5551408], [77.4264104, 28.557241], [77.4251558, 28.5592048], [77.4238299, 28.5602457], [77.4223946, 28.5612126], [77.4203871, 28.5622749], [77.4183614, 28.5631048], [77.4166784, 28.5639303], [77.416116, 28.564244], [77.4160555, 28.5645744], [77.4161801, 28.5648444], [77.416468, 28.56507], [77.418563, 28.56595], [77.4200479, 28.5666659], [77.4211574, 28.5676956], [77.4221756, 28.5684447], [77.4227639, 28.5694135], [77.4230752, 28.570425], [77.4230907, 28.5710162], [77.4229001, 28.5725369], [77.4224098, 28.5729675], [77.421701, 28.5733939], [77.4207872, 28.5739824], [77.4189138, 28.5762463], [77.4170799, 28.5773722], [77.4150049, 28.5786468], [77.4127514, 28.581159], [77.4123413, 28.5823046], [77.412665, 28.5837272], [77.4136501, 28.5845125], [77.414631, 28.5853043], [77.4154287, 28.5871864], [77.4156752, 28.5898506], [77.4160401, 28.5909543], [77.4166745, 28.5920602], [77.4172531, 28.592912], [77.4186971, 28.5942887], [77.4192529, 28.594622], [77.4206968, 28.5950772], [77.4210081, 28.5951712], [77.4216988, 28.595594], [77.4229473, 28.5965673], [77.4235127, 28.5972787], [77.4238584, 28.5985322], [77.4239947, 28.6010313], [77.4243204, 28.6034346], [77.4240773, 28.6048342], [77.4234349, 28.605997], [77.4218835, 28.6066157], [77.420069, 28.6071087], [77.4179069, 28.6080054], [77.4161831, 28.6085041], [77.4155074, 28.609378], [77.4146874, 28.609657], [77.4138052, 28.6094484], [77.4126928, 28.6075579], [77.4120779, 28.6069408], [77.4113698, 28.6064442], [77.4106071, 28.6060855], [77.4099884, 28.606024], [77.4093366, 28.6060431], [77.4087744, 28.6064716], [77.4062373, 28.6076296], [77.4046841, 28.6083266], [77.4043935, 28.6091023], [77.4043935, 28.6097161], [77.404552, 28.6109743], [77.4048555, 28.613304], [77.4049267, 28.6151608], [77.4050335, 28.6162472], [77.4054498, 28.6177877], [77.4072903, 28.6200968], [77.408555, 28.6221154], [77.4091993, 28.623589], [77.4092203, 28.6244559], [77.409007, 28.6252585], [77.4083208, 28.6259508], [77.4063098, 28.6270987], [77.4044926, 28.627594], [77.4033765, 28.6279271], [77.4024848, 28.6283044], [77.4015198, 28.6288133], [77.4008919, 28.6293186], [77.4002979, 28.6298755], [77.3999205, 28.6308079], [77.3992562, 28.6317084], [77.3989166, 28.6320955], [77.3979516, 28.6329151], [77.3963176, 28.6340435], [77.3949354, 28.6350095], [77.3943573, 28.6354703], [77.3920211, 28.6347462], [77.3910737, 28.6343133], [77.3817511, 28.6323333], [77.3626967, 28.6322461], [77.3551594, 28.6323502], [77.3511276, 28.6324059], [77.3341678, 28.63248], [77.3304796, 28.6315684], [77.3312417, 28.6313165], [77.3322902, 28.6299179], [77.3337696, 28.6288811], [77.33443, 28.6277275], [77.336511, 28.6263181], [77.3386036, 28.6249339], [77.3395999, 28.624098], [77.3404229, 28.6236487], [77.3401657, 28.6220337], [77.3403164, 28.6218056], [77.3410433, 28.6212264], [77.3414331, 28.6207682], [77.3416803, 28.6201852], [77.3419372, 28.6193425], [77.342008, 28.6187598], [77.3418543, 28.6170951], [77.3417203, 28.6157252], [77.3415287, 28.6137665], [77.3416608, 28.613724], [77.3416914, 28.6136261], [77.3417627, 28.6136069], [77.3420594, 28.6101623], [77.3412222, 28.6051404], [77.3407915, 28.6052157], [77.3402922, 28.6046086], [77.3395778, 28.6041325], [77.3386991, 28.6029897], [77.3384233, 28.6032323], [77.3376421, 28.6024417], [77.3367463, 28.6018012], [77.3356036, 28.6016928], [77.3347131, 28.6019424], [77.3336188, 28.6014856], [77.3316769, 28.6011371], [77.3297187, 28.6004141], [77.3281611, 28.5993706], [77.3271159, 28.5986704], [77.3267274, 28.5987077], [77.3264387, 28.5983634], [77.3258952, 28.5981814], [77.3249496, 28.5979038], [77.3244672, 28.5978722], [77.3225959, 28.5975281], [77.3218904, 28.5976426], [77.3212323, 28.5976895], [77.3201253, 28.5975835], [77.3194945, 28.5974307], [77.3171201, 28.5968503], [77.314928, 28.596967], [77.3141858, 28.5967547], [77.313382, 28.5965248], [77.3131816, 28.5963398], [77.3134894, 28.5958149], [77.3126578, 28.5951813], [77.311977, 28.5938047], [77.3113247, 28.5931229], [77.3111321, 28.5926253], [77.3111384, 28.5919458], [77.3101587, 28.5907418], [77.3088577, 28.5893282], [77.3044219, 28.5857974], [77.3038179, 28.5855769], [77.3029131, 28.5853121], [77.3010198, 28.5838592], [77.2991347, 28.5831423], [77.2948372, 28.5815446], [77.2928863, 28.5761741]]]}, "properties": {"name": "Noida"}}, {"type": "Feature", "geometry": {"type": "Polygon", "coordinates": [[[77.1492769, 28.3640888], [77.1511735, 28.3629469], [77.1519721, 28.3588623], [77.1524213, 28.3557], [77.1516227, 28.3529329], [77.1505746, 28.3501218], [77.1506245, 28.3439283], [77.1521218, 28.3373391], [77.1543179, 28.3289043], [77.1552912, 28.3211717], [77.1559026, 28.3191616], [77.1566887, 28.3177007], [77.1574124, 28.3165254], [77.1580612, 28.3162288], [77.1595336, 28.3157784], [77.1613428, 28.3155148], [77.1623784, 28.31535], [77.1620041, 28.3130872], [77.1630148, 28.312472], [77.1649364, 28.3116811], [77.1664836, 28.3112856], [77.1661467, 28.3086821], [77.1700522, 28.3075506], [77.1733462, 28.3066718], [77.175455, 28.3058479], [77.1767027, 28.3056721], [77.1792606, 28.3046614], [77.1820431, 28.3035629], [77.1833907, 28.3023764], [77.1865475, 28.2999814], [77.1893924, 28.2985532], [77.1915319, 28.2966587], [77.1915605, 28.2966356], [77.1916294, 28.296568], [77.1940445, 28.2942014], [77.1947396, 28.2939442], [77.1959502, 28.2934669], [77.200793, 28.2894325], [77.2008159, 28.2894134], [77.2037721, 28.2921442], [77.2049717, 28.2935312], [77.2051285, 28.2944011], [77.2071742, 28.2982607], [77.2081392, 28.2988859], [77.2081731, 28.2989078], [77.2116237, 28.2961582], [77.2132375, 28.2950565], [77.2139664, 28.2942581], [77.2162804, 28.2928947], [77.2168579, 28.2924921], [77.2181699, 28.2915772], [77.2198326, 28.2905577], [77.2210849, 28.2898327], [77.223747, 28.2875911], [77.2264427, 28.2891244], [77.2270141, 28.2895283], [77.2274316, 28.2891481], [77.2283244, 28.2895493], [77.2283266, 28.2895477], [77.2308587, 28.2877249], [77.2356024, 28.2837943], [77.2373117, 28.2827349], [77.2407193, 28.2800244], [77.241405, 28.2795184], [77.2417716, 28.2793791], [77.2418683, 28.2793423], [77.241262, 28.2783367], [77.2408052, 28.277579], [77.2397197, 28.2750704], [77.2390852, 28.2737127], [77.2387162, 28.2726959], [77.2386364, 28.2724759], [77.2377691, 28.2709807], [77.2372657, 28.270114], [77.2372327, 28.2700559], [77.2372646, 28.2700248], [77.2384309, 28.2688878], [77.238654, 28.2686703], [77.2400409, 28.2676452], [77.2411039, 28.2671376], [77.2416738, 28.2668302], [77.2437326, 28.2650135], [77.2452552, 28.2634029], [77.2457666, 28.2629343], [77.2461064, 28.2625726], [77.2463978, 28.2624145], [77.2474569, 28.261793], [77.2489971, 28.2613489], [77.2500642, 28.2607961], [77.2501517, 28.2607504], [77.2502006, 28.2607188], [77.2513282, 28.2601304], [77.2526148, 28.2595227], [77.2534406, 28.2591421], [77.2534491, 28.2591382], [77.2543615, 28.2586583], [77.2549696, 28.2583475], [77.2552437, 28.2581411], [77.2552474, 28.2581411], [77.2556273, 28.2581386], [77.2560321, 28.2585861], [77.2564741, 28.2592271], [77.2564757, 28.2592293], [77.2568865, 28.2598032], [77.2570241, 28.2601452], [77.2570778, 28.2605317], [77.2570388, 28.260889], [77.2568662, 28.261198], [77.2567146, 28.2614892], [77.2564245, 28.2619523], [77.2563281, 28.2625656], [77.2562203, 28.2632246], [77.2561502, 28.2640586], [77.2561086, 28.2650033], [77.2561311, 28.2658665], [77.2560957, 28.2665359], [77.2560552, 28.2674347], [77.2560963, 28.2679218], [77.2561016, 28.2681514], [77.2562071, 28.2685387], [77.2563891, 28.2692211], [77.2567156, 28.2704015], [77.2570662, 28.2719037], [77.2571302, 28.2723447], [77.2571498, 28.2723457], [77.2578964, 28.2723402], [77.2582514, 28.272287], [77.2582812, 28.2722826], [77.2584494, 28.2722361], [77.2589384, 28.2721011], [77.2592575, 28.2720208], [77.2593137, 28.2720066], [77.259316, 28.2720066], [77.2593289, 28.2720035], [77.2597823, 28.2720005], [77.2598947, 28.2719917], [77.2599881, 28.2719815], [77.2602181, 28.2718937], [77.260429, 28.2717321], [77.2604387, 28.2717277], [77.2604782, 28.2717098], [77.2605652, 28.2716702], [77.2607629, 28.2716369], [77.2607704, 28.2716372], [77.2607735, 28.2716367], [77.2609702, 28.2716457], [77.2611254, 28.2716523], [77.2613246, 28.27161], [77.2613689, 28.2715998], [77.2616635, 28.2715206], [77.2619294, 28.2713908], [77.2621387, 28.2713026], [77.2624108, 28.271188], [77.2626932, 28.2710735], [77.2628568, 28.271018], [77.2630369, 28.2709541], [77.2635032, 28.2708336], [77.2637832, 28.2708199], [77.2641483, 28.2707372], [77.2644364, 28.2706577], [77.2648196, 28.2705502], [77.2651537, 28.2704458], [77.265519, 28.2703328], [77.2656901, 28.2702886], [77.2658527, 28.2702467], [77.2660779, 28.270189], [77.2664574, 28.2700919], [77.2669576, 28.269972], [77.267595, 28.2697443], [77.268182, 28.2694515], [77.2686125, 28.2692018], [77.2690309, 28.2690346], [77.2690437, 28.2690343], [77.2694251, 28.269023], [77.2699963, 28.2689778], [77.2700021, 28.2689756], [77.2703203, 28.2688548], [77.2708043, 28.2685327], [77.2712376, 28.2681546], [77.2712505, 28.2681492], [77.2712877, 28.2681335], [77.2714469, 28.2680664], [77.2717829, 28.2678703], [77.2722467, 28.2675203], [77.2727229, 28.2670787], [77.2730195, 28.26679], [77.2732301, 28.2666376], [77.27324, 28.266637], [77.273244, 28.266634], [77.2733508, 28.2666232], [77.2738209, 28.2669267], [77.2744993, 28.2671996], [77.2751326, 28.2675049], [77.27567, 28.2678446], [77.2756749, 28.2678477], [77.2757034, 28.2678591], [77.2758073, 28.2679008], [77.2763225, 28.2681076], [77.277539, 28.2687595], [77.2781889, 28.2691277], [77.278978, 28.2695702], [77.2793116, 28.2696819], [77.2795165, 28.2697074], [77.2795492, 28.2697104], [77.2796899, 28.2696686], [77.2796963, 28.2696663], [77.2805174, 28.2690477], [77.2809798, 28.2687619], [77.2816124, 28.2682771], [77.2821496, 28.2678916], [77.2824652, 28.2676767], [77.282643, 28.2676069], [77.2827822, 28.2675486], [77.2835422, 28.2673465], [77.283916, 28.2671744], [77.2842105, 28.2670365], [77.2848086, 28.2667071], [77.2853961, 28.2663867], [77.2858038, 28.2661987], [77.2858669, 28.2661682], [77.286109, 28.2660225], [77.2862479, 28.2658321], [77.2862505, 28.2657128], [77.2862343, 28.2655015], [77.2860851, 28.2652144], [77.2860873, 28.2651134], [77.2861749, 28.2650971], [77.2863673, 28.265057], [77.2871264, 28.2648097], [77.2879635, 28.2645916], [77.2880168, 28.2645773], [77.2893841, 28.2641508], [77.2894311, 28.2641372], [77.2904382, 28.2638429], [77.2914392, 28.2634742], [77.2917553, 28.2633638], [77.2927156, 28.2630235], [77.2933842, 28.262787], [77.2933843, 28.262787], [77.2933963, 28.2627827], [77.2937687, 28.2627093], [77.2937718, 28.2627087], [77.2942952, 28.2626412], [77.2948344, 28.2625961], [77.295464, 28.2627299], [77.2958591, 28.2628586], [77.2963257, 28.2629951], [77.2966147, 28.2629271], [77.2968322, 28.2628512], [77.2969595, 28.2628491], [77.2971545, 28.2629135], [77.2974806, 28.2631516], [77.2977418, 28.2633567], [77.2978172, 28.263358], [77.2979322, 28.2633561], [77.2981005, 28.2632894], [77.2985451, 28.2628655], [77.2991254, 28.2623981], [77.2996319, 28.2619845], [77.2999279, 28.2617233], [77.2999285, 28.2617232], [77.2999364, 28.2617163], [77.2999923, 28.2617108], [77.3000643, 28.2617412], [77.300283, 28.2621977], [77.3004042, 28.2623851], [77.3004966, 28.2624151], [77.3006044, 28.2624539], [77.3007671, 28.2624376], [77.300916, 28.2623963], [77.3009606, 28.2623834], [77.301244, 28.2622229], [77.3019607, 28.2616851], [77.3021291, 28.2615587], [77.302176, 28.2615091], [77.3029991, 28.2606373], [77.3033151, 28.260404], [77.3038398, 28.26011], [77.3042094, 28.259795], [77.3048931, 28.2592034], [77.3048964, 28.2592005], [77.3053624, 28.2587314], [77.3059627, 28.2582919], [77.3065228, 28.2577965], [77.3070188, 28.2573919], [77.3072957, 28.2570478], [77.3076328, 28.2566006], [77.307638, 28.2565934], [77.3079058, 28.2561586], [77.3080588, 28.255794], [77.3083188, 28.2552752], [77.3083238, 28.2552733], [77.3084547, 28.2552225], [77.3084649, 28.2552217], [77.3084916, 28.2552198], [77.3085585, 28.2552151], [77.3085629, 28.2552186], [77.3085655, 28.2552186], [77.3089903, 28.2555453], [77.3097089, 28.256264], [77.3103712, 28.2569701], [77.3111646, 28.2576108], [77.3117642, 28.2580067], [77.3124497, 28.2586041], [77.312851, 28.2587868], [77.3130066, 28.2589105], [77.3130092, 28.2590323], [77.3130078, 28.2592037], [77.3130056, 28.2593391], [77.3130169, 28.2593886], [77.3131027, 28.2594164], [77.3132281, 28.2593558], [77.3132378, 28.2593511], [77.3133586, 28.2592926], [77.3134578, 28.2592446], [77.3134605, 28.2592443], [77.3134672, 28.2592411], [77.3136501, 28.2592154], [77.3137579, 28.2592542], [77.3141123, 28.2596226], [77.314369, 28.259837], [77.3144136, 28.2598328], [77.3145343, 28.259814], [77.3146592, 28.2597497], [77.3149219, 28.2596089], [77.314937, 28.2596069], [77.3149425, 28.2596041], [77.315166, 28.2595732], [77.3154434, 28.2596768], [77.3157392, 28.2599244], [77.3160884, 28.2602884], [77.3162185, 28.2604125], [77.3163663, 28.2604145], [77.3164151, 28.2603889], [77.3165761, 28.2602977], [77.3168379, 28.2601736], [77.3168452, 28.2601743], [77.3170655, 28.2601958], [77.3172174, 28.2603636], [77.3174217, 28.2605047], [77.3177201, 28.2606107], [77.3178994, 28.2605778], [77.317949, 28.2605687], [77.3183976, 28.2604385], [77.3188387, 28.2601706], [77.3191334, 28.2599645], [77.3191361, 28.2599656], [77.3192259, 28.2600028], [77.3193975, 28.2602168], [77.3195291, 28.2603658], [77.31957, 28.2603511], [77.3196753, 28.2603132], [77.3199812, 28.2600705], [77.3200561, 28.2600256], [77.3201597, 28.2599634], [77.3202536, 28.2599375], [77.3204284, 28.2600046], [77.3205187, 28.2601438], [77.3207756, 28.2602491], [77.3207836, 28.2602485], [77.3208526, 28.2602435], [77.3212843, 28.2602118], [77.3220156, 28.2602863], [77.3220394, 28.2602888], [77.3223738, 28.2601659], [77.3235918, 28.2594429], [77.3242376, 28.2590792], [77.3245886, 28.2588814], [77.3252808, 28.2584133], [77.3257141, 28.2581202], [77.3264374, 28.257602], [77.3268502, 28.2573045], [77.327369, 28.2568446], [77.3280176, 28.2560845], [77.3284724, 28.2551743], [77.3288917, 28.2544746], [77.3292028, 28.2540989], [77.3292264, 28.2540694], [77.329616, 28.2536883], [77.3297722, 28.2535348], [77.3303815, 28.252673], [77.3307671, 28.252092], [77.3310807, 28.2514823], [77.3311276, 28.2513564], [77.3313997, 28.2506249], [77.3317004, 28.2501343], [77.3317325, 28.2500889], [77.3317948, 28.2500808], [77.331799, 28.2500787], [77.3359123, 28.2480295], [77.3359273, 28.248022], [77.3410251, 28.2454716], [77.3410269, 28.2454698], [77.341438, 28.2450654], [77.341604, 28.2435996], [77.3416186, 28.2424249], [77.3421938, 28.2412138], [77.3422053, 28.2412073], [77.3422081, 28.2412013], [77.3443234, 28.2400098], [77.3442853, 28.2388806], [77.3446618, 28.2377487], [77.3447712, 28.2355292], [77.3449055, 28.2350633], [77.3449123, 28.2350616], [77.344915, 28.2350525], [77.3450557, 28.2350132], [77.3456742, 28.2348406], [77.3469834, 28.2349085], [77.3490108, 28.2353329], [77.3505647, 28.2349452], [77.3515989, 28.2348822], [77.3528724, 28.2352028], [77.3546197, 28.2359069], [77.3547351, 28.2359241], [77.3553176, 28.2360107], [77.3580993, 28.2350276], [77.3595716, 28.234563], [77.3609624, 28.2341571], [77.363469, 28.2331512], [77.3648598, 28.2324475], [77.3663522, 28.2353441], [77.367264, 28.2364225], [77.3679212, 28.2369233], [77.3701475, 28.2365173], [77.372873, 28.2357774], [77.3733792, 28.2355067], [77.3734, 28.2354078], [77.3735154, 28.2348498], [77.3735432, 28.2335285], [77.3735503, 28.2335287], [77.3740921, 28.2335467], [77.3740854, 28.23353], [77.3738165, 28.2328538], [77.3737354, 28.2322742], [77.3739411, 28.2308732], [77.3741958, 28.2296015], [77.3746136, 28.2284611], [77.3750885, 28.2270737], [77.3751946, 28.2264605], [77.375201, 28.2264521], [77.3752011, 28.2264518], [77.375245, 28.2263945], [77.3757275, 28.2257625], [77.3761274, 28.2252649], [77.3761425, 28.2252461], [77.3765573, 28.2247389], [77.3776758, 28.2232979], [77.3781546, 28.2228418], [77.378765, 28.2222603], [77.3792361, 28.2218898], [77.3793024, 28.2218377], [77.3797995, 28.2213594], [77.3798015, 28.2213581], [77.3803359, 28.2209827], [77.3817634, 28.2206115], [77.384098, 28.2194842], [77.3866401, 28.2183419], [77.3899553, 28.2169001], [77.3899554, 28.2169001], [77.3917227, 28.2161306], [77.3936313, 28.2155468], [77.3954249, 28.2150071], [77.3956373, 28.2152584], [77.3960558, 28.2150633], [77.3962569, 28.2153604], [77.3969974, 28.2151338], [77.3992786, 28.2140696], [77.4011623, 28.2131825], [77.402197, 28.2127588], [77.4031323, 28.2121316], [77.4039533, 28.2117399], [77.4039696, 28.2117322], [77.404859, 28.2113153], [77.4055049, 28.2111514], [77.4058378, 28.2115882], [77.4067312, 28.2134753], [77.4076093, 28.2146003], [77.4082682, 28.2143081], [77.4082741, 28.214299], [77.4087074, 28.2136177], [77.4087571, 28.2135486], [77.4092702, 28.2128309], [77.4099427, 28.2122215], [77.4104097, 28.2109835], [77.4104172, 28.2109765], [77.4104207, 28.2109673], [77.4109739, 28.21045], [77.4114616, 28.209229], [77.4114712, 28.2092197], [77.4114743, 28.209212], [77.412364, 28.2083559], [77.4124152, 28.2083067], [77.4140684, 28.2069399], [77.4140637, 28.2069341], [77.4131895, 28.2058517], [77.4134887, 28.2055114], [77.4136668, 28.2053083], [77.413408, 28.2048088], [77.4118004, 28.2030046], [77.4118041, 28.2029979], [77.4118083, 28.2029903], [77.4158042, 28.2004279], [77.4158092, 28.2004326], [77.41776, 28.2023002], [77.4190723, 28.2044786], [77.4198223, 28.2052893], [77.4212168, 28.2060004], [77.4237206, 28.2071883], [77.4237311, 28.2071772], [77.4240473, 28.2068429], [77.4249238, 28.2059096], [77.4271504, 28.2079887], [77.4308088, 28.2108566], [77.4323987, 28.2123043], [77.4330355, 28.2126469], [77.4342281, 28.2138826], [77.4349461, 28.2136341], [77.4371507, 28.2123112], [77.4388004, 28.2114487], [77.4404095, 28.2107757], [77.442411, 28.2097484], [77.4427221, 28.2094425], [77.4430991, 28.209069], [77.442106, 28.2075218], [77.442125, 28.207518], [77.4421188, 28.2075084], [77.4453845, 28.2068786], [77.4473236, 28.2070229], [77.4490351, 28.2073739], [77.4495843, 28.2072441], [77.4496776, 28.206652], [77.4496904, 28.2066495], [77.4496915, 28.2066426], [77.4503841, 28.2065024], [77.4514588, 28.2065514], [77.4526503, 28.206271], [77.4547176, 28.2056698], [77.4554305, 28.2054844], [77.4561077, 28.2052178], [77.4566274, 28.2054656], [77.4566488, 28.2068056], [77.4584941, 28.208952], [77.459906, 28.2103859], [77.4620143, 28.2099469], [77.4645551, 28.2091512], [77.4660061, 28.208505], [77.4663831, 28.2085229], [77.4666027, 28.2092626], [77.4673574, 28.2103224], [77.4677756, 28.2109537], [77.4679179, 28.211099], [77.4681732, 28.2113595], [77.4690903, 28.2117108], [77.4698856, 28.2124682], [77.4701868, 28.2133568], [77.4702232, 28.2141689], [77.4702236, 28.2146426], [77.4703979, 28.2149209], [77.4705653, 28.2151882], [77.4710037, 28.2155218], [77.4725111, 28.2152591], [77.4746603, 28.2149913], [77.4753937, 28.214905], [77.476249, 28.2145164], [77.4773031, 28.2142585], [77.4785153, 28.2142756], [77.4785099, 28.2142896], [77.4785784, 28.2142907], [77.4781152, 28.2154831], [77.4776211, 28.2162737], [77.4775231, 28.2169972], [77.4778435, 28.2175805], [77.4785591, 28.2183824], [77.4785746, 28.2183998], [77.4801527, 28.2184434], [77.4817646, 28.218359], [77.4828331, 28.2182146], [77.4828583, 28.2182112], [77.4834234, 28.2185139], [77.4838776, 28.2191636], [77.4841966, 28.2203251], [77.4843377, 28.2210432], [77.4848269, 28.2213457], [77.4848404, 28.221354], [77.4856168, 28.2214857], [77.4862123, 28.2213208], [77.4866881, 28.2198966], [77.4871815, 28.2186288], [77.4874707, 28.218202], [77.4883863, 28.2177576], [77.4884045, 28.2177488], [77.4893197, 28.2182038], [77.490238, 28.2190169], [77.4899611, 28.2198569], [77.4895235, 28.2214469], [77.4891241, 28.2221839], [77.4902756, 28.223276], [77.4910374, 28.2241233], [77.4916701, 28.224684], [77.4924403, 28.2261371], [77.4930534, 28.2271472], [77.4937285, 28.2281767], [77.4948947, 28.229067], [77.4956454, 28.2294444], [77.4962011, 28.2294534], [77.4971593, 28.2294691], [77.4972579, 28.2294899], [77.4972651, 28.22949], [77.497834, 28.2296091], [77.4981986, 28.2300738], [77.4982373, 28.230726], [77.4981874, 28.2308374], [77.4981719, 28.2308718], [77.4978024, 28.2316736], [77.4971031, 28.2323417], [77.4961716, 28.2331897], [77.4959071, 28.2334241], [77.4958679, 28.2334576], [77.4945009, 28.2346225], [77.4936033, 28.2358473], [77.4933875, 28.2372573], [77.4934465, 28.2394609], [77.4933446, 28.240891], [77.4932889, 28.2436251], [77.4935517, 28.244492], [77.4941695, 28.2457866], [77.4949466, 28.2469186], [77.4960258, 28.2474955], [77.4972032, 28.2478445], [77.4979886, 28.2480429], [77.4981269, 28.2480276], [77.496973, 28.2487883], [77.4953966, 28.2500731], [77.4938567, 28.2501095], [77.4927326, 28.2519091], [77.4920981, 28.2560505], [77.4914785, 28.2577089], [77.4916723, 28.2601899], [77.4922803, 28.2625292], [77.4912469, 28.266765], [77.4908042, 28.2713132], [77.4929255, 28.2728778], [77.4938749, 28.2737643], [77.494121, 28.2749033], [77.4946221, 28.2726708], [77.4964354, 28.2750946], [77.4982578, 28.2772086], [77.4988319, 28.2784479], [77.5007636, 28.2794046], [77.5035459, 28.2800079], [77.5002898, 28.2815277], [77.5017477, 28.2837693], [77.4985949, 28.2856463], [77.5016726, 28.2869445], [77.5029186, 28.2890406], [77.5031418, 28.2898014], [77.5044309, 28.2951737], [77.5052994, 28.2996952], [77.506194, 28.3040787], [77.5070685, 28.3056742], [77.5054335, 28.3066131], [77.5041168, 28.3072327], [77.5023673, 28.30803], [77.500894, 28.3101701], [77.4958112, 28.3143218], [77.4905691, 28.3183335], [77.4858998, 28.3215354], [77.4848833, 28.3256868], [77.4825031, 28.3253109], [77.4820111, 28.3250375], [77.4802251, 28.3255569], [77.4758787, 28.3266777], [77.4718398, 28.3280896], [77.4715505, 28.3285001], [77.4721064, 28.3295753], [77.4721519, 28.3301858], [77.4729447, 28.331662], [77.4730609, 28.3330158], [77.4724708, 28.3337395], [77.4713136, 28.3346051], [77.4714412, 28.3352794], [77.4724693, 28.3366862], [77.4747397, 28.337439], [77.4763434, 28.3384868], [77.4781403, 28.3393483], [77.4829223, 28.3410382], [77.4869316, 28.3432069], [77.4902119, 28.3434893], [77.4912313, 28.3444837], [77.4962623, 28.349157], [77.4963534, 28.3507152], [77.4987918, 28.3532334], [77.5013468, 28.3580048], [77.5034334, 28.3608659], [77.5052052, 28.36263], [77.5000789, 28.365651], [77.5009823, 28.3671714], [77.5030963, 28.368356], [77.5048913, 28.3699962], [77.5028011, 28.3699637], [77.5020119, 28.3719188], [77.4987407, 28.3744884], [77.4956791, 28.378443], [77.4924758, 28.3836064], [77.4912871, 28.385195], [77.4894283, 28.3852861], [77.4877357, 28.3856296], [77.4828349, 28.387807], [77.4815335, 28.3891573], [77.4786852, 28.3921292], [77.474275, 28.3963663], [77.4733064, 28.3968298], [77.4757411, 28.3995679], [77.4799558, 28.3986657], [77.4815061, 28.3995848], [77.481437, 28.4006672], [77.4806625, 28.4015966], [77.4811819, 28.4049042], [77.4819018, 28.4048678], [77.4819655, 28.4062346], [77.4832594, 28.4062346], [77.483881, 28.4089254], [77.4813368, 28.4121756], [77.4806078, 28.4140163], [77.4795873, 28.4151097], [77.4786032, 28.4171143], [77.4778196, 28.4179709], [77.4752626, 28.4192705], [77.4726986, 28.4169139], [77.4701473, 28.417333], [77.4665389, 28.4162031], [77.4662655, 28.4153284], [77.4653391, 28.4156472], [77.4635137, 28.4151188], [77.4628212, 28.4161393], [77.4621834, 28.4160482], [77.4611381, 28.417567], [77.4619282, 28.4235292], [77.4623768, 28.4243918], [77.4516681, 28.4246955], [77.4522464, 28.4267893], [77.4445243, 28.4279029], [77.441736, 28.4285043], [77.4405879, 28.4296889], [77.4421005, 28.4307459], [77.4360796, 28.431679], [77.4378907, 28.4349192], [77.4363144, 28.4366049], [77.4361413, 28.4380173], [77.4382097, 28.4379261], [77.4382917, 28.4387462], [77.4372977, 28.4422149], [77.4354579, 28.4482409], [77.4335303, 28.4548548], [77.4325876, 28.4550567], [77.4311661, 28.454428], [77.4280498, 28.4539086], [77.4231294, 28.4526896], [77.4202499, 28.452232], [77.4154388, 28.4532525], [77.4137813, 28.452411], [77.4001863, 28.4559149], [77.4014245, 28.4583917], [77.4034838, 28.4620001], [77.4070533, 28.4647772], [77.3948578, 28.4705426], [77.3915128, 28.4721626], [77.3893602, 28.4705654], [77.387302, 28.4679448], [77.3846636, 28.4685955], [77.3798847, 28.4705022], [77.3745123, 28.4762315], [77.3730306, 28.480693], [77.3709071, 28.4843318], [77.3702254, 28.4852171], [77.3709904, 28.4884978], [77.3703708, 28.4901744], [77.3700975, 28.4925435], [77.3706738, 28.4957096], [77.3717558, 28.4981747], [77.3701488, 28.4991957], [77.3688765, 28.4998969], [77.3671361, 28.5005256], [77.3656964, 28.4991588], [77.3645756, 28.4984754], [77.3622292, 28.4987116], [77.3607147, 28.4998085], [77.3579512, 28.5012728], [77.356721, 28.4998422], [77.3546435, 28.499013], [77.3528229, 28.4994406], [77.3521488, 28.4997803], [77.3518325, 28.4999789], [77.3508666, 28.5007625], [77.3495226, 28.5020564], [77.3477634, 28.5040744], [77.3473175, 28.5065031], [77.3473539, 28.5088175], [77.3458957, 28.5118787], [77.3453379, 28.5134531], [77.3437929, 28.5113601], [77.3422587, 28.5104268], [77.3405635, 28.5086072], [77.3392331, 28.5069573], [77.3377311, 28.5056091], [77.3361862, 28.505166], [77.3356926, 28.5043551], [77.3362076, 28.5032709], [77.3324096, 28.4983138], [77.3314494, 28.4970668], [77.3304713, 28.4958952], [77.3276031, 28.489844], [77.3261332, 28.4897686], [77.3205435, 28.4874677], [77.318784, 28.4874866], [77.3168099, 28.4864399], [77.3164773, 28.484733], [77.3156297, 28.4844784], [77.3141384, 28.4834223], [77.3080122, 28.4881089], [77.3065209, 28.4893914], [77.3029697, 28.4895045], [77.3015857, 28.4895611], [77.3005932, 28.4895941], [77.3006415, 28.4940872], [77.2985494, 28.4940589], [77.2968557, 28.4950202], [77.2954059, 28.4958128], [77.2902453, 28.4964917], [77.2892368, 28.4958222], [77.2876704, 28.4960108], [77.2847736, 28.4947944], [77.2826385, 28.4943984], [77.2798598, 28.4940967], [77.2792357, 28.4939352], [77.2764051, 28.4932197], [77.2758794, 28.4927011], [77.2746348, 28.4914565], [77.2719526, 28.4905512], [77.2713733, 28.4897026], [77.2716992, 28.4880752], [77.2719097, 28.4870245], [77.2657084, 28.4860815], [77.2639918, 28.4856289], [77.2568249, 28.4833091], [77.2555983, 28.4828665], [77.2498727, 28.4808006], [77.2484565, 28.4807063], [77.2455972, 28.4796322], [77.2434354, 28.4788202], [77.2356891, 28.4711057], [77.2330713, 28.4585048], [77.2336936, 28.4566938], [77.2345948, 28.4550902], [77.2405171, 28.4565051], [77.2417831, 28.4566372], [77.2429848, 28.4566749], [77.2444224, 28.4560146], [77.2459245, 28.4543734], [77.2492075, 28.4469212], [77.2497868, 28.4368836], [77.2491645, 28.4330721], [77.2526836, 28.4329211], [77.2500228, 28.4250334], [77.2456884, 28.4234105], [77.2410535, 28.4214857], [77.2385644, 28.4208818], [77.2355175, 28.4184285], [77.2340154, 28.4181265], [77.2317838, 28.4159751], [77.227664, 28.4135971], [77.2232437, 28.4125025], [77.2194242, 28.4123515], [77.2177505, 28.4118986], [77.2179007, 28.4101811], [77.2156691, 28.4105963], [77.2106266, 28.4091808], [77.2066569, 28.4095771], [77.204318, 28.4089166], [77.2019148, 28.4084258], [77.199769, 28.4081805], [77.1959066, 28.4083504], [77.1934819, 28.4082371], [77.1916365, 28.4076898], [77.1904135, 28.4076143], [77.1857679, 28.4087278], [77.1827102, 28.409143], [77.1811545, 28.4085674], [77.178204, 28.4075388], [77.176466, 28.4063591], [77.174399, 28.404861], [77.1740891, 28.4046285], [77.1727847, 28.4020275], [77.1709131, 28.3978347], [77.1697402, 28.3953541], [77.1690414, 28.3952224], [77.1649987, 28.3955297], [77.1622037, 28.394915], [77.1571129, 28.3931588], [77.1550665, 28.3919733], [77.1535193, 28.3901731], [77.1527707, 28.3872313], [77.1513732, 28.3838063], [77.1507743, 28.3803812], [77.1531699, 28.3799421], [77.1506245, 28.369798], [77.1492769, 28.3640888]]]}, "properties": {"name": "Faridabad"}}, {"type": "Feature", "geometry": {"type": "Polygon", "coordinates": [[[77.1992428, 28.8045263], [77.1992836, 28.801029], [77.2000239, 28.7969636], [77.2018972, 28.7938703], [77.2033005, 28.791877], [77.2066403, 28.7875253], [77.2072766, 28.7866961], [77.2137954, 28.7843867], [77.2244287, 28.7863875], [77.2280336, 28.7845746], [77.2210395, 28.7791603], [77.2328799, 28.774953], [77.2334828, 28.7711838], [77.23559, 28.7712591], [77.2386778, 28.7619672], [77.2381149, 28.7591641], [77.2403226, 28.7582246], [77.2425564, 28.7578718], [77.2441496, 28.7573122], [77.2454961, 28.7565635], [77.246805, 28.7559465], [77.2484487, 28.7555044], [77.2505923, 28.7552213], [77.2521898, 28.7554367], [77.2537036, 28.7556154], [77.2548484, 28.7558487], [77.2553151, 28.7541227], [77.2586711, 28.7526338], [77.2589039, 28.7512558], [77.2596249, 28.7505418], [77.2596506, 28.7497903], [77.2594779, 28.748734], [77.2589801, 28.7476974], [77.257846, 28.7470032], [77.2577545, 28.7467624], [77.2570929, 28.7450221], [77.2558891, 28.7430401], [77.2557368, 28.7411888], [77.2553291, 28.7410543], [77.2558344, 28.7385417], [77.260922, 28.7355868], [77.2735863, 28.7359584], [77.2756656, 28.7355624], [77.2800429, 28.732486], [77.2843538, 28.7279871], [77.286462, 28.7249887], [77.2866348, 28.7249004], [77.2884005, 28.7239979], [77.2908705, 28.7227353], [77.2897332, 28.7209279], [77.2893996, 28.717168], [77.2863386, 28.7144478], [77.2868489, 28.7133476], [77.2873192, 28.7123335], [77.2892268, 28.7083785], [77.2912591, 28.7063661], [77.292275, 28.7058931], [77.2968754, 28.7036517], [77.2990287, 28.7098032], [77.3044242, 28.7118347], [77.3135116, 28.713441], [77.3158161, 28.7128444], [77.3172355, 28.7141043], [77.3187224, 28.7135908], [77.3201378, 28.7131049], [77.3206527, 28.7129281], [77.3213854, 28.7126223], [77.3225002, 28.7114612], [77.3235062, 28.7121875], [77.3245283, 28.7130415], [77.3262756, 28.7131088], [77.3271329, 28.7133516], [77.3281119, 28.7130927], [77.328267, 28.7130986], [77.3292002, 28.7131344], [77.3311068, 28.7131973], [77.328209, 28.7114762], [77.325427, 28.7087935], [77.3256666, 28.7056107], [77.3258776, 28.702434], [77.3256806, 28.7020986], [77.3236879, 28.6987055], [77.3238441, 28.6984887], [77.3254114, 28.6963128], [77.3273146, 28.6936705], [77.3307278, 28.6883914], [77.3321929, 28.6828859], [77.3329522, 28.6816422], [77.3317589, 28.6803914], [77.3300715, 28.6786225], [77.3300672, 28.678618], [77.3260836, 28.6782546], [77.3252446, 28.6778565], [77.3250493, 28.6738757], [77.3244481, 28.6712418], [77.322538, 28.6696714], [77.3219005, 28.6677958], [77.3201289, 28.6625839], [77.3200813, 28.6545721], [77.3206129, 28.6539073], [77.3214339, 28.6526423], [77.3218671, 28.6515398], [77.3219591, 28.6500999], [77.3211594, 28.6468702], [77.3189181, 28.642794], [77.3177479, 28.6399759], [77.3168228, 28.6377479], [77.3219715, 28.6367101], [77.3225043, 28.6363762], [77.3243082, 28.6349278], [77.3260092, 28.6331684], [77.3270954, 28.6329216], [77.3288035, 28.632283], [77.3296659, 28.631841], [77.3304796, 28.6315684], [77.3341678, 28.63248], [77.3511276, 28.6324059], [77.3551594, 28.6323502], [77.3626967, 28.6322461], [77.3817511, 28.6323333], [77.3910737, 28.6343133], [77.3920211, 28.6347462], [77.3943573, 28.6354703], [77.3985965, 28.6367843], [77.3987044, 28.636598], [77.398796, 28.6364436], [77.3998803, 28.6345624], [77.3998805, 28.634562], [77.400517, 28.6334491], [77.4010807, 28.6325959], [77.4030765, 28.6316239], [77.4052551, 28.630609], [77.4052555, 28.630609], [77.406278, 28.6304192], [77.4068415, 28.6303229], [77.4072736, 28.6300409], [77.4082168, 28.6296847], [77.410194, 28.6293499], [77.411783, 28.6296829], [77.4131832, 28.6298478], [77.4138023, 28.6298257], [77.4147454, 28.6294695], [77.4158672, 28.628702], [77.4192858, 28.6263644], [77.4216946, 28.6250181], [77.4223737, 28.6251071], [77.4255252, 28.6252955], [77.4274065, 28.6253212], [77.4281061, 28.6251766], [77.4282444, 28.6250228], [77.4283344, 28.6249463], [77.4289879, 28.6250165], [77.4295991, 28.6246227], [77.4300699, 28.6242266], [77.4304045, 28.6241357], [77.4306549, 28.6240893], [77.4308457, 28.6241657], [77.4311176, 28.6243398], [77.4313194, 28.6243843], [77.4314503, 28.6243406], [77.4316807, 28.6242571], [77.4318046, 28.6243004], [77.4319255, 28.6242335], [77.4320678, 28.6241395], [77.4321693, 28.6237559], [77.4325151, 28.6233716], [77.4330045, 28.6230859], [77.4333101, 28.6226321], [77.4337354, 28.6221757], [77.4339777, 28.6222759], [77.4346906, 28.6224892], [77.4354458, 28.6224188], [77.4360124, 28.6224187], [77.4364573, 28.6227744], [77.4367209, 28.6230997], [77.4369138, 28.6233275], [77.437172, 28.6234097], [77.4373997, 28.6234592], [77.4377175, 28.623423], [77.438074, 28.6232774], [77.4383401, 28.6229789], [77.4390279, 28.6226459], [77.4398405, 28.6223104], [77.4399245, 28.6222705], [77.4401278, 28.6224985], [77.4415064, 28.623204], [77.4424318, 28.6239572], [77.4433402, 28.6245222], [77.4435431, 28.6250208], [77.444837, 28.626312], [77.4459233, 28.6275815], [77.4470307, 28.6283331], [77.4497406, 28.6297845], [77.4505582, 28.6304718], [77.4525259, 28.632879], [77.4528236, 28.6333195], [77.4533333, 28.6340706], [77.4533484, 28.6340938], [77.4556502, 28.6369512], [77.4565928, 28.6378881], [77.4582534, 28.6380338], [77.4595249, 28.6371276], [77.4644845, 28.6335601], [77.4735649, 28.6272461], [77.4738731, 28.627173], [77.4775503, 28.627332], [77.4777754, 28.6275144], [77.4776901, 28.6278754], [77.4770938, 28.6283109], [77.4769319, 28.6286019], [77.4772643, 28.6288732], [77.4779576, 28.6290355], [77.4782417, 28.6291271], [77.4783016, 28.6300178], [77.4785714, 28.6305587], [77.4799051, 28.6319512], [77.4808077, 28.6328185], [77.4813228, 28.633056], [77.483106, 28.633517], [77.4831742, 28.6335346], [77.4832597, 28.6335568], [77.4834948, 28.6336177], [77.4852, 28.633617], [77.4861215, 28.6348332], [77.4859142, 28.6353161], [77.485995, 28.6356935], [77.4860552, 28.6360567], [77.4861793, 28.6363476], [77.4870027, 28.6365074], [77.4878004, 28.6369098], [77.4893015, 28.6374883], [77.490347, 28.6379772], [77.4908165, 28.6384111], [77.4913729, 28.6389198], [77.4957899, 28.6436673], [77.4965891, 28.6447714], [77.4971637, 28.6459316], [77.498125, 28.6472492], [77.4987599, 28.6477362], [77.499898, 28.648456], [77.5005626, 28.6488262], [77.5007954, 28.64863], [77.5011485, 28.6483482], [77.5014247, 28.6481431], [77.5020771, 28.6477058], [77.502691, 28.6472391], [77.5029494, 28.6469933], [77.5032513, 28.6467995], [77.5035532, 28.6465199], [77.5037808, 28.6463216], [77.5040827, 28.6461028], [77.5043794, 28.6458842], [77.5049959, 28.6454807], [77.5053796, 28.6453116], [77.5057376, 28.645111], [77.5060267, 28.6449668], [77.5064742, 28.644755], [77.5068758, 28.6445814], [77.5072134, 28.6443943], [77.5075919, 28.6441576], [77.5080242, 28.643939], [77.5083082, 28.6436977], [77.5085614, 28.6434497], [77.5095077, 28.6430035], [77.5100168, 28.6427307], [77.5106612, 28.6424648], [77.5109263, 28.6423549], [77.5110039, 28.6423228], [77.5110793, 28.6423769], [77.5113592, 28.6425778], [77.5118269, 28.6429412], [77.5113998, 28.6433831], [77.5117985, 28.6436629], [77.5120797, 28.6438887], [77.5123915, 28.6441166], [77.5126675, 28.6443467], [77.512941, 28.6445905], [77.5132656, 28.6448929], [77.5136158, 28.6451773], [77.5139071, 28.6454886], [77.5141551, 28.6457391], [77.5144644, 28.6461023], [77.514973, 28.6466484], [77.5154432, 28.6472396], [77.5156297, 28.6474652], [77.5159186, 28.6477428], [77.5162279, 28.6480519], [77.5168081, 28.6486431], [77.517166, 28.6488914], [77.5174676, 28.6491464], [77.5177769, 28.6493585], [77.5180351, 28.6495864], [77.5184059, 28.6494286], [77.5187078, 28.649246], [77.5190377, 28.6491559], [77.5192755, 28.6490519], [77.5193625, 28.6490138], [77.5194299, 28.649001], [77.5197051, 28.6489485], [77.5200427, 28.6488719], [77.5204033, 28.6487593], [77.5207614, 28.6486263], [77.5211118, 28.6484504], [77.5214826, 28.6482994], [77.5218688, 28.6481055], [77.5222677, 28.6479365], [77.5237434, 28.6472918], [77.5240452, 28.6471701], [77.5243419, 28.6470235], [77.5255823, 28.6464148], [77.5259685, 28.6462142], [77.5262779, 28.6461602], [77.526535, 28.6459586], [77.5266232, 28.6458895], [77.526686, 28.6458274], [77.526856, 28.6456595], [77.5270299, 28.6454182], [77.527388, 28.6451747], [77.5280274, 28.6447868], [77.5284186, 28.6445569], [77.5287818, 28.6442705], [77.529168, 28.6439863], [77.529608, 28.6436774], [77.5299251, 28.6434406], [77.5302934, 28.6431881], [77.5306028, 28.6429535], [77.5308433, 28.6427033], [77.5311527, 28.6424732], [77.5314622, 28.6422545], [77.5317588, 28.642038], [77.5332269, 28.6408766], [77.5334954, 28.6406714], [77.5339957, 28.6402733], [77.5340453, 28.6402339], [77.5341507, 28.6401759], [77.5344672, 28.6400017], [77.5347767, 28.6397762], [77.5350656, 28.6395529], [77.5353495, 28.6393883], [77.535641, 28.6391538], [77.5352423, 28.6386868], [77.5355875, 28.6384703], [77.5359251, 28.6382989], [77.5362114, 28.6381726], [77.5365311, 28.6380125], [77.5368687, 28.6378299], [77.5371628, 28.6376179], [77.5375284, 28.6373743], [77.5378711, 28.637115], [77.5381754, 28.6368602], [77.5384823, 28.6366257], [77.5390579, 28.635437], [77.5394184, 28.6352814], [77.539715, 28.6351009], [77.5403185, 28.6347356], [77.5406689, 28.6344583], [77.540945, 28.6342756], [77.5412825, 28.6341177], [77.5416226, 28.6342554], [77.5418015, 28.634023], [77.5419116, 28.6337998], [77.5420185, 28.6335781], [77.5420497, 28.6335133], [77.542118, 28.6335796], [77.5424076, 28.6338607], [77.5428932, 28.6343819], [77.5434709, 28.6349166], [77.5440513, 28.6354535], [77.5442788, 28.6356971], [77.5451786, 28.6363875], [77.5457743, 28.6367124], [77.546076, 28.6368996], [77.5464825, 28.6368636], [77.5468328, 28.6368388], [77.5471346, 28.6368209], [77.5475257, 28.6374096], [77.5478324, 28.6380322], [77.5478375, 28.6383277], [77.5474949, 28.6385285], [77.5470473, 28.6386976], [77.5467277, 28.6389683], [77.5468453, 28.6392885], [77.5469679, 28.6397442], [77.5472006, 28.6400285], [77.5473411, 28.640439], [77.5474229, 28.6407842], [77.5474664, 28.6411789], [77.5474791, 28.6415308], [77.5475583, 28.6417834], [77.5475021, 28.6420789], [77.5471465, 28.6423699], [77.5468295, 28.6426992], [77.5469802, 28.6430736], [77.5471337, 28.6434166], [77.5468933, 28.6435022], [77.5465506, 28.6436713], [77.5462693, 28.6438947], [77.5464892, 28.6441924], [77.5467831, 28.6444767], [77.5470338, 28.6447338], [77.5472204, 28.6449775], [77.547453, 28.6452437], [77.5476038, 28.6455482], [77.5472893, 28.6459114], [77.5470872, 28.646146], [77.5468878, 28.646473], [77.5466397, 28.6467888], [77.5463993, 28.647109], [77.5461588, 28.647382], [77.5458877, 28.6476933], [77.5453225, 28.6482097], [77.545054, 28.6484691], [77.544765, 28.6486992], [77.5441154, 28.6493397], [77.543875, 28.6494908], [77.543609, 28.6496535], [77.5435579, 28.6496847], [77.5435286, 28.6497185], [77.5432842, 28.6500005], [77.542476, 28.6508756], [77.5420616, 28.6513267], [77.5419093, 28.6516101], [77.5418749, 28.651674], [77.5419078, 28.651686], [77.5424195, 28.6518727], [77.5431355, 28.6522021], [77.5448155, 28.652791], [77.5450696, 28.6528675], [77.545153, 28.6528926], [77.5452226, 28.6528899], [77.5455596, 28.6528768], [77.5460686, 28.6526581], [77.5461376, 28.6529491], [77.5464828, 28.6528295], [77.5468689, 28.6528657], [77.5472678, 28.6527439], [77.548053, 28.6522816], [77.5484596, 28.652153], [77.54948, 28.6515712], [77.5500861, 28.6512554], [77.5505413, 28.6511337], [77.5512853, 28.6517654], [77.5517661, 28.6515827], [77.5524003, 28.6512557], [77.5527123, 28.6515421], [77.5529731, 28.6512985], [77.5533311, 28.6510662], [77.5537173, 28.6508249], [77.5540191, 28.6506534], [77.5543771, 28.6504956], [77.5546686, 28.6502519], [77.5547786, 28.6499723], [77.5551085, 28.6497309], [77.5554383, 28.6495482], [77.5557146, 28.6494129], [77.5558245, 28.6495843], [77.5559754, 28.6499362], [77.5561135, 28.650058], [77.5565405, 28.6499498], [77.5571824, 28.6495799], [77.5575684, 28.6493476], [77.5578855, 28.6492032], [77.5582436, 28.648946], [77.5584353, 28.6486663], [77.5587806, 28.6484859], [77.5591105, 28.6483031], [77.5593867, 28.6482288], [77.5597292, 28.6480348], [77.5600208, 28.6479017], [77.5602253, 28.647755], [77.5604788, 28.6476401], [77.5605749, 28.6475966], [77.5605783, 28.647595], [77.5614578, 28.6483709], [77.5621867, 28.6490498], [77.5625037, 28.6493409], [77.5626419, 28.6495349], [77.5629027, 28.6496815], [77.5632044, 28.6495167], [77.5634933, 28.6494333], [77.5638334, 28.6498597], [77.5642732, 28.6503694], [77.5645341, 28.6506356], [77.5647003, 28.6508792], [77.5648768, 28.6511454], [77.5651248, 28.6513867], [77.5654829, 28.6519033], [77.5659099, 28.6524852], [77.5662117, 28.6529386], [77.5660199, 28.6532364], [77.5656364, 28.6538568], [77.5651403, 28.6544929], [77.5647694, 28.6548448], [77.5644677, 28.6552711], [77.5642325, 28.6555733], [77.5640126, 28.6559005], [77.5637927, 28.6561553], [77.5639716, 28.6566538], [77.5641098, 28.6569381], [77.5643016, 28.6572899], [77.5645343, 28.6574952], [77.5646596, 28.6578223], [77.5640535, 28.6582351], [77.5640408, 28.658914], [77.5638617, 28.6595028], [77.5635472, 28.6597577], [77.563202, 28.6599269], [77.562514, 28.6602291], [77.5618542, 28.6605337], [77.5612507, 28.6608856], [77.5604937, 28.6613096], [77.559463, 28.6618375], [77.5589413, 28.6620788], [77.5585986, 28.6622615], [77.5582124, 28.6624555], [77.5578415, 28.6626246], [77.5575525, 28.6627939], [77.5571817, 28.6629043], [77.5568927, 28.6630261], [77.5565347, 28.6632314], [77.5562329, 28.6633892], [77.5559593, 28.6635471], [77.5555193, 28.6636193], [77.5552431, 28.6634073], [77.5548442, 28.6635426], [77.5545679, 28.6636982], [77.5542662, 28.6638696], [77.553949, 28.6640388], [77.5536754, 28.6641606], [77.5530154, 28.6645237], [77.5525065, 28.6647899], [77.5519004, 28.6651056], [77.5513914, 28.6654101], [77.5507597, 28.6657552], [77.550174, 28.6660934], [77.5500052, 28.6657551], [77.5495653, 28.6654031], [77.5493019, 28.6650648], [77.5489312, 28.6646633], [77.5484656, 28.6648708], [77.5480385, 28.6651865], [77.5477776, 28.665403], [77.5474196, 28.665597], [77.5467315, 28.6660458], [77.5463606, 28.6663074], [77.5457851, 28.6667517], [77.5458362, 28.6671803], [77.5461251, 28.6675186], [77.5463041, 28.667848], [77.5464703, 28.6681391], [77.5466467, 28.6684413], [77.5468129, 28.6687752], [77.5472809, 28.6693933], [77.5465238, 28.6696368], [77.5462092, 28.6700135], [77.5463881, 28.6703406], [77.5465236, 28.6706677], [77.5466994, 28.6709557], [77.54703, 28.6712151], [77.5477672, 28.671481], [77.5478667, 28.6717334], [77.5481442, 28.6723578], [77.5471899, 28.6727494], [77.5468275, 28.6739047], [77.5470628, 28.674658], [77.5465819, 28.6749603], [77.5456865, 28.6754812], [77.5458656, 28.6757249], [77.5458297, 28.6762212], [77.5455815, 28.6765391], [77.5450238, 28.6771008], [77.5447706, 28.6774413], [77.5445991, 28.6777617], [77.5443714, 28.6780661], [77.5446604, 28.6785963], [77.5449212, 28.6789301], [77.5450644, 28.6792459], [77.545223, 28.6795911], [77.5453124, 28.6798708], [77.5455528, 28.6800919], [77.5457574, 28.6803717], [77.5459978, 28.6806807], [77.546274, 28.6808928], [77.5465349, 28.681177], [77.5467139, 28.6814658], [77.5468801, 28.6817387], [77.5470029, 28.6820838], [77.5468596, 28.6824312], [77.5467214, 28.6828215], [77.5466522, 28.6831508], [77.5465014, 28.6834958], [77.5463299, 28.683841], [77.5462326, 28.6841477], [77.5460944, 28.6844613], [77.5459895, 28.6847747], [77.546363, 28.685068], [77.5467543, 28.6852328], [77.5472147, 28.6853569], [77.5475575, 28.6854291], [77.5479642, 28.6854157], [77.5483966, 28.685454], [77.5487342, 28.6854473], [77.5491256, 28.6853864], [77.5495042, 28.6852985], [77.5499083, 28.6852376], [77.5502793, 28.6851407], [77.5506732, 28.6850369], [77.550975, 28.6849354], [77.551346, 28.6849716], [77.5516555, 28.6850956], [77.5519572, 28.6852468], [77.5521517, 28.6854182], [77.5523717, 28.6855874], [77.5526811, 28.6857319], [77.5530239, 28.6858537], [77.5533207, 28.6857318], [77.5539525, 28.6855357], [77.5541981, 28.6857048], [77.5544181, 28.6859124], [77.5548811, 28.6861064], [77.555321, 28.6860883], [77.5556843, 28.6860997], [77.5561038, 28.6861267], [77.5565438, 28.6861268], [77.5569095, 28.6862057], [77.5573341, 28.6863997], [77.5575695, 28.6866614], [77.5584699, 28.6870585], [77.5587104, 28.6867968], [77.5589432, 28.6865374], [77.5591785, 28.6862216], [77.5594804, 28.6862577], [77.5597541, 28.6863975], [77.560038, 28.6864878], [77.5605803, 28.6867336], [77.5608438, 28.6868375], [77.5611303, 28.6869344], [77.5614194, 28.6871352], [77.5616266, 28.6873111], [77.5618952, 28.6876697], [77.5620665, 28.6879811], [77.5622532, 28.6882788], [77.5624246, 28.6886126], [77.562637, 28.688969], [77.5629542, 28.6894608], [77.5633404, 28.6899119], [77.5635119, 28.6900112], [77.5636576, 28.6902909], [77.563824, 28.6906383], [77.5640107, 28.6908909], [77.564241, 28.6912653], [77.5644865, 28.691518], [77.5642845, 28.6919127], [77.563998, 28.6922646], [77.563801, 28.6924812], [77.5635477, 28.6927563], [77.5638573, 28.6931286], [77.5640773, 28.6933496], [77.5642973, 28.6936857], [77.5643587, 28.6941098], [77.5641336, 28.6943827], [77.5642999, 28.6946669], [77.5645633, 28.6950504], [77.5650264, 28.6956031], [77.5652234, 28.6958714], [77.5654204, 28.6961264], [77.5656635, 28.6964151], [77.5654742, 28.696715], [77.5652926, 28.6970602], [77.5652132, 28.697394], [77.5655407, 28.6976219], [77.5657939, 28.6978745], [77.5660626, 28.6981429], [77.5663517, 28.6985241], [77.5669428, 28.6991151], [77.5673547, 28.6995144], [77.5676463, 28.6998369], [77.5678561, 28.7000715], [77.5680838, 28.7003106], [77.5683474, 28.7005834], [77.5688258, 28.7010279], [77.5689895, 28.7012443], [77.5692454, 28.7014384], [77.5694782, 28.7016436], [77.5696778, 28.7018398], [77.5699849, 28.7020428], [77.5708368, 28.702036], [77.5711489, 28.7020089], [77.571479, 28.7019773], [77.5718192, 28.701957], [77.5721083, 28.7022006], [77.5724052, 28.7024329], [77.5728068, 28.7024555], [77.5731547, 28.7024261], [77.5733568, 28.7020313], [77.573587, 28.7016478], [77.5739631, 28.701623], [77.5740885, 28.7018756], [77.5744595, 28.7019094], [77.5747716, 28.7018823], [77.5752628, 28.7017492], [77.5755595, 28.7015056], [77.5757795, 28.7013701], [77.5760814, 28.7012732], [77.5763706, 28.7013182], [77.5766724, 28.7013949], [77.5769923, 28.7014919], [77.5772967, 28.7016091], [77.5774554, 28.7018098], [77.5777138, 28.7020624], [77.5781641, 28.7018707], [77.5785478, 28.7017533], [77.578906, 28.701636], [77.5792462, 28.7014848], [77.5795992, 28.7015141], [77.5798731, 28.7015501], [77.5802721, 28.7016155], [77.5806227, 28.70162], [77.5810704, 28.7016695], [77.5814234, 28.7017416], [77.58182, 28.7018003], [77.5821807, 28.7018341], [77.5825415, 28.7018543], [77.5828844, 28.7019039], [77.5832527, 28.7018745], [77.5836109, 28.7018608], [77.5839563, 28.7018134], [77.584271, 28.7018495], [77.5845702, 28.7015674], [77.5848568, 28.701299], [77.5858287, 28.7006604], [77.5860334, 28.700489], [77.5864043, 28.700313], [77.5867343, 28.700173], [77.5869646, 28.6999925], [77.5872638, 28.6997647], [77.5875503, 28.699618], [77.5881566, 28.6992773], [77.588438, 28.6991103], [77.5888498, 28.6989072], [77.5892463, 28.6987809], [77.5896095, 28.6986003], [77.5899472, 28.6984604], [77.5901928, 28.6984355], [77.5904768, 28.6985911], [77.5906278, 28.6987918], [77.5907865, 28.6990467], [77.5909579, 28.6992744], [77.5911346, 28.6995541], [77.591516, 28.7002443], [77.5917002, 28.7004585], [77.5918921, 28.7007382], [77.5921736, 28.7009818], [77.5927418, 28.7018343], [77.5929748, 28.7020891], [77.5931514, 28.7024703], [77.593328, 28.7027364], [77.5935584, 28.7029236], [77.5937298, 28.7032393], [77.5939525, 28.7035777], [77.5942008, 28.7038979], [77.5944184, 28.7042069], [77.5945899, 28.7044414], [77.5948278, 28.7047549], [77.5950173, 28.7050075], [77.5952451, 28.7053999], [77.5954499, 28.7056931], [77.5956034, 28.7059367], [77.595862, 28.7062253], [77.5962509, 28.7062614], [77.5966602, 28.7062635], [77.5969213, 28.7064868], [77.5972131, 28.706719], [77.5975304, 28.7070144], [77.5978016, 28.7072106], [77.5980806, 28.7074135], [77.5982649, 28.7075917], [77.5984492, 28.7077676], [77.5986641, 28.7075668], [77.5988713, 28.7077178], [77.5990044, 28.7078667], [77.5992424, 28.7079568], [77.599534, 28.7077064], [77.5998001, 28.7079274], [77.5999435, 28.7082229], [77.6000869, 28.7085138], [77.6002764, 28.7088634], [77.6004248, 28.7091543], [77.6006092, 28.7093911], [77.6007577, 28.7096978], [77.6010775, 28.7096278], [77.6014485, 28.7095465], [77.6018782, 28.7094381], [77.6023235, 28.7094673], [77.6027942, 28.7094626], [77.6032983, 28.7095031], [77.6035184, 28.7097421], [77.603759, 28.710094], [77.6040484, 28.7106533], [77.6042609, 28.7109397], [77.604412, 28.7112419], [77.6045503, 28.7115463], [77.6047782, 28.7118576], [77.6050034, 28.7120582], [77.6051696, 28.7117966], [77.6053281, 28.7116093], [77.6056096, 28.7115843], [77.6057684, 28.7119182], [77.6060497, 28.7117488], [77.606367, 28.7116337], [77.6065334, 28.7118885], [77.6066691, 28.7122156], [77.6069252, 28.7127208], [77.6071582, 28.7130004], [77.6074474, 28.71328], [77.6076829, 28.7134852], [77.6079644, 28.7136565], [77.6083227, 28.7137715], [77.6087142, 28.7139427], [77.6091058, 28.714123], [77.6094642, 28.7143958], [77.6098301, 28.7146146], [77.6103036, 28.7148152], [77.6105286, 28.7145016], [77.6107511, 28.7142037], [77.6110813, 28.7144359], [77.6114525, 28.7146659], [77.611803, 28.714853], [77.6121691, 28.7150558], [77.6125683, 28.7152181], [77.6128831, 28.7153578], [77.6131595, 28.7155404], [77.6132975, 28.7153509], [77.6136072, 28.7154545], [77.6139374, 28.7155875], [77.6144466, 28.7156933], [77.6148817, 28.7158082], [77.6151633, 28.7160021], [77.6152863, 28.7164645], [77.6152531, 28.7167667], [77.6148873, 28.7167262], [77.6145367, 28.7166272], [77.6145164, 28.71697], [77.614537, 28.717279], [77.6142633, 28.717498], [77.6139384, 28.7177349], [77.6140767, 28.7179604], [77.6142765, 28.718204], [77.6145043, 28.7184836], [77.6147731, 28.7188038], [77.6150138, 28.7190654], [77.6150421, 28.7193744], [77.6148427, 28.7196564], [77.6150654, 28.719918], [77.6153112, 28.7202224], [77.6155059, 28.7204998], [77.6159871, 28.7209575], [77.616302, 28.7212799], [77.6164967, 28.7215889], [77.6163023, 28.7218439], [77.6159187, 28.722038], [77.6156705, 28.7222163], [77.6154019, 28.7223563], [77.6150924, 28.7225617], [77.6147829, 28.7228415], [77.6145296, 28.7229995], [77.6140052, 28.7233831], [77.6137852, 28.7235478], [77.6134475, 28.7236946], [77.6131329, 28.7239068], [77.6127824, 28.724022], [77.6124293, 28.7242115], [77.6121403, 28.7243808], [77.6115492, 28.7246315], [77.6111757, 28.7247602], [77.6108533, 28.7248821], [77.6105232, 28.7249724], [77.6101984, 28.7250876], [77.6098605, 28.7251238], [77.6095458, 28.7252096], [77.6092286, 28.725327], [77.6089138, 28.7254422], [77.608589, 28.7256047], [77.608287, 28.7257763], [77.6079493, 28.7259275], [77.6076807, 28.7261148], [77.6071308, 28.7265909], [77.6068468, 28.726767], [77.6065168, 28.7269746], [77.6061868, 28.7272409], [77.6058183, 28.7274835], [77.605816, 28.727485], [77.6062383, 28.7280461], [77.60695, 28.7286369], [77.6078, 28.7296922], [77.6084958, 28.7291281], [77.6093199, 28.7293601], [77.6099185, 28.7289066], [77.6104051, 28.7294951], [77.6112066, 28.7306092], [77.6114727, 28.7306451], [77.6117927, 28.7307939], [77.6128656, 28.7321085], [77.6131934, 28.7325573], [77.613764, 28.7323473], [77.6143628, 28.7323606], [77.6151434, 28.7325069], [77.615576, 28.7326534], [77.6164692, 28.7327162], [77.6167608, 28.7323958], [77.6172903, 28.7319534], [77.6178326, 28.731572], [77.6180015, 28.7316577], [77.6185596, 28.732077], [77.6188517, 28.7325438], [77.6194505, 28.7323698], [77.6197575, 28.7323697], [77.6200366, 28.732629], [77.6204694, 28.7331814], [77.6207484, 28.7332422], [77.6212346, 28.7331202], [77.6217796, 28.7330207], [77.6222378, 28.7330318], [77.6224481, 28.733952], [77.6223793, 28.7345791], [77.6224205, 28.7349107], [77.6226716, 28.7354023], [77.6227971, 28.7356346], [77.6231169, 28.7354518], [77.6237911, 28.7347228], [77.6241291, 28.7344366], [77.6254117, 28.7337086], [77.6254477, 28.7335078], [77.6252815, 28.733201], [77.6254403, 28.7329304], [77.6258629, 28.732405], [77.6258811, 28.7318456], [77.6257843, 28.7312072], [77.6260172, 28.7310246], [77.6269363, 28.7304589], [77.6275661, 28.7300102], [77.6285107, 28.7294534], [77.6298239, 28.7286284], [77.6301004, 28.728491], [77.6305536, 28.7281844], [77.6310579, 28.7277876], [77.6326707, 28.7264777], [77.6329573, 28.7266921], [77.6347887, 28.7283733], [77.6355867, 28.7290458], [77.6365331, 28.7300432], [77.6371036, 28.7304855], [77.6373801, 28.7301946], [77.6377385, 28.7298992], [77.6386678, 28.7293041], [77.6385169, 28.7290671], [77.6372812, 28.7283585], [77.6375732, 28.7278127], [77.6378063, 28.7272082], [77.6381036, 28.7263512], [77.6382855, 28.7257016], [77.6384469, 28.7253949], [77.6387055, 28.7251469], [77.6395272, 28.7245426], [77.6400853, 28.7239947], [77.6404689, 28.7244482], [77.6408658, 28.723898], [77.641513, 28.7245028], [77.6420169, 28.7249247], [77.6433063, 28.7257823], [77.6434136, 28.7260891], [77.6443137, 28.7277067], [77.6449485, 28.7273257], [77.6456391, 28.7283206], [77.6465008, 28.7300781], [77.64733, 28.7298776], [77.6475218, 28.7301213], [77.647916, 28.7299613], [77.6482638, 28.730426], [77.6477954, 28.7307665], [77.6483658, 28.7316306], [77.6493711, 28.7328556], [77.6499849, 28.7338506], [77.6541232, 28.7335764], [77.6544097, 28.7340006], [77.6548216, 28.7344315], [77.6557738, 28.7338972], [77.65605, 28.7343303], [77.657788, 28.7336337], [77.6591317, 28.7331671], [77.6596948, 28.7328829], [77.6608106, 28.7324704], [77.6615043, 28.732166], [77.6620623, 28.7316789], [77.6638386, 28.7302423], [77.6650621, 28.7290357], [77.6654767, 28.7285485], [77.665871, 28.7282735], [77.666388, 28.7279149], [77.6670713, 28.7271751], [77.6682463, 28.7253144], [77.6693572, 28.723643], [77.6699919, 28.7229348], [77.6702222, 28.7226867], [77.6706878, 28.7230477], [77.6721055, 28.7237246], [77.6742829, 28.7253218], [77.6748816, 28.726073], [77.6755289, 28.7265806], [77.6757157, 28.7267069], [77.6770465, 28.7254912], [77.6782696, 28.7268762], [77.6792421, 28.7260733], [77.6796362, 28.725947], [77.6798589, 28.7260531], [77.6806855, 28.7255771], [77.6813098, 28.7251328], [77.6818499, 28.7245621], [77.6822278, 28.7241139], [77.6822337, 28.7241064], [77.6825817, 28.7242644], [77.6827378, 28.724508], [77.6831805, 28.7248374], [77.6827377, 28.7255975], [77.683096, 28.7258524], [77.6830243, 28.7263283], [77.6831318, 28.726581], [77.683577, 28.726581], [77.6837792, 28.7275013], [77.6838508, 28.7287284], [77.6838559, 28.7290781], [77.6833518, 28.7299667], [77.6828501, 28.7308217], [77.6825251, 28.7314262], [77.6821361, 28.7324525], [77.682136, 28.7329172], [77.6822794, 28.7332669], [77.6829984, 28.734124], [77.6832672, 28.7346429], [77.6832569, 28.7352564], [77.6827527, 28.7358383], [77.6822485, 28.7366932], [77.6821103, 28.7373812], [77.6822177, 28.7379316], [77.6824352, 28.738279], [77.6826988, 28.7386601], [77.6835511, 28.7395489], [77.683917, 28.7399301], [77.6843853, 28.7407219], [77.684672, 28.7411573], [77.6855729, 28.7421182], [77.6862511, 28.7426618], [77.6870906, 28.7434197], [77.6878226, 28.7432393], [77.688529, 28.7438325], [77.6890332, 28.7434287], [77.6894427, 28.7433024], [77.6898625, 28.743325], [77.690144, 28.7434151], [77.6909475, 28.743444], [77.6894632, 28.7458129], [77.6892508, 28.7460115], [77.68943, 28.7463702], [77.6896629, 28.7467964], [77.6897884, 28.7471979], [77.68986, 28.7476062], [77.6900545, 28.7480664], [77.6898088, 28.7483032], [77.6894249, 28.7487521], [77.6889258, 28.7492687], [77.6890639, 28.7494051], [77.6882661, 28.7500372], [77.6880304, 28.7502869], [77.6873046, 28.7507056], [77.6865715, 28.7511847], [77.6862527, 28.7515377], [77.6861995, 28.751713], [77.6859931, 28.7520676], [77.6857965, 28.7522299], [77.6851402, 28.7526055], [77.6845163, 28.7529156], [77.6838081, 28.753395], [77.6834389, 28.7537748], [77.6835471, 28.754002], [77.6840482, 28.7545814], [77.6841748, 28.7548254], [77.6841912, 28.7549521], [77.6841065, 28.755138], [77.6836657, 28.7556763], [77.6832524, 28.756072], [77.6831167, 28.7563176], [77.6831519, 28.7564392], [77.6832926, 28.7565952], [77.6836659, 28.7570023], [77.6837005, 28.7571569], [77.6836671, 28.7572719], [77.6835208, 28.7574184], [77.6827706, 28.7578036], [77.6824221, 28.7580737], [77.6822804, 28.7583082], [77.6822773, 28.7584732], [77.6823909, 28.7587445], [77.6825891, 28.7591655], [77.6827908, 28.7597296], [77.6827975, 28.7600433], [77.6826546, 28.7603384], [77.6823487, 28.7606696], [77.6815754, 28.7612856], [77.6803218, 28.7622137], [77.6796028, 28.7627645], [77.6802853, 28.7635007], [77.6808133, 28.7639815], [77.6811188, 28.7643381], [77.6814066, 28.7649805], [77.6818064, 28.7656355], [77.6822115, 28.7660155], [77.6829364, 28.7666532], [77.6832309, 28.7669326], [77.6837427, 28.7671106], [77.6842448, 28.7674755], [77.6845528, 28.7677], [77.6846957, 28.7680762], [77.6847853, 28.7686277], [77.6847255, 28.769155], [77.6846205, 28.7694286], [77.6843544, 28.7696338], [77.6842506, 28.7698414], [77.6842709, 28.7700948], [77.6844543, 28.7703065], [77.6844125, 28.770537], [77.6840046, 28.7709822], [77.6835246, 28.7712724], [77.6830597, 28.7714197], [77.6829437, 28.7716161], [77.6829371, 28.7719681], [77.6831626, 28.7725986], [77.6836235, 28.7733315], [77.6841635, 28.7738455], [77.6846539, 28.7743368], [77.6847607, 28.7746354], [77.6845758, 28.7751719], [77.6850243, 28.7763242], [77.6856044, 28.7762762], [77.6859822, 28.7761056], [77.6868626, 28.7757772], [77.6881454, 28.7753006], [77.6900394, 28.7746141], [77.6906856, 28.7750402], [77.6905914, 28.7754019], [77.6908608, 28.7756919], [77.6913133, 28.7759529], [77.6918523, 28.7761024], [77.6921227, 28.7763373], [77.692381, 28.7765501], [77.6928105, 28.7769635], [77.6933873, 28.777511], [77.6938444, 28.7777817], [77.6944376, 28.7781203], [77.694942, 28.7785347], [77.6952943, 28.779068], [77.6956445, 28.7797112], [77.6963268, 28.7806344], [77.6969235, 28.7814572], [77.6980574, 28.7826124], [77.6986708, 28.7832154], [77.6996966, 28.784138], [77.7005763, 28.7848604], [77.7015592, 28.7857383], [77.7020396, 28.7861028], [77.7025671, 28.7859453], [77.7027216, 28.7860356], [77.7032374, 28.7865106], [77.7036595, 28.7869843], [77.7038686, 28.7871634], [77.7041388, 28.7870737], [77.7049157, 28.7866007], [77.7051485, 28.786505], [77.7056938, 28.787074], [77.7062269, 28.7876264], [77.7071897, 28.7885865], [77.7076422, 28.7891101], [77.7079883, 28.7896432], [77.7077364, 28.7899257], [77.7076183, 28.7900671], [77.7073054, 28.7904367], [77.7070114, 28.7908011], [77.7067821, 28.791381], [77.7065539, 28.7919004], [77.7064259, 28.7924047], [77.7063561, 28.7928053], [77.706207, 28.7931003], [77.7060984, 28.7932308], [77.7058714, 28.7933485], [77.7056997, 28.7935111], [77.7055512, 28.7937786], [77.7054006, 28.7941505], [77.7050354, 28.7944809], [77.7053569, 28.7948266], [77.7058222, 28.795334], [77.7061374, 28.7958501], [77.7064244, 28.7962063], [77.7070221, 28.7969851], [77.7073037, 28.7969562], [77.707552, 28.7973779], [77.708218, 28.7985152], [77.7084841, 28.7989867], [77.7087443, 28.7996121], [77.7086057, 28.7998412], [77.7079617, 28.8002171], [77.7074428, 28.8005838], [77.70761, 28.8009988], [77.7077645, 28.8014246], [77.7077203, 28.8017926], [77.7076007, 28.8020109], [77.7073812, 28.8023984], [77.7068347, 28.8029022], [77.7071083, 28.8033078], [77.7071671, 28.8041834], [77.7072, 28.8051026], [77.7072513, 28.8057085], [77.7073748, 28.806464], [77.7074646, 28.8070099], [77.7072874, 28.8071339], [77.7073932, 28.807493], [77.7077548, 28.808549], [77.7078927, 28.8091947], [77.7076833, 28.8093732], [77.7078047, 28.8095675], [77.7073345, 28.8099954], [77.7072133, 28.8101312], [77.7072425, 28.8102417], [77.7073881, 28.8104748], [77.7075754, 28.810483], [77.7077707, 28.8107279], [77.7080894, 28.8110625], [77.7078591, 28.8113563], [77.7080673, 28.8115793], [77.7084791, 28.8116072], [77.7088071, 28.8121126], [77.7092292, 28.8125918], [77.7095278, 28.8129976], [77.7094192, 28.8131281], [77.7092069, 28.8131251], [77.7089214, 28.813022], [77.7085071, 28.812796], [77.7077998, 28.8125383], [77.7074255, 28.8125109], [77.7071251, 28.8125396], [77.7067783, 28.8127162], [77.7063674, 28.8129799], [77.705685, 28.8133992], [77.7059238, 28.8136612], [77.7054431, 28.8139844], [77.7046372, 28.814666], [77.7051132, 28.8152725], [77.70449, 28.8155277], [77.7030919, 28.8161403], [77.70192, 28.8166846], [77.7011063, 28.8171075], [77.7000571, 28.8177691], [77.6987271, 28.8187513], [77.6977955, 28.8194641], [77.6964466, 28.8204514], [77.6952952, 28.8212325], [77.6945485, 28.8217444], [77.6935545, 28.8224563], [77.6926347, 28.8232077], [77.6920309, 28.8237657], [77.6922469, 28.8242419], [77.6933722, 28.8262166], [77.6937948, 28.8270094], [77.694599, 28.8284459], [77.6951467, 28.829565], [77.6957498, 28.830729], [77.6962707, 28.8316112], [77.6974875, 28.8332418], [77.6976346, 28.833631], [77.6977868, 28.8343279], [77.6977862, 28.8349975], [77.698132, 28.8361952], [77.698161, 28.8365513], [77.6978498, 28.8373759], [77.6975548, 28.8379157], [77.6968655, 28.8392344], [77.6961152, 28.8406465], [77.6956914, 28.8412909], [77.6947438, 28.8424595], [77.6957028, 28.8430345], [77.6967482, 28.8436355], [77.6969097, 28.8438889], [77.6978473, 28.8451893], [77.6984225, 28.8459855], [77.6990685, 28.8469993], [77.6996929, 28.8478975], [77.6996664, 28.8487593], [77.699802, 28.8507033], [77.699902, 28.8530974], [77.6994884, 28.8536005], [77.6975739, 28.8555839], [77.6965769, 28.856384], [77.6953517, 28.8570282], [77.6935774, 28.8576899], [77.6931376, 28.8580399], [77.6919166, 28.8582112], [77.6913035, 28.8585586], [77.6904508, 28.8593609], [77.6897718, 28.8601401], [77.6888117, 28.8605081], [77.687932, 28.8612081], [77.6873147, 28.8617846], [77.6871603, 28.8623169], [77.6872573, 28.863294], [77.6874172, 28.8640089], [77.6874542, 28.8651294], [77.6873424, 28.8664769], [77.6872438, 28.8686644], [77.6869242, 28.8704499], [77.6868873, 28.8708821], [77.6867765, 28.8720551], [77.686624, 28.8726091], [77.6855628, 28.8737392], [77.6848342, 28.874085], [77.682952, 28.8743123], [77.6818497, 28.8745509], [77.6814064, 28.8750789], [77.680752, 28.8768204], [77.6801682, 28.8771429], [77.6791572, 28.8771282], [77.6774829, 28.877053], [77.6757225, 28.8769511], [77.6740202, 28.8768245], [77.6731002, 28.8765821], [77.6715179, 28.8762283], [77.6705293, 28.8757659], [77.6694953, 28.8754454], [77.6692978, 28.8751881], [77.6684742, 28.8744379], [77.6676144, 28.874069], [77.6669669, 28.8734598], [77.66604, 28.8720463], [77.6649996, 28.8705295], [77.6640445, 28.8690902], [77.6632912, 28.8692064], [77.6627121, 28.8692743], [77.6623092, 28.8691921], [77.6611323, 28.8687931], [77.6611726, 28.8681828], [77.6599519, 28.8685722], [77.6598389, 28.8684433], [77.6591404, 28.868519], [77.6582841, 28.8687384], [77.6572709, 28.8689311], [77.6571738, 28.8687222], [77.6566137, 28.8689808], [77.6563661, 28.8687251], [77.6557908, 28.8688947], [77.6552174, 28.8680709], [77.6543522, 28.8684437], [77.6530325, 28.8690987], [77.6538027, 28.8701923], [77.6533238, 28.8706005], [77.6529767, 28.8702691], [77.6521, 28.8712496], [77.6523442, 28.871484], [77.6535485, 28.8727469], [77.6542916, 28.873499], [77.6532014, 28.8741947], [77.6524722, 28.8746662], [77.6514017, 28.8752139], [77.6521878, 28.8763521], [77.6516246, 28.8767738], [77.6508611, 28.8771035], [77.6504172, 28.877438], [77.6498647, 28.8776625], [77.6492331, 28.8781425], [77.6486178, 28.8786375], [77.647635, 28.8789936], [77.6470585, 28.8792224], [77.6464419, 28.878902], [77.6459639, 28.8792656], [77.6451328, 28.8798695], [77.6438031, 28.8807691], [77.6435225, 28.8804833], [77.6423094, 28.8818878], [77.6414506, 28.880847], [77.6403975, 28.8794459], [77.6397941, 28.8790855], [77.6391088, 28.8793236], [77.6386005, 28.8789025], [77.6382898, 28.8791873], [77.6380571, 28.8790806], [77.6378209, 28.8791598], [77.637012, 28.8797269], [77.636349, 28.8800273], [77.6357882, 28.8798949], [77.6349214, 28.8797994], [77.6342076, 28.8797233], [77.6332913, 28.8797718], [77.6322834, 28.8796948], [77.6301456, 28.8797872], [77.6282912, 28.8797805], [77.6270013, 28.87972], [77.6256152, 28.8797822], [77.6239944, 28.8798409], [77.6227039, 28.8797419], [77.6216799, 28.8798407], [77.6211462, 28.8800152], [77.6199888, 28.8803327], [77.6187208, 28.8807538], [77.6180762, 28.880945], [77.6170812, 28.8796904], [77.6161769, 28.8787015], [77.6157067, 28.8788666], [77.6153555, 28.878498], [77.6142641, 28.8771938], [77.6134356, 28.8762252], [77.6126042, 28.8754], [77.6111567, 28.8763607], [77.6101225, 28.8770529], [77.6089349, 28.8778097], [77.6082338, 28.8781149], [77.6076188, 28.8773406], [77.6066225, 28.8760635], [77.6060988, 28.8756252], [77.6055463, 28.87555], [77.6048287, 28.8755871], [77.6035588, 28.8759123], [77.6026372, 28.8763863], [77.6013683, 28.876855], [77.6007291, 28.8767688], [77.5999536, 28.8764321], [77.5989065, 28.8761008], [77.5980153, 28.8755711], [77.5976149, 28.875498], [77.5971453, 28.875625], [77.5969383, 28.8756601], [77.5966571, 28.8755985], [77.596405, 28.8754412], [77.5959742, 28.875253], [77.5954822, 28.8754178], [77.5950401, 28.8752581], [77.5945463, 28.8749542], [77.5939067, 28.8748968], [77.5928738, 28.8749482], [77.5921631, 28.8751957], [77.5915918, 28.8755314], [77.5910092, 28.8759772], [77.5904501, 28.8768008], [77.5894989, 28.8782401], [77.5880736, 28.8801167], [77.5875134, 28.8809977], [77.5867934, 28.8822944], [77.5865784, 28.8827407], [77.586505, 28.8831604], [77.5864399, 28.883714], [77.5864503, 28.8842975], [77.5866288, 28.8851705], [77.5867712, 28.8867838], [77.5868066, 28.8877599], [77.5868761, 28.8886502], [77.586724, 28.8897669], [77.5862047, 28.8905892], [77.5858106, 28.8909293], [77.5851307, 28.8913859], [77.5841841, 28.8920219], [77.5830412, 28.8927027], [77.582615, 28.8928301], [77.5820501, 28.8928312], [77.5814691, 28.8925451], [77.5805525, 28.891884], [77.5794796, 28.8911983], [77.5779859, 28.8903724], [77.576776, 28.8897157], [77.5761557, 28.8892186], [77.5750234, 28.8882451], [77.5739709, 28.8876268], [77.5730876, 28.88725], [77.5723192, 28.8871045], [77.5714168, 28.8871481], [77.570681, 28.8872412], [77.5700381, 28.8873463], [77.5692411, 28.8875541], [77.5687173, 28.88768], [77.5676274, 28.8878643], [77.5659856, 28.8881539], [77.5652124, 28.8882568], [77.5645453, 28.8884858], [77.5636623, 28.8886445], [77.5629522, 28.8888536], [77.562139, 28.889329], [77.560777, 28.8903185], [77.5600295, 28.8907661], [77.5593327, 28.8902965], [77.5591897, 28.8903899], [77.558504, 28.8910107], [77.5578302, 28.8915741], [77.5569744, 28.8920105], [77.556341, 28.8921826], [77.555653, 28.8925708], [77.5549154, 28.8930664], [77.5537141, 28.8939374], [77.5523197, 28.8948514], [77.5518337, 28.8952647], [77.5514129, 28.8956695], [77.5509774, 28.8962654], [77.5507438, 28.8965487], [77.5503696, 28.8963257], [77.5491655, 28.8951406], [77.5485243, 28.8946048], [77.5480766, 28.8947223], [77.5470464, 28.8951847], [77.5464998, 28.8953579], [77.545913, 28.8942684], [77.5452068, 28.893276], [77.5447021, 28.8924362], [77.5439664, 28.8911913], [77.54348, 28.8899693], [77.5431397, 28.8896007], [77.5427834, 28.8896995], [77.5421832, 28.8898432], [77.5417521, 28.8891194], [77.5416131, 28.8890121], [77.5402723, 28.8892497], [77.5394452, 28.8893231], [77.5394483, 28.8891701], [77.5391642, 28.8887067], [77.5383463, 28.8891235], [77.5376899, 28.8893525], [77.5375874, 28.8890448], [77.5370071, 28.8881848], [77.5368164, 28.8879429], [77.5363757, 28.8882517], [77.535576, 28.8885931], [77.5348327, 28.8888304], [77.5341375, 28.8888292], [77.5337083, 28.8887558], [77.5335765, 28.8882851], [77.5334258, 28.8882159], [77.5327846, 28.8882347], [77.5321625, 28.8883782], [77.5317703, 28.888439], [77.5315266, 28.8881293], [77.5311879, 28.8882293], [77.5308922, 28.888349], [77.5305501, 28.888621], [77.5300107, 28.8889761], [77.5295597, 28.8892657], [77.528942, 28.8897342], [77.5284825, 28.8898993], [77.5277654, 28.8901161], [77.527155, 28.8902215], [77.5263806, 28.8903816], [77.5257568, 28.890611], [77.5252733, 28.8908905], [77.5248747, 28.8912668], [77.524423, 28.891585], [77.5241193, 28.8915611], [77.5237745, 28.8914219], [77.5235857, 28.8916295], [77.5230722, 28.8920288], [77.5222466, 28.8925707], [77.5213121, 28.89313], [77.520707, 28.8935127], [77.5204076, 28.8939584], [77.5201834, 28.8936193], [77.5197448, 28.8932874], [77.5194842, 28.8932738], [77.518905, 28.8935337], [77.5186789, 28.8934346], [77.517965, 28.892735], [77.5176312, 28.8925863], [77.5170633, 28.8927401], [77.5166675, 28.8929731], [77.5160192, 28.8933455], [77.5152809, 28.8935129], [77.5148065, 28.8938784], [77.5144514, 28.8937104], [77.5141313, 28.8939636], [77.5135673, 28.8944617], [77.5130479, 28.8949031], [77.5125517, 28.8952683], [77.5120013, 28.8946942], [77.5110909, 28.8951391], [77.5099934, 28.8956958], [77.5089298, 28.8961861], [77.5078957, 28.8968299], [77.5070265, 28.8973805], [77.5064839, 28.8978885], [77.5060769, 28.8981403], [77.5053356, 28.89854], [77.5048578, 28.8985326], [77.5045266, 28.8987952], [77.5031162, 28.8997868], [77.5023646, 28.9004254], [77.501134, 28.9011138], [77.5005585, 28.9010541], [77.5004757, 28.9009729], [77.4987663, 28.8992959], [77.4975235, 28.897976], [77.4961437, 28.8974178], [77.4947873, 28.8966419], [77.4939722, 28.8964279], [77.4931162, 28.8954083], [77.4917181, 28.8957554], [77.489724, 28.8963614], [77.4885684, 28.8969637], [77.48739, 28.8977502], [77.4863412, 28.8987232], [77.4854636, 28.8997156], [77.4839126, 28.901016], [77.4816343, 28.9015336], [77.4797044, 28.9017883], [77.4773118, 28.9023041], [77.4759016, 28.9022986], [77.4750385, 28.9025701], [77.4740359, 28.9031412], [77.4730646, 28.9031091], [77.4708043, 28.9036771], [77.4688123, 28.9041655], [77.4667251, 28.9046524], [77.4645814, 28.9051048], [77.462569, 28.9056598], [77.4600602, 28.9062573], [77.4574068, 28.9064668], [77.4565624, 28.9067552], [77.4568006, 28.9081509], [77.4572994, 28.9079911], [77.4580444, 28.9079023], [77.4588142, 28.9084679], [77.4595935, 28.9095032], [77.4600169, 28.910231], [77.4602672, 28.9110399], [77.4601478, 28.9122119], [77.4598166, 28.9134979], [77.4593921, 28.9146818], [77.4588737, 28.9157971], [77.4588568, 28.9166186], [77.459006, 28.9177109], [77.4582478, 28.9184367], [77.4591091, 28.9191883], [77.4596483, 28.9198508], [77.4588765, 28.9203081], [77.4594603, 28.9206528], [77.4584149, 28.9214411], [77.4593525, 28.9221938], [77.4588322, 28.9224706], [77.4583275, 28.9229154], [77.4580878, 28.9234482], [77.4586927, 28.9253396], [77.4586968, 28.9253528], [77.4586467, 28.9253699], [77.4569297, 28.9260123], [77.4553209, 28.9263892], [77.4534095, 28.9266439], [77.4517116, 28.9267175], [77.4499759, 28.9267737], [77.4481016, 28.9270792], [77.4473924, 28.9272692], [77.4447133, 28.9277798], [77.4437317, 28.9254668], [77.4411282, 28.9260121], [77.4410751, 28.9230431], [77.4404425, 28.9213729], [77.4418008, 28.920204], [77.442944, 28.9192999], [77.4411571, 28.9172255], [77.4403891, 28.916576], [77.4392344, 28.9161886], [77.4382811, 28.9162069], [77.4377143, 28.9159631], [77.4370395, 28.9144933], [77.4361998, 28.9127023], [77.4351295, 28.9100859], [77.4343377, 28.9078261], [77.4336768, 28.9066081], [77.4328354, 28.9058232], [77.4315871, 28.9044448], [77.4307572, 28.9031067], [77.4302215, 28.9004485], [77.4294884, 28.8981224], [77.4288235, 28.8961832], [77.4296583, 28.895442], [77.428025, 28.8933363], [77.4269223, 28.8922956], [77.4273931, 28.8916491], [77.4258817, 28.8910211], [77.424498, 28.8906634], [77.4225177, 28.8896756], [77.4217999, 28.8884566], [77.4205436, 28.8865581], [77.4216573, 28.8852344], [77.4209423, 28.8838813], [77.4200148, 28.8817533], [77.4195458, 28.8809297], [77.4191156, 28.8800953], [77.4184366, 28.8797657], [77.4157662, 28.8789847], [77.414248, 28.8786919], [77.4115538, 28.8781452], [77.4095418, 28.8777773], [77.4080906, 28.8770159], [77.4077407, 28.8773456], [77.4068127, 28.877079], [77.4055206, 28.8769072], [77.404217, 28.8772885], [77.4028203, 28.8775677], [77.4023336, 28.8753293], [77.4023402, 28.8753248], [77.4033004, 28.8746574], [77.4039042, 28.8740299], [77.404632, 28.8729349], [77.4057771, 28.8710248], [77.4069089, 28.8688294], [77.4079492, 28.8673704], [77.4072761, 28.8658501], [77.4060135, 28.8633643], [77.4049771, 28.8619052], [77.4047728, 28.8607447], [77.4050255, 28.8595916], [77.40531, 28.8587409], [77.404746, 28.8574739], [77.4036035, 28.8556273], [77.4021369, 28.8537923], [77.4025868, 28.8523237], [77.4022408, 28.8515634], [77.4013022, 28.8499884], [77.4036486, 28.8489196], [77.4054326, 28.8483279], [77.4071597, 28.8477186], [77.4083692, 28.8472686], [77.4101054, 28.8462234], [77.4116271, 28.8445037], [77.4110484, 28.8439409], [77.4128677, 28.8425615], [77.4135135, 28.8417334], [77.4141512, 28.8403852], [77.4136407, 28.8392868], [77.4123135, 28.8371689], [77.4082721, 28.8364158], [77.4072402, 28.8374893], [77.4029367, 28.8356082], [77.4027168, 28.8333739], [77.4022235, 28.8323764], [77.4004283, 28.8316931], [77.3970772, 28.830733], [77.392838, 28.8294396], [77.3900773, 28.8284889], [77.3925728, 28.8257455], [77.3943321, 28.8235938], [77.3962186, 28.8217292], [77.3992271, 28.8217614], [77.4021632, 28.8216078], [77.4000495, 28.8197788], [77.4013961, 28.8182241], [77.4034393, 28.816144], [77.4054905, 28.8136782], [77.4048915, 28.8131821], [77.4035951, 28.8123392], [77.4017438, 28.8116215], [77.3998355, 28.8109028], [77.39905, 28.8102191], [77.3984238, 28.8092026], [77.3978992, 28.8078858], [77.3966737, 28.8063899], [77.3942927, 28.8037011], [77.394936, 28.8029903], [77.3970405, 28.8016157], [77.3986077, 28.8004335], [77.4010391, 28.7988964], [77.402738, 28.7977835], [77.4022794, 28.7969541], [77.4028999, 28.7945993], [77.4035405, 28.7931001], [77.4044956, 28.7911364], [77.4048468, 28.789817], [77.404878, 28.7883247], [77.4051578, 28.7876919], [77.405679, 28.7864424], [77.4057369, 28.7845815], [77.4059908, 28.7824393], [77.4059827, 28.7824347], [77.4047659, 28.7818485], [77.4034554, 28.7807873], [77.4022697, 28.7801306], [77.4013254, 28.779763], [77.4001451, 28.7797606], [77.39849, 28.7797002], [77.3973604, 28.7790947], [77.396407, 28.7782573], [77.3951272, 28.776643], [77.3939311, 28.7773951], [77.3927617, 28.7777786], [77.3919934, 28.7781015], [77.3912219, 28.7785754], [77.389565, 28.7795044], [77.3888622, 28.7794259], [77.3877658, 28.7799615], [77.3862707, 28.7804403], [77.3847442, 28.7805998], [77.3823405, 28.7808289], [77.3817537, 28.7806683], [77.380218, 28.7812638], [77.3795445, 28.781605], [77.3788294, 28.7812075], [77.3764876, 28.7821084], [77.374935, 28.7826029], [77.3735328, 28.7831837], [77.3718998, 28.7838781], [77.3704905, 28.7847942], [77.3691125, 28.7860296], [77.3677685, 28.786561], [77.366063, 28.7861807], [77.363876, 28.7860608], [77.3633984, 28.7861368], [77.3625097, 28.7867427], [77.3610597, 28.7877755], [77.361836, 28.7888786], [77.3608866, 28.7896512], [77.3603895, 28.7897437], [77.3594056, 28.790348], [77.3581337, 28.7910651], [77.3583602, 28.7929474], [77.3579409, 28.793863], [77.3584423, 28.7944583], [77.3576958, 28.7955362], [77.3594864, 28.7972934], [77.3587575, 28.7984387], [77.3571983, 28.8001238], [77.3550773, 28.8022524], [77.3529606, 28.8041798], [77.3504254, 28.8051945], [77.3482374, 28.8059969], [77.347543, 28.8037379], [77.346826, 28.8025351], [77.3454493, 28.8001305], [77.3446099, 28.7984225], [77.3437806, 28.797134], [77.3435716, 28.7962248], [77.3430149, 28.7955446], [77.3424938, 28.7958714], [77.3413524, 28.79493], [77.3406568, 28.7954048], [77.3400218, 28.7957129], [77.3390636, 28.7959989], [77.3383712, 28.7963229], [77.3370201, 28.7971726], [77.3351277, 28.798399], [77.3331926, 28.7989538], [77.3309324, 28.7995703], [77.32917, 28.8000608], [77.3285668, 28.8002185], [77.3273109, 28.8006168], [77.3262887, 28.8012203], [77.3257719, 28.8013459], [77.3241936, 28.8021246], [77.3232953, 28.8005161], [77.322097, 28.7986846], [77.3209451, 28.797357], [77.3201096, 28.7963702], [77.3196583, 28.7952221], [77.3175994, 28.7953385], [77.3155993, 28.795372], [77.3142946, 28.7949476], [77.3137423, 28.7949551], [77.3125977, 28.7950533], [77.3111982, 28.7946104], [77.3094103, 28.7936411], [77.3067988, 28.7920204], [77.3046204, 28.7906251], [77.3033153, 28.7919785], [77.302416, 28.7930536], [77.3025918, 28.7937275], [77.3018155, 28.7944021], [77.3005769, 28.7953205], [77.3008921, 28.7957116], [77.2996934, 28.7965468], [77.2985381, 28.7971311], [77.2992487, 28.7977302], [77.2985858, 28.7984402], [77.2971638, 28.799909], [77.2964548, 28.8009873], [77.2974048, 28.8028316], [77.2981631, 28.8047397], [77.298289, 28.8050773], [77.2986442, 28.8062574], [77.2982569, 28.8065528], [77.299766, 28.80896], [77.2976439, 28.8102156], [77.2944847, 28.811873], [77.2927117, 28.8128326], [77.2916478, 28.8135862], [77.2921454, 28.8143494], [77.2925316, 28.8158487], [77.2924972, 28.8174247], [77.292878, 28.8191755], [77.2931578, 28.8211929], [77.2931798, 28.8219313], [77.2926987, 28.8221579], [77.2926936, 28.8223927], [77.2925376, 28.8243021], [77.2926263, 28.8254776], [77.2928266, 28.8267725], [77.2931737, 28.8274492], [77.2926307, 28.8278929], [77.2908915, 28.8290375], [77.2894094, 28.8297504], [77.287266, 28.8310894], [77.2847402, 28.8324889], [77.2828295, 28.8336306], [77.2813473, 28.8343434], [77.2799705, 28.8345883], [77.2778845, 28.8350392], [77.2763063, 28.8349117], [77.2748966, 28.8349213], [77.2738113, 28.8349028], [77.2727613, 28.8341469], [77.2713392, 28.8338543], [77.2687684, 28.8338272], [77.2677479, 28.8338937], [77.2666337, 28.8338914], [77.2651171, 28.8335636], [77.2631545, 28.8335972], [77.2618253, 28.8325513], [77.2614679, 28.8323439], [77.2604551, 28.8324943], [77.2595682, 28.8329823], [77.258909, 28.8335077], [77.2583727, 28.8345049], [77.2579146, 28.8345473], [77.2564474, 28.8319896], [77.2550031, 28.8301199], [77.2534035, 28.8283816], [77.2530615, 28.8274868], [77.2522356, 28.8269359], [77.2523756, 28.8266364], [77.2515486, 28.8261358], [77.251562, 28.8255323], [77.2506156, 28.8252644], [77.2507278, 28.8236394], [77.2490265, 28.8226528], [77.2487998, 28.8227014], [77.248617, 28.8227405], [77.2474913, 28.823229], [77.2470594, 28.8232893], [77.2449375, 28.8232799], [77.2424732, 28.8234541], [77.2408673, 28.8237514], [77.2400764, 28.8233586], [77.2380841, 28.8230534], [77.2360291, 28.8228012], [77.2334841, 28.8224593], [77.2306816, 28.8226275], [77.2292977, 28.8233145], [77.2286494, 28.824109], [77.2287561, 28.8248422], [77.2289145, 28.8260095], [77.2290537, 28.826662], [77.2276044, 28.8282077], [77.2260242, 28.8301033], [77.2270164, 28.8311227], [77.2242787, 28.8325106], [77.2229982, 28.8333822], [77.2220326, 28.8339207], [77.2214282, 28.8304417], [77.2209196, 28.8285844], [77.2209282, 28.8266971], [77.2215161, 28.8252684], [77.2231166, 28.8231092], [77.2236692, 28.8223178], [77.2232111, 28.8214812], [77.2232518, 28.8205845], [77.2231209, 28.8196257], [77.2207713, 28.8187176], [77.2193639, 28.8174872], [77.2184241, 28.8134714], [77.2187202, 28.8108429], [77.2021248, 28.8135672], [77.2006007, 28.8087861], [77.1992428, 28.8045263]]]}, "properties": {"name": "Ghaziabad"}}, {"type": "Feature", "geometry": {"type": "Polygon", "coordinates": [[[76.4745327, 29.2379891], [76.4749773, 29.2374247], [76.475416, 29.2371672], [76.4756643, 29.2369027], [76.4763508, 29.2359882], [76.4767087, 29.2354789], [76.4767546, 29.2347339], [76.4766952, 29.2338187], [76.4766171, 29.2330344], [76.4766334, 29.232019], [76.4766641, 29.2309358], [76.4766209, 29.2300745], [76.4766556, 29.2292665], [76.4766918, 29.2285622], [76.4769171, 29.2277791], [76.4771192, 29.2268068], [76.4772882, 29.2260334], [76.4773403, 29.225365], [76.4774815, 29.224813], [76.4776217, 29.2238278], [76.4777198, 29.2234973], [76.4778384, 29.2227967], [76.4779795, 29.2222356], [76.4785618, 29.2212365], [76.4791193, 29.2206618], [76.4796356, 29.2200786], [76.480159, 29.2196396], [76.4806241, 29.219075], [76.4812614, 29.2183235], [76.4814839, 29.2180593], [76.4817289, 29.2175693], [76.4821616, 29.2169012], [76.4825308, 29.2164483], [76.4826367, 29.2163184], [76.483458, 29.2154971], [76.4840666, 29.2148948], [76.4847058, 29.2142876], [76.4851547, 29.2138681], [76.4852286, 29.213799], [76.4852643, 29.2137646], [76.4856359, 29.2134064], [76.4856584, 29.2133852], [76.4856648, 29.2133791], [76.4862256, 29.2130344], [76.4868669, 29.2125716], [76.4869553, 29.2122773], [76.4879271, 29.2115491], [76.4886244, 29.2106931], [76.4889073, 29.210338], [76.4890921, 29.2099569], [76.48925, 29.2094949], [76.4894204, 29.2088298], [76.4894991, 29.2085807], [76.4898523, 29.2081166], [76.4902707, 29.2075254], [76.4904252, 29.2071852], [76.4906239, 29.2067047], [76.4907071, 29.2060541], [76.4908147, 29.2049655], [76.4909548, 29.2043413], [76.4910704, 29.2037985], [76.4913944, 29.2030865], [76.4916976, 29.2023657], [76.4918819, 29.2019531], [76.4920404, 29.2015317], [76.4921804, 29.2008984], [76.4922622, 29.2005095], [76.4922856, 29.1999994], [76.4924161, 29.1994204], [76.4926468, 29.1986643], [76.4929577, 29.1977584], [76.4931409, 29.1972736], [76.4932016, 29.1964923], [76.4933397, 29.1960892], [76.4933861, 29.1957413], [76.4933607, 29.1950512], [76.4933215, 29.1941222], [76.4932235, 29.1937442], [76.4931541, 29.1932171], [76.4931356, 29.1930007], [76.4930465, 29.1921805], [76.4931094, 29.1911962], [76.4931643, 29.1903699], [76.4933675, 29.1894878], [76.4936389, 29.1886997], [76.4938429, 29.1882326], [76.4940081, 29.1875675], [76.4944484, 29.1870843], [76.4945724, 29.1867671], [76.4947559, 29.1859484], [76.4949768, 29.1855804], [76.4952943, 29.1851392], [76.4956844, 29.1847378], [76.4956146, 29.184531], [76.4954424, 29.1843615], [76.4952156, 29.1843189], [76.495043, 29.1837613], [76.495064, 29.1834362], [76.4952816, 29.1824908], [76.4951853, 29.1818052], [76.4951841, 29.181797], [76.495186, 29.1812195], [76.4951645, 29.1804436], [76.495307, 29.1792779], [76.4956297, 29.1781328], [76.4960918, 29.1773786], [76.4963873, 29.1768384], [76.4971738, 29.1754128], [76.4979057, 29.1748316], [76.4988574, 29.1741667], [76.4991734, 29.1739781], [76.5, 29.1736735], [76.5004854, 29.1733932], [76.5013084, 29.1728887], [76.502075, 29.1723436], [76.5028827, 29.1716857], [76.5036083, 29.1709556], [76.5043595, 29.170248], [76.5050285, 29.1695178], [76.5057026, 29.1689049], [76.5064795, 29.1681793], [76.5078482, 29.1668632], [76.508625, 29.1661782], [76.5093761, 29.1655203], [76.5100192, 29.1649299], [76.5107191, 29.1641546], [76.5113365, 29.1635416], [76.5122005, 29.163184], [76.511954, 29.1628339], [76.5116306, 29.1624817], [76.5115541, 29.1619855], [76.5114215, 29.1610696], [76.5114225, 29.1601945], [76.5112127, 29.1592515], [76.5111565, 29.1588996], [76.5109466, 29.1582407], [76.5108393, 29.1576722], [76.5108656, 29.1571084], [76.5108925, 29.1559762], [76.5099569, 29.1563543], [76.5089905, 29.156543], [76.5081578, 29.1566369], [76.5077007, 29.1563749], [76.506843, 29.155878], [76.5061747, 29.1560442], [76.5053181, 29.1557987], [76.5053065, 29.1557954], [76.5053176, 29.1550556], [76.5050201, 29.1545365], [76.5042705, 29.1539945], [76.5031455, 29.1535424], [76.5020719, 29.1531445], [76.5013787, 29.1527649], [76.500521, 29.1522454], [76.4999999, 29.1520371], [76.499126, 29.1509603], [76.4988976, 29.150801], [76.4986266, 29.1505251], [76.498364, 29.1501374], [76.4983122, 29.1497585], [76.4981416, 29.1489918], [76.4981977, 29.1485993], [76.4977398, 29.1481215], [76.4968137, 29.1472157], [76.496042, 29.1464179], [76.4953166, 29.1456832], [76.4947044, 29.145147], [76.4940408, 29.1444934], [76.4937528, 29.1442185], [76.4932845, 29.1436595], [76.4929346, 29.1432584], [76.4926565, 29.1427128], [76.4924093, 29.1421492], [76.4920849, 29.1416126], [76.4918116, 29.140855], [76.4913946, 29.1400884], [76.4907819, 29.1390063], [76.4901282, 29.1379423], [76.4897527, 29.1375637], [76.489387, 29.1368422], [76.489011, 29.1359628], [76.4886708, 29.1350384], [76.4882381, 29.1340057], [76.4879138, 29.1334602], [76.4874554, 29.1324771], [76.487167, 29.1318594], [76.4869506, 29.1313047], [76.486899, 29.1310656], [76.4866775, 29.1305426], [76.486533, 29.1299472], [76.4865065, 29.1291803], [76.4863362, 29.1285715], [76.48631, 29.1280933], [76.4862478, 29.1275475], [76.4860772, 29.1265507], [76.4860861, 29.1260613], [76.4860868, 29.1260229], [76.4861529, 29.1252785], [76.4861523, 29.1247552], [76.4863467, 29.1240559], [76.4862431, 29.123253], [76.4862937, 29.1225222], [76.4862008, 29.122053], [76.4860462, 29.1216743], [76.485614, 29.1210566], [76.4856136, 29.1206912], [76.48549, 29.120371], [76.4859308, 29.119491], [76.4859819, 29.1192383], [76.486048, 29.1186428], [76.4859547, 29.1177948], [76.4858875, 29.1173753], [76.4858196, 29.1163784], [76.4857677, 29.1159589], [76.4856904, 29.1156703], [76.4854022, 29.1152013], [76.485245, 29.1147616], [76.4850879, 29.114322], [76.4849846, 29.1138529], [76.484897, 29.1135417], [76.4845058, 29.1128202], [76.4841148, 29.1122927], [76.4839553, 29.1120538], [76.4838109, 29.1114359], [76.4834355, 29.1110708], [76.4827311, 29.110521], [76.4827054, 29.1104308], [76.4826281, 29.1102143], [76.4825863, 29.1096189], [76.4824622, 29.1088611], [76.4819528, 29.1080044], [76.4813151, 29.1073192], [76.4811556, 29.1070821], [76.4811454, 29.1070668], [76.481104, 29.1068277], [76.4810775, 29.1060382], [76.4809995, 29.1051], [76.4808961, 29.1043242], [76.4809056, 29.1036024], [76.480766, 29.1028582], [76.4806628, 29.1023575], [76.4806108, 29.1017621], [76.4806464, 29.1013606], [76.4806974, 29.1009816], [76.4805683, 29.1003863], [76.4803623, 29.0998495], [76.4802799, 29.0995158], [76.480007, 29.0989341], [76.4797186, 29.0981674], [76.4794096, 29.0973782], [76.4790956, 29.0965891], [76.4788948, 29.0962329], [76.4786164, 29.095191], [76.4782762, 29.0940138], [76.4780031, 29.0930983], [76.4778231, 29.0927782], [76.4776968, 29.092523], [76.4775265, 29.0921652], [76.4775175, 29.092146], [76.4838915, 29.0889591], [76.4856247, 29.0878259], [76.4879563, 29.0869433], [76.4905622, 29.0859408], [76.4926569, 29.0843718], [76.4947891, 29.0824431], [76.4975571, 29.0810157], [76.498779, 29.0805035], [76.501572, 29.0796209], [76.5047889, 29.0785421], [76.5061978, 29.0782805], [76.5074945, 29.0777902], [76.5085294, 29.077169], [76.5091778, 29.0769402], [76.509876, 29.076853], [76.5105743, 29.0770165], [76.5111728, 29.0776267], [76.5115842, 29.0784222], [76.5120705, 29.0794465], [76.5126067, 29.080449], [76.5140779, 29.082563], [76.5151627, 29.0841103], [76.516235, 29.0849166], [76.5173198, 29.0847205], [76.5187287, 29.0843064], [76.5197761, 29.0840013], [76.5208608, 29.0837507], [76.5215466, 29.0837507], [76.5220329, 29.0843064], [76.5226438, 29.0852326], [76.5243894, 29.0875862], [76.5254867, 29.0878041], [76.5262348, 29.0886975], [76.5271076, 29.090114], [76.5274816, 29.0908985], [76.5283794, 29.0917701], [76.5295514, 29.0912472], [76.530524, 29.0913561], [76.531297, 29.0921188], [76.5317958, 29.093143], [76.5322446, 29.0939928], [76.5331174, 29.0940364], [76.53409, 29.0939492], [76.535287, 29.0942325], [76.5371323, 29.0963462], [76.5377557, 29.0974357], [76.539626, 29.0976754], [76.5407981, 29.0966512], [76.5419701, 29.0957143], [76.5425686, 29.095017], [76.5428928, 29.0941671], [76.543616, 29.093557], [76.5447381, 29.0926636], [76.5456608, 29.092097], [76.5470074, 29.09116], [76.54798, 29.0887847], [76.5481795, 29.0875862], [76.5488278, 29.0872157], [76.5494762, 29.0862568], [76.5494762, 29.0849929], [76.5499251, 29.0838597], [76.5505236, 29.0820073], [76.5506732, 29.0805907], [76.5510472, 29.0797625], [76.552344, 29.0790651], [76.5537903, 29.0783241], [76.5564835, 29.0752729], [76.5594012, 29.0725922], [76.561072, 29.0714152], [76.5616954, 29.070478], [76.5617702, 29.069519], [76.56187, 29.0687562], [76.5633911, 29.0653341], [76.564102, 29.0636741], [76.5640847, 29.0634174], [76.5640754, 29.0630816], [76.5637008, 29.0627071], [76.563701, 29.0622334], [76.5651755, 29.0606326], [76.5659514, 29.059645], [76.5663008, 29.0592662], [76.5666758, 29.0589867], [76.5670506, 29.0587974], [76.5671518, 29.0587809], [76.5672104, 29.0587714], [76.5687913, 29.0585139], [76.5695153, 29.0585367], [76.5700545, 29.0583475], [76.5706964, 29.0580455], [76.5711534, 29.057951], [76.571631, 29.0576894], [76.5735102, 29.0576677], [76.5754353, 29.0580202], [76.5766418, 29.0583771], [76.5776584, 29.0584225], [76.5788137, 29.0581387], [76.5795891, 29.057954], [76.5799646, 29.0580402], [76.5799905, 29.0580461], [76.5804156, 29.0581437], [76.5818118, 29.0590645], [76.5831207, 29.059701], [76.5847276, 29.0602428], [76.5858263, 29.0603604], [76.587033, 29.0601262], [76.5886657, 29.0601491], [76.5905192, 29.0604789], [76.5929837, 29.0605969], [76.5941852, 29.0604798], [76.5946935, 29.0601281], [76.5951813, 29.0599387], [76.5954228, 29.0594921], [76.5958234, 29.0590682], [76.5964139, 29.0588788], [76.5969223, 29.0585496], [76.5973355, 29.0582649], [76.597384, 29.0582315], [76.5986631, 29.05735], [76.5993101, 29.0571606], [76.6016101, 29.057937], [76.6038898, 29.0569945], [76.6050964, 29.0566654], [76.6062723, 29.0562912], [76.6074789, 29.0560793], [76.6094607, 29.0560524], [76.6103746, 29.0560299], [76.6158117, 29.0558184], [76.6181426, 29.0555794], [76.6186767, 29.0553223], [76.6190257, 29.0550381], [76.6195597, 29.054569], [76.6202323, 29.0545464], [76.6230715, 29.0551826], [76.6242523, 29.0545194], [76.6251354, 29.0540278], [76.6264189, 29.053933], [76.6277332, 29.0542623], [76.6295815, 29.0541224], [76.6312963, 29.0544516], [76.6319433, 29.0543343], [76.6326363, 29.0542395], [76.6338685, 29.0544515], [76.6344588, 29.0537431], [76.6353162, 29.0537205], [76.6357988, 29.0532964], [76.6363892, 29.0533415], [76.6370309, 29.0527053], [76.6370637, 29.052586], [76.6370668, 29.0525745], [76.6381296, 29.0524346], [76.6387405, 29.0524119], [76.6396492, 29.0523216], [76.6404193, 29.0521772], [76.6409532, 29.0519922], [76.6413793, 29.051947], [76.6417695, 29.0520236], [76.6423857, 29.0523123], [76.64274, 29.052452], [76.6430121, 29.0524746], [76.6435254, 29.0524069], [76.6441005, 29.0522218], [76.6451067, 29.0520637], [76.6456509, 29.0520186], [76.6460359, 29.0520771], [76.6462978, 29.0522079], [76.6466366, 29.0520951], [76.6467137, 29.052244], [76.6470064, 29.052483], [76.6471758, 29.0528258], [76.6473813, 29.0532588], [76.6475096, 29.0534167], [76.6496249, 29.05352], [76.6510626, 29.0536055], [76.6512679, 29.0537182], [76.6520999, 29.0546023], [76.6526082, 29.0550893], [76.652906, 29.054963], [76.6533397, 29.054717], [76.6533834, 29.0546922], [76.6534963, 29.0545434], [76.6553134, 29.0531806], [76.6561192, 29.0525488], [76.6574384, 29.0515605], [76.6581877, 29.0509514], [76.6589423, 29.0504414], [76.6609234, 29.0489883], [76.6617601, 29.0484107], [76.6624324, 29.0478285], [76.6627763, 29.0475893], [76.6639003, 29.0469709], [76.6650604, 29.0465331], [76.6664462, 29.0458199], [76.6679655, 29.0450931], [76.6689458, 29.0447048], [76.6706447, 29.0438245], [76.6714196, 29.0432513], [76.6723434, 29.0427187], [76.6729078, 29.042308], [76.6734365, 29.0420281], [76.6742936, 29.0415947], [76.6750788, 29.0412425], [76.6761721, 29.040782], [76.6771266, 29.0403169], [76.6782866, 29.0400142], [76.6795185, 29.0396709], [76.6825056, 29.0388667], [76.6850411, 29.0383016], [76.6891267, 29.0373704], [76.6900609, 29.0372121], [76.6931362, 29.0379414], [76.6944659, 29.0381932], [76.6949126, 29.0383058], [76.6953899, 29.0383101], [76.6961858, 29.0385984], [76.6974027, 29.0389767], [76.6979315, 29.0389447], [76.6981372, 29.0388339], [76.6981941, 29.0388032], [76.6989981, 29.0374374], [76.7000184, 29.0358445], [76.701054, 29.0339943], [76.7016537, 29.033006], [76.7020537, 29.0323697], [76.7024483, 29.031589], [76.7026325, 29.0314483], [76.7026342, 29.031447], [76.7028382, 29.0312911], [76.7038799, 29.0308799], [76.704398, 29.0305007], [76.7049315, 29.0299816], [76.7055006, 29.0292685], [76.7058289, 29.0288893], [76.7061829, 29.0285914], [76.7065573, 29.0283656], [76.7075271, 29.0279725], [76.7083584, 29.0276157], [76.7092204, 29.0273084], [76.7099592, 29.026974], [76.7111599, 29.0265041], [76.7118424, 29.0262691], [76.7128737, 29.0259527], [76.7134946, 29.0257447], [76.7145259, 29.0252432], [76.7153621, 29.0247961], [76.7165523, 29.0240645], [76.7180142, 29.0231341], [76.7190449, 29.0219741], [76.7199988, 29.0212381], [76.7209886, 29.0204209], [76.7213783, 29.0200958], [76.7215118, 29.0200822], [76.7215162, 29.0193468], [76.7216385, 29.0183317], [76.7217758, 29.0170865], [76.7218626, 29.0165181], [76.7219595, 29.0158864], [76.7222568, 29.0155614], [76.7228058, 29.0153625], [76.7232367, 29.0151095], [76.7238931, 29.0146218], [76.7240466, 29.014085], [76.7246103, 29.0132815], [76.7248462, 29.0130648], [76.7254462, 29.0125862], [76.7257128, 29.0122702], [76.7260866, 29.0114624], [76.7263121, 29.0111464], [76.7266097, 29.0110334], [76.7275742, 29.0108026], [76.7283335, 29.0105539], [76.7295598, 29.0103455], [76.7307502, 29.0101009], [76.7321608, 29.0093915], [76.7325967, 29.0091882], [76.7342536, 29.0085237], [76.7345358, 29.0083972], [76.7347769, 29.0083428], [76.7356591, 29.0079135], [76.7365566, 29.007412], [76.7364582, 29.0065324], [76.7363345, 29.006104], [76.7360818, 29.0048817], [76.7358963, 29.0041555], [76.7358548, 29.0038262], [76.7355818, 29.0028159], [76.7354939, 29.0021845], [76.7351844, 29.0007096], [76.7350721, 29.0000015], [76.7349678, 28.9997683], [76.7348489, 28.9989158], [76.7346686, 28.9983025], [76.7345812, 28.998086], [76.7344425, 28.998032], [76.7343655, 28.9979734], [76.7343346, 28.9978516], [76.7342727, 28.9976261], [76.7342517, 28.9971164], [76.7343791, 28.9962547], [76.734604, 28.9954063], [76.7352587, 28.9935652], [76.7354273, 28.9928072], [76.7354167, 28.9924779], [76.7353239, 28.9921035], [76.7352371, 28.9912722], [76.7352358, 28.99126], [76.7353945, 28.9909487], [76.7368143, 28.989576], [76.7364189, 28.989211], [76.7359206, 28.9887332], [76.7352529, 28.9881112], [76.7343441, 28.9873947], [76.7327877, 28.9857899], [76.7325104, 28.9856007], [76.7324333, 28.9854113], [76.7319394, 28.984117], [76.7316926, 28.9835893], [76.7315691, 28.9832421], [76.7314093, 28.9825791], [76.7310445, 28.9819569], [76.7304944, 28.980852], [76.7299342, 28.9799592], [76.7293482, 28.9788816], [76.728947, 28.9777947], [76.7285509, 28.9766717], [76.7281549, 28.975711], [76.7275688, 28.9745115], [76.7272809, 28.9738712], [76.7267876, 28.9730956], [76.7265615, 28.9726853], [76.7261966, 28.9720044], [76.726063, 28.9717654], [76.7267246, 28.9715844], [76.7281191, 28.9707804], [76.7313431, 28.9679493], [76.7320348, 28.9671728], [76.7328241, 28.9666173], [76.7337724, 28.9658812], [76.7356999, 28.9647609], [76.7366432, 28.9642007], [76.7376377, 28.9635863], [76.738494, 28.9632067], [76.7395348, 28.9627502], [76.740524, 28.9620771], [76.7414057, 28.9616162], [76.742416, 28.9614169], [76.7438369, 28.9613163], [76.7460936, 28.961197], [76.75, 28.9613861], [76.7501111, 28.9614866], [76.750173, 28.9616058], [76.7505019, 28.9622388], [76.7507195, 28.962422], [76.7511527, 28.9628868], [76.7515116, 28.963247], [76.7517848, 28.9637316], [76.7520603, 28.9641395], [76.7522805, 28.9645055], [76.7525772, 28.9648868], [76.7526059, 28.9649597], [76.7526713, 28.9650063], [76.7527424, 28.9650305], [76.7530187, 28.9650593], [76.7534883, 28.9651467], [76.7537814, 28.9653022], [76.75422, 28.9653934], [76.7554688, 28.9653359], [76.7565324, 28.9654683], [76.7580652, 28.9655255], [76.7590442, 28.9655656], [76.759692, 28.9655261], [76.7598354, 28.9650103], [76.7600715, 28.9646546], [76.760664, 28.9640497], [76.7609366, 28.9636767], [76.761094, 28.9632064], [76.7613894, 28.9618772], [76.7615136, 28.9613158], [76.7616688, 28.9609222], [76.7617554, 28.9605902], [76.7618931, 28.9604443], [76.7623385, 28.9599534], [76.7625325, 28.9598134], [76.7626174, 28.95954], [76.7626883, 28.9593972], [76.7628034, 28.959323], [76.7629884, 28.9593137], [76.7631925, 28.9591784], [76.7635098, 28.9588561], [76.7636906, 28.958639], [76.7639298, 28.9585316], [76.7642755, 28.9582911], [76.7646013, 28.9580277], [76.764975, 28.9577066], [76.7652667, 28.9573838], [76.7655795, 28.9570388], [76.7658978, 28.9566804], [76.7661139, 28.9563107], [76.7667309, 28.9555618], [76.7671639, 28.9549668], [76.7677823, 28.9541729], [76.7681677, 28.9538025], [76.7690701, 28.9529472], [76.7694848, 28.9526271], [76.7699445, 28.9523486], [76.7708291, 28.9517502], [76.7717813, 28.9511218], [76.7727763, 28.9506071], [76.7732174, 28.9502605], [76.7740424, 28.949593], [76.7743998, 28.9493032], [76.7746569, 28.9489298], [76.7749552, 28.9485529], [76.774978, 28.9484276], [76.7750216, 28.9482114], [76.7749736, 28.9480975], [76.7745993, 28.9472045], [76.7741711, 28.9460485], [76.7737265, 28.9451043], [76.7732825, 28.944142], [76.7730279, 28.943721], [76.7727677, 28.943318], [76.7725335, 28.942902], [76.7722241, 28.9424257], [76.7719247, 28.9419586], [76.7716177, 28.9415771], [76.7713266, 28.9411779], [76.7712094, 28.9409721], [76.7711377, 28.9403866], [76.7711141, 28.9401937], [76.7710763, 28.939728], [76.7710954, 28.9396021], [76.7712217, 28.9394921], [76.7714035, 28.9394149], [76.7715935, 28.9392342], [76.7717081, 28.9389975], [76.7716617, 28.9381254], [76.7720575, 28.9377462], [76.7728835, 28.9372187], [76.7731782, 28.9367875], [76.7735205, 28.9363078], [76.7740398, 28.9359178], [76.7748639, 28.9352774], [76.7758581, 28.9347852], [76.7769845, 28.9343367], [76.777516, 28.9338792], [76.7777854, 28.9334339], [76.7777679, 28.9329777], [76.7777696, 28.9318585], [76.7777852, 28.9313217], [76.7779529, 28.9308471], [76.7784227, 28.9305688], [76.7787152, 28.9303903], [76.7790867, 28.9303174], [76.7802398, 28.9300048], [76.7814844, 28.9297213], [76.7827433, 28.9294788], [76.7838547, 28.9291878], [76.7848826, 28.9285925], [76.7859017, 28.9277714], [76.7868497, 28.9270976], [76.7874699, 28.926764], [76.7878992, 28.9264667], [76.7887573, 28.9258856], [76.7892588, 28.9255764], [76.7897262, 28.9253793], [76.7908307, 28.9251467], [76.7908607, 28.9251407], [76.7923169, 28.924846], [76.7949085, 28.9244571], [76.7955617, 28.9247561], [76.7988854, 28.9265544], [76.7999145, 28.9271596], [76.8009753, 28.9277339], [76.8021459, 28.9282339], [76.8033314, 28.9285762], [76.8043746, 28.9288703], [76.8049813, 28.9290057], [76.8055179, 28.9290763], [76.8061467, 28.9291535], [76.8068487, 28.9291827], [76.8075086, 28.929247], [76.8082329, 28.929394], [76.8088009, 28.9296233], [76.8093221, 28.9298741], [76.8099121, 28.9300542], [76.8105738, 28.9302359], [76.8117916, 28.9305248], [76.8128146, 28.9309898], [76.8130427, 28.9310851], [76.8134067, 28.9312738], [76.8139052, 28.9314202], [76.8144032, 28.9315893], [76.8149183, 28.931515], [76.8157623, 28.9312449], [76.816528, 28.9310227], [76.8169151, 28.9311215], [76.8174527, 28.9313365], [76.8180278, 28.9313177], [76.8186914, 28.9312557], [76.8190083, 28.931175], [76.8191152, 28.9311478], [76.81942, 28.9305362], [76.819526, 28.9300602], [76.8196437, 28.9297152], [76.8200331, 28.9295524], [76.8204422, 28.929241], [76.8207436, 28.9287467], [76.8211275, 28.9277036], [76.8216289, 28.9266767], [76.8219093, 28.9262], [76.8220944, 28.925649], [76.8220953, 28.9252563], [76.8219656, 28.9247705], [76.8219672, 28.9243554], [76.8221145, 28.9242277], [76.8225087, 28.923898], [76.822966, 28.9235155], [76.8241744, 28.9221612], [76.8248711, 28.9212965], [76.8251348, 28.9208454], [76.8251732, 28.9207797], [76.8262901, 28.9184981], [76.8266981, 28.9171441], [76.8271043, 28.9158533], [76.8272596, 28.9149089], [76.8271344, 28.9139042], [76.8271251, 28.913866], [76.8270104, 28.913396], [76.8269312, 28.9127578], [76.8268902, 28.9124004], [76.8268905, 28.9118498], [76.8268842, 28.9113531], [76.8265359, 28.9109753], [76.8264245, 28.9105667], [76.826325, 28.9100996], [76.8262915, 28.9096566], [76.8262946, 28.9091918], [76.8262646, 28.9088029], [76.8260994, 28.9083028], [76.8259107, 28.9073689], [76.825848, 28.906871], [76.8257595, 28.9063771], [76.8257646, 28.9058402], [76.8258389, 28.905395], [76.8259031, 28.9049451], [76.8259022, 28.9046156], [76.825806, 28.9043923], [76.8257467, 28.9041337], [76.82568, 28.9039562], [76.8256926, 28.9036947], [76.8256891, 28.90346], [76.8257458, 28.9029106], [76.8258502, 28.9024887], [76.8259954, 28.9017156], [76.8259511, 28.9013313], [76.8259296, 28.9011454], [76.8257765, 28.9007629], [76.8252465, 28.8999252], [76.824812, 28.8991574], [76.8246259, 28.8986703], [76.8244802, 28.8978457], [76.8243487, 28.897423], [76.8241169, 28.8969214], [76.8236546, 28.8960491], [76.8231539, 28.8952662], [76.8229451, 28.8948554], [76.8227047, 28.8944755], [76.8220334, 28.8937384], [76.8216466, 28.8929175], [76.8214581, 28.8925161], [76.8213307, 28.8919491], [76.8211966, 28.8914406], [76.8211024, 28.8909691], [76.8208654, 28.8904674], [76.8208299, 28.8902771], [76.8207059, 28.8901299], [76.8204047, 28.8897215], [76.8201659, 28.8892874], [76.8200657, 28.8888474], [76.8199792, 28.8886424], [76.8198116, 28.8884085], [76.8194145, 28.8881244], [76.8191775, 28.8876272], [76.8190263, 28.887177], [76.8189258, 28.886746], [76.8188207, 28.8862968], [76.8187535, 28.8857808], [76.8186607, 28.8852597], [76.8185773, 28.8847704], [76.8185187, 28.8843087], [76.8184247, 28.8838327], [76.8183168, 28.8833023], [76.8182704, 28.8829537], [76.8181106, 28.8824447], [76.8180205, 28.8821899], [76.8178225, 28.8819418], [76.8176932, 28.881623], [76.8174259, 28.881107], [76.8171306, 28.8806762], [76.8168563, 28.8802278], [76.8166752, 28.8799259], [76.8164902, 28.8792222], [76.8164065, 28.8789225], [76.8162698, 28.8786847], [76.8159968, 28.8781912], [76.8158087, 28.8775958], [76.8157618, 28.8772652], [76.8156634, 28.8769426], [76.8155115, 28.876515], [76.8153048, 28.8760365], [76.8150517, 28.8755614], [76.8147754, 28.8750047], [76.813319, 28.8725079], [76.8121392, 28.8707395], [76.8118681, 28.8703589], [76.8115509, 28.8699772], [76.8094699, 28.8679856], [76.809231, 28.8677365], [76.8096456, 28.867347], [76.8103846, 28.8666654], [76.8112026, 28.8660337], [76.8115855, 28.8657353], [76.8117833, 28.8656314], [76.8122095, 28.8654332], [76.8131446, 28.8650072], [76.8135291, 28.8648307], [76.8136869, 28.8646898], [76.8138534, 28.8644272], [76.8140254, 28.8645077], [76.8143449, 28.8644517], [76.8152965, 28.8639899], [76.817101, 28.8631047], [76.8184736, 28.8624401], [76.8190791, 28.8622389], [76.8191103, 28.8622286], [76.8197467, 28.86185], [76.8216181, 28.8609527], [76.8227992, 28.8603515], [76.8230723, 28.8601229], [76.8233393, 28.8601108], [76.82387, 28.8603753], [76.8244008, 28.8606398], [76.8247836, 28.8608785], [76.8251665, 28.8611171], [76.8252983, 28.8611697], [76.8259089, 28.8610636], [76.8265195, 28.8609575], [76.8269868, 28.8609318], [76.8274541, 28.860906], [76.8281, 28.860909], [76.8287459, 28.860912], [76.8293384, 28.8608123], [76.8299525, 28.8606725], [76.8305666, 28.8605326], [76.8316023, 28.8603524], [76.832638, 28.8601722], [76.8332104, 28.8601442], [76.8337829, 28.8601162], [76.8343389, 28.8601263], [76.8348949, 28.8601363], [76.8353328, 28.860243], [76.8357706, 28.8603497], [76.8360547, 28.8604553], [76.8363389, 28.8605608], [76.8366172, 28.8605083], [76.836824, 28.8605377], [76.8370308, 28.8605671], [76.8373645, 28.8606422], [76.8376982, 28.8607172], [76.8381908, 28.8608838], [76.8386834, 28.8610504], [76.8395034, 28.8614205], [76.8403235, 28.8617907], [76.8408351, 28.8620096], [76.8413467, 28.8622285], [76.8416622, 28.8624927], [76.8420357, 28.8623407], [76.8424091, 28.8621887], [76.8427091, 28.8620982], [76.843009, 28.8620078], [76.8433557, 28.8619861], [76.8437024, 28.8619644], [76.8441169, 28.8619036], [76.8445313, 28.8618428], [76.8450491, 28.8616668], [76.8455668, 28.8614909], [76.846229, 28.8611896], [76.8468913, 28.8608882], [76.8472387, 28.8607514], [76.8473031, 28.8604685], [76.8473675, 28.8601856], [76.8475044, 28.8598794], [76.8476413, 28.8595732], [76.8481823, 28.8586666], [76.8487232, 28.8577601], [76.8495661, 28.8566953], [76.8504089, 28.8556306], [76.8510922, 28.8548558], [76.8517755, 28.854081], [76.8528611, 28.8530396], [76.8532456, 28.8527705], [76.85363, 28.8525014], [76.8538962, 28.8523334], [76.8541624, 28.8521655], [76.854629, 28.8519839], [76.8550955, 28.8518023], [76.8555722, 28.8516232], [76.855987, 28.8513683], [76.8564018, 28.8511134], [76.8568813, 28.8508373], [76.8573607, 28.8505612], [76.8580024, 28.8501668], [76.8586442, 28.8497724], [76.8590117, 28.849557], [76.8593792, 28.8493417], [76.8607713, 28.8483341], [76.862109, 28.8472576], [76.8624795, 28.8468459], [76.8630238, 28.8459055], [76.8634749, 28.8449969], [76.863693, 28.8445345], [76.8638367, 28.843987], [76.8640443, 28.8436215], [76.864252, 28.8432559], [76.8645143, 28.8426816], [76.8647766, 28.8421074], [76.8650465, 28.8414431], [76.8653164, 28.8407787], [76.8656217, 28.8397698], [76.8657076, 28.8392685], [76.8657935, 28.8387671], [76.8659271, 28.8378493], [76.8660128, 28.8376255], [76.8660986, 28.8374017], [76.8663662, 28.8369088], [76.8666339, 28.8364159], [76.8670668, 28.8354233], [76.8675826, 28.834401], [76.8680739, 28.8335181], [76.8683709, 28.832983], [76.8683817, 28.8329651], [76.8684221, 28.8320791], [76.8684624, 28.8311931], [76.8685008, 28.8302844], [76.8685393, 28.8293758], [76.8685865, 28.8283365], [76.8686337, 28.8272971], [76.8686594, 28.8269321], [76.8685418, 28.8260133], [76.8684242, 28.8250945], [76.8684342, 28.824465], [76.8684413, 28.8235783], [76.8684148, 28.8230914], [76.8687465, 28.8232961], [76.8690364, 28.8234672], [76.8693263, 28.8236382], [76.8694785, 28.8236935], [76.8696307, 28.8237487], [76.869947, 28.8236202], [76.8705607, 28.8232116], [76.8711477, 28.8228208], [76.8711744, 28.822803], [76.8717072, 28.8224468], [76.87224, 28.8220905], [76.8726599, 28.8217409], [76.8730798, 28.8213912], [76.8736886, 28.8208809], [76.8738647, 28.8208171], [76.8740779, 28.8207089], [76.8743843, 28.8205666], [76.8746907, 28.8204244], [76.8750219, 28.8201269], [76.8753532, 28.8198295], [76.8757672, 28.8196851], [76.8761813, 28.8195406], [76.8767192, 28.8195501], [76.877257, 28.8195596], [76.8776007, 28.819549], [76.8777726, 28.8195437], [76.8779444, 28.8195384], [76.8786318, 28.8195173], [76.878932, 28.8193185], [76.8791773, 28.8191561], [76.8792323, 28.8191197], [76.879404, 28.8190286], [76.8797451, 28.8188352], [76.8800863, 28.8186418], [76.8806822, 28.8184088], [76.8812781, 28.8181758], [76.8816322, 28.8180684], [76.8819863, 28.817961], [76.8824173, 28.8175754], [76.8828484, 28.8171899], [76.8830856, 28.8170461], [76.8833228, 28.8169023], [76.8834906, 28.8168608], [76.8836583, 28.8168193], [76.8838286, 28.8166876], [76.8839988, 28.8165559], [76.8840772, 28.8163207], [76.8841555, 28.8160854], [76.8843239, 28.8159288], [76.8844923, 28.8157723], [76.8847013, 28.8156279], [76.8849104, 28.8154835], [76.8850792, 28.8153111], [76.885248, 28.8151388], [76.8855313, 28.8144498], [76.8858145, 28.8137609], [76.8859467, 28.8136148], [76.8864451, 28.8132036], [76.8870406, 28.8126185], [76.8871736, 28.8120798], [76.8872145, 28.8113495], [76.8873391, 28.8101967], [76.887372, 28.8099258], [76.8873724, 28.8099221], [76.8874603, 28.8093463], [76.8874111, 28.8083567], [76.887348, 28.8079582], [76.8872848, 28.8075596], [76.8874539, 28.8071051], [76.8876229, 28.8066507], [76.8876232, 28.8063663], [76.8876235, 28.806082], [76.8875437, 28.8058207], [76.8874639, 28.8055594], [76.8874428, 28.8053062], [76.8874217, 28.805053], [76.8874594, 28.8048056], [76.887497, 28.8045581], [76.8875666, 28.8043611], [76.8876362, 28.804164], [76.8876709, 28.80393], [76.8877057, 28.8036961], [76.8877628, 28.8034874], [76.8878198, 28.8032788], [76.888043, 28.8029022], [76.8882663, 28.8025257], [76.8885329, 28.8021546], [76.8887995, 28.8017835], [76.8890318, 28.8013552], [76.8890889, 28.8010541], [76.889146, 28.8007529], [76.8893179, 28.8003775], [76.8894899, 28.8000021], [76.8897296, 28.7995853], [76.8899693, 28.7991684], [76.8902892, 28.798812], [76.8906092, 28.7984556], [76.8913432, 28.7978622], [76.891948, 28.7974917], [76.8930374, 28.7968293], [76.8936684, 28.7966218], [76.8941847, 28.796299], [76.8949129, 28.7959086], [76.8954079, 28.7957974], [76.8955324, 28.7957437], [76.8956569, 28.79569], [76.8960712, 28.7954417], [76.8964332, 28.7952247], [76.8964855, 28.7951934], [76.8973269, 28.7962565], [76.8981683, 28.7973196], [76.8988828, 28.7965046], [76.8992125, 28.7962567], [76.8995422, 28.7960089], [76.8999359, 28.7956743], [76.9003295, 28.7953398], [76.9004831, 28.7953432], [76.9008039, 28.7955092], [76.9014454, 28.7958413], [76.9017661, 28.7960073], [76.9021104, 28.7958794], [76.9024547, 28.7957514], [76.9026183, 28.7955812], [76.9027819, 28.7954109], [76.9030195, 28.7953416], [76.9032572, 28.7952723], [76.9034988, 28.7951534], [76.9037403, 28.7950345], [76.9040527, 28.7949487], [76.9043651, 28.7948629], [76.9047293, 28.7948505], [76.9050934, 28.794838], [76.9052951, 28.7948627], [76.9054968, 28.7948874], [76.9057612, 28.7949608], [76.9060256, 28.7950342], [76.9062888, 28.7949677], [76.906552, 28.7949011], [76.9070063, 28.7947778], [76.9074607, 28.7946545], [76.9078334, 28.7945181], [76.9082061, 28.7943817], [76.9087714, 28.7941366], [76.9093367, 28.7938915], [76.9099581, 28.7938418], [76.9104191, 28.7937569], [76.91088, 28.7936721], [76.9112437, 28.7935829], [76.9116074, 28.7934937], [76.911858, 28.7934956], [76.9121086, 28.7934975], [76.9121223, 28.793516], [76.9124005, 28.7938887], [76.9126924, 28.7942799], [76.913151, 28.7946486], [76.9136095, 28.7950173], [76.9141869, 28.7953547], [76.9147642, 28.7956922], [76.9154067, 28.7959904], [76.9158946, 28.7961318], [76.9162865, 28.7962305], [76.9166783, 28.7963292], [76.9171459, 28.7964656], [76.9176135, 28.7966021], [76.9180095, 28.7967347], [76.9184055, 28.7968674], [76.91881, 28.7970611], [76.919049, 28.7972197], [76.919288, 28.7973783], [76.9196682, 28.797804], [76.9198583, 28.7980169], [76.9200484, 28.7982297], [76.9204195, 28.798522], [76.9207906, 28.7988144], [76.9213202, 28.7991191], [76.9218498, 28.7994239], [76.9221839, 28.7996635], [76.922518, 28.7999032], [76.9227045, 28.800108], [76.922891, 28.8003129], [76.9230286, 28.8006183], [76.9231661, 28.8009236], [76.9231754, 28.8009599], [76.9231846, 28.8009962], [76.9232666, 28.800998], [76.9233485, 28.8009998], [76.9238434, 28.800893], [76.9243383, 28.8007863], [76.9251563, 28.8006662], [76.9259744, 28.8005461], [76.9264121, 28.8004697], [76.9268497, 28.8003934], [76.9279767, 28.8002212], [76.9291036, 28.800049], [76.9312724, 28.7997254], [76.9334412, 28.7994018], [76.9355625, 28.7990342], [76.9363704, 28.7989093], [76.9375928, 28.7988045], [76.938363, 28.7987488], [76.9391331, 28.798693], [76.9403421, 28.7986105], [76.9415511, 28.798528], [76.9417586, 28.7986116], [76.9418975, 28.7986551], [76.9434539, 28.8015155], [76.9458057, 28.8047158], [76.9467562, 28.8080626], [76.9454022, 28.8097736], [76.9471918, 28.8124208], [76.9474472, 28.8136015], [76.9482904, 28.8141956], [76.9492131, 28.8160776], [76.9512237, 28.8182528], [76.9571138, 28.8163972], [76.9590064, 28.8153274], [76.9605964, 28.815303], [76.9611457, 28.8149981], [76.9617014, 28.8148997], [76.9622389, 28.8158176], [76.9626064, 28.8162199], [76.964515, 28.8196411], [76.9647398, 28.8198474], [76.9649227, 28.8201393], [76.9647473, 28.8207592], [76.9648279, 28.8211818], [76.9640135, 28.8220508], [76.963999, 28.8223929], [76.9637651, 28.8227318], [76.9649159, 28.8241333], [76.964491, 28.8246202], [76.9648601, 28.8253459], [76.9656776, 28.8258384], [76.9658257, 28.8276882], [76.9667848, 28.8275134], [76.9681474, 28.8278386], [76.9702588, 28.8274908], [76.9713489, 28.8276374], [76.9723016, 28.8270697], [76.9733358, 28.8266693], [76.9747778, 28.825047], [76.9759558, 28.8227553], [76.9771446, 28.8226369], [76.9803353, 28.8214864], [76.9849809, 28.8268272], [76.9865838, 28.8297485], [76.9871245, 28.8343821], [76.9891432, 28.8356419], [76.9904864, 28.8377904], [76.9930485, 28.8387659], [76.9943617, 28.839624], [76.9991553, 28.8382265], [76.9997511, 28.8384055], [77.0057342, 28.8402038], [77.0094271, 28.8408081], [77.0148752, 28.8405553], [77.0180145, 28.8399567], [77.0201635, 28.8393176], [77.0233789, 28.8391428], [77.0260182, 28.8377894], [77.0271329, 28.8368712], [77.0282015, 28.8366052], [77.0308665, 28.8357443], [77.032596, 28.8351297], [77.0336925, 28.8345366], [77.0352246, 28.8341607], [77.036791, 28.8333091], [77.0386192, 28.8327631], [77.0401717, 28.8318035], [77.0413357, 28.8330328], [77.0422193, 28.8335836], [77.0427986, 28.8349986], [77.0419773, 28.8370911], [77.0420573, 28.837733], [77.0427584, 28.8386475], [77.0446332, 28.8401813], [77.0449278, 28.8401822], [77.0454912, 28.8422042], [77.0454504, 28.844439], [77.0453404, 28.8451614], [77.0452337, 28.845906], [77.0454847, 28.8465074], [77.0455577, 28.8470421], [77.0459944, 28.8476981], [77.0466252, 28.8482554], [77.0471424, 28.849384], [77.0481122, 28.8503237], [77.0499093, 28.8528036], [77.0511324, 28.8545524], [77.051127, 28.8549442], [77.051803, 28.8567982], [77.0518748, 28.8580451], [77.0520723, 28.859106], [77.0526613, 28.8600193], [77.0529284, 28.8608791], [77.0531494, 28.8611412], [77.053684, 28.8618282], [77.0537095, 28.861861], [77.0543843, 28.8624219], [77.0559078, 28.8644571], [77.0583014, 28.8680162], [77.0612207, 28.8707183], [77.0638364, 28.8692094], [77.0692888, 28.8670297], [77.0695109, 28.8675098], [77.0699358, 28.8678029], [77.0704218, 28.867817], [77.0712844, 28.8686946], [77.0720966, 28.8687688], [77.0726362, 28.8682915], [77.0734055, 28.8677071], [77.0746747, 28.8671913], [77.0754536, 28.8689201], [77.0769052, 28.869744], [77.0776455, 28.8703435], [77.0777796, 28.8707193], [77.0781337, 28.8709739], [77.0787302, 28.8715686], [77.0793396, 28.8716635], [77.0774384, 28.8770224], [77.0805005, 28.8792847], [77.082142, 28.8814379], [77.0825883, 28.8834464], [77.0867446, 28.8817047], [77.0876201, 28.8810133], [77.0882982, 28.8766842], [77.087824, 28.8755418], [77.0932806, 28.8718026], [77.0944449, 28.871468], [77.0971387, 28.8706939], [77.1032198, 28.8705455], [77.1079534, 28.8696811], [77.109994, 28.8698953], [77.1153928, 28.8642917], [77.117045, 28.8623862], [77.1193946, 28.8607625], [77.1218601, 28.8579549], [77.1228816, 28.8579302], [77.1243, 28.8575487], [77.1249212, 28.8580185], [77.1247002, 28.8595153], [77.1305388, 28.8621313], [77.1328455, 28.8624911], [77.1337392, 28.8631272], [77.1340944, 28.8628106], [77.1402227, 28.8617488], [77.1403321, 28.8606655], [77.1409372, 28.860625], [77.1411668, 28.8603591], [77.1409844, 28.8591752], [77.1418706, 28.8565038], [77.1423309, 28.8557802], [77.1429049, 28.8553019], [77.1437063, 28.8546855], [77.1445324, 28.8546789], [77.1455152, 28.8537016], [77.1452534, 28.8520703], [77.1419425, 28.8472401], [77.1415541, 28.8433382], [77.1414254, 28.8424623], [77.1422451, 28.8414981], [77.1422365, 28.8394286], [77.1440926, 28.8387482], [77.1452792, 28.8380509], [77.1490557, 28.8379813], [77.1529996, 28.8376881], [77.157995, 28.8368479], [77.1570466, 28.8375527], [77.156714, 28.8385114], [77.1570938, 28.8392144], [77.1586709, 28.8403365], [77.1626406, 28.845073], [77.1662991, 28.8493245], [77.1670823, 28.8488339], [77.1689362, 28.8504785], [77.1699684, 28.8506175], [77.1720605, 28.8500537], [77.1727654, 28.8548499], [77.1731505, 28.8556919], [77.1732568, 28.8564511], [77.1731548, 28.857496], [77.1751944, 28.8585344], [77.1782296, 28.8585973], [77.1804837, 28.8578371], [77.1821542, 28.8577864], [77.1840628, 28.8579386], [77.1904165, 28.8583427], [77.1919948, 28.8586565], [77.1949869, 28.8592513], [77.1961842, 28.8593537], [77.1970737, 28.8594298], [77.1992077, 28.8591432], [77.2025003, 28.857652], [77.2040496, 28.8569304], [77.2048424, 28.8569012], [77.2063735, 28.8570666], [77.2099144, 28.8577158], [77.2099149, 28.8577158], [77.2099157, 28.8577158], [77.2098634, 28.8578355], [77.2097886, 28.8580066], [77.2095321, 28.85848], [77.2093448, 28.8588304], [77.2092198, 28.8592204], [77.2091393, 28.8600157], [77.2092384, 28.8605825], [77.2092316, 28.8607451], [77.2092316, 28.8609887], [77.2091328, 28.8611617], [77.208896, 28.8613551], [77.2085427, 28.8616135], [77.2081939, 28.8618403], [77.2078719, 28.861927], [77.2076232, 28.861994], [77.2072721, 28.8621125], [77.2061966, 28.8623873], [77.2051229, 28.8625041], [77.2041503, 28.8625561], [77.2035303, 28.8625572], [77.2026297, 28.8626215], [77.20239, 28.8626796], [77.2011928, 28.8630149], [77.2005348, 28.863161], [77.2000162, 28.8633545], [77.199197, 28.863634], [77.1990343, 28.8636953], [77.198696, 28.8636918], [77.1985634, 28.8637255], [77.1977494, 28.864005], [77.197394, 28.8641642], [77.1968738, 28.8642854], [77.1961963, 28.8644814], [77.195275, 28.8647806], [77.1949488, 28.8648627], [77.1942679, 28.8651399], [77.1935444, 28.865489], [77.1934358, 28.8655414], [77.1928005, 28.8657909], [77.1921694, 28.8659996], [77.1916761, 28.8661836], [77.1912281, 28.8663262], [77.1909709, 28.8663888], [77.1904531, 28.8665148], [77.1903383, 28.8669046], [77.1901866, 28.8672499], [77.1901708, 28.8672792], [77.1900978, 28.8674138], [77.1899875, 28.8674587], [77.189798, 28.8675359], [77.1894217, 28.8676774], [77.189303, 28.8678823], [77.1892811, 28.8681229], [77.1892697, 28.8682483], [77.189291, 28.8685276], [77.1893888, 28.8692839], [77.1894858, 28.8697561], [77.1895845, 28.8700612], [77.1895897, 28.8700657], [77.1896015, 28.8703858], [77.1896591, 28.8706871], [77.1897771, 28.8711814], [77.1898329, 28.871397], [77.1898921, 28.8715768], [77.1899259, 28.8716797], [77.1900222, 28.8718722], [77.1900455, 28.8719117], [77.1900699, 28.8719532], [77.1902667, 28.8722877], [77.1906137, 28.8727017], [77.1908042, 28.8729918], [77.1910335, 28.8734121], [77.1911943, 28.8737479], [77.1913801, 28.8740561], [77.1917399, 28.8745916], [77.1919126, 28.8749302], [77.191959, 28.8750211], [77.1919485, 28.8750793], [77.1918121, 28.8758356], [77.1916799, 28.8761309], [77.1914253, 28.8766945], [77.1909643, 28.8771675], [77.1907329, 28.877405], [77.1895853, 28.8784071], [77.1886692, 28.8795838], [77.188607, 28.8796636], [77.1886824, 28.8800774], [77.1888501, 28.8802552], [77.1891723, 28.8805529], [77.189493, 28.8808492], [77.1908563, 28.8823068], [77.1924531, 28.8839003], [77.1940445, 28.8852368], [77.1954643, 28.8862062], [77.1970276, 28.8869341], [77.1982442, 28.8875052], [77.1988671, 28.8876304], [77.2004201, 28.8876231], [77.201109, 28.8877201], [77.2024818, 28.8879187], [77.2037627, 28.8881323], [77.2053244, 28.8882962], [77.2059915, 28.8883304], [77.2061739, 28.8882282], [77.2068568, 28.8880411], [77.2075742, 28.8880293], [77.2082165, 28.8881045], [77.2103951, 28.8876538], [77.2103957, 28.8876537], [77.2104695, 28.8876223], [77.2119705, 28.8869827], [77.2131653, 28.8860383], [77.2142147, 28.8854887], [77.2154084, 28.8847383], [77.2164067, 28.8837113], [77.2175049, 28.8821023], [77.2177488, 28.8817449], [77.218604, 28.8804278], [77.2191285, 28.8796199], [77.2205613, 28.8787888], [77.2220427, 28.8785524], [77.2235188, 28.8785506], [77.2241237, 28.8787778], [77.2250946, 28.8791426], [77.2266678, 28.8800865], [77.2281008, 28.8811861], [77.2284354, 28.8822137], [77.228329, 28.8837131], [77.2277391, 28.8860913], [77.2274019, 28.8878247], [77.2274024, 28.8878439], [77.2274169, 28.8883951], [77.2274289, 28.8888483], [77.2275973, 28.8897748], [77.2275462, 28.8907411], [77.2276647, 28.891488], [77.2275701, 28.8920985], [77.2275, 28.8932948], [77.2274987, 28.8933177], [77.2275041, 28.8933302], [77.2277144, 28.8938149], [77.2278801, 28.8941916], [77.2279568, 28.8943658], [77.2284351, 28.8946782], [77.2289583, 28.8949357], [77.2298915, 28.8954255], [77.2305381, 28.8959381], [77.2313906, 28.896727], [77.2323874, 28.8978531], [77.2324728, 28.8979496], [77.2328774, 28.8988903], [77.2329261, 28.9004458], [77.2328, 28.9010243], [77.2327776, 28.9011269], [77.2324966, 28.9024153], [77.2325887, 28.9033611], [77.2326019, 28.9035689], [77.2326195, 28.9038433], [77.2327314, 28.9040241], [77.2328213, 28.9041693], [77.233125, 28.9044665], [77.2333865, 28.9049494], [77.2335869, 28.9054468], [77.2340656, 28.9064945], [77.2343488, 28.9072702], [77.2343601, 28.9073354], [77.2344132, 28.9076436], [77.2346019, 28.9085517], [77.2347462, 28.9090636], [77.2346327, 28.9097512], [77.2344964, 28.9108046], [77.2343631, 28.9111283], [77.2343598, 28.9111362], [77.2343356, 28.9111952], [77.2341058, 28.912196], [77.2338976, 28.9130922], [77.2338007, 28.9135093], [77.2332282, 28.9157428], [77.2329704, 28.9166358], [77.2328643, 28.9170615], [77.2326305, 28.9179993], [77.2318687, 28.9192976], [77.2312337, 28.9205307], [77.2308404, 28.9210831], [77.2304706, 28.9212922], [77.2301024, 28.9213389], [77.2297503, 28.9214169], [77.2293241, 28.921627], [77.2287689, 28.9218031], [77.2281051, 28.9219314], [77.2275736, 28.9220169], [77.2272692, 28.9220762], [77.2265115, 28.9222239], [77.2256886, 28.9225849], [77.2252885, 28.9228171], [77.2248936, 28.9230537], [77.2243909, 28.9235266], [77.2239831, 28.9238807], [77.2236257, 28.9244325], [77.2232324, 28.9252239], [77.2229251, 28.9259643], [77.2225208, 28.9274417], [77.2225202, 28.9274425], [77.2219823, 28.9281588], [77.2206854, 28.928902], [77.2198457, 28.9292001], [77.2198311, 28.9292031], [77.2192586, 28.9293226], [77.2180199, 28.9299114], [77.2167927, 28.9303196], [77.2159732, 28.9306038], [77.2153855, 28.9309382], [77.2150409, 28.9313725], [77.2143707, 28.932173], [77.213999, 28.93254], [77.2120392, 28.9334609], [77.211106, 28.9338744], [77.2103474, 28.9342105], [77.2095366, 28.9344269], [77.2085604, 28.9345827], [77.2080941, 28.9346922], [77.2076334, 28.9348003], [77.2073, 28.9348786], [77.206777, 28.9348827], [77.2062451, 28.9347064], [77.2045289, 28.9338188], [77.2029068, 28.9335025], [77.2014079, 28.9339195], [77.200476, 28.9344716], [77.1989308, 28.9356066], [77.1979247, 28.9365343], [77.1964472, 28.9382096], [77.1959015, 28.9393282], [77.1957091, 28.940175], [77.1956181, 28.9414531], [77.196162, 28.944142], [77.1963246, 28.9444544], [77.1970441, 28.9458374], [77.1971872, 28.9465433], [77.1971144, 28.9467966], [77.1969722, 28.9472911], [77.1963263, 28.948037], [77.1963044, 28.9480614], [77.1961659, 28.9482156], [77.1961655, 28.9483117], [77.196164, 28.9486081], [77.1961405, 28.9491994], [77.1951445, 28.9506741], [77.1950961, 28.9507458], [77.1947033, 28.9515778], [77.1945158, 28.9524154], [77.1945183, 28.9525334], [77.1945383, 28.9534797], [77.1944267, 28.9543933], [77.1933953, 28.9571465], [77.1931887, 28.9578325], [77.1929605, 28.9584407], [77.1929807, 28.9589141], [77.1930479, 28.9593098], [77.193051, 28.959328], [77.1931832, 28.9595153], [77.1937965, 28.9601414], [77.1939753, 28.9603505], [77.1944363, 28.9608031], [77.1946457, 28.9612463], [77.1948063, 28.9618076], [77.1948251, 28.9627005], [77.1950963, 28.9638825], [77.1950504, 28.9646231], [77.1951491, 28.9661418], [77.1953298, 28.9669238], [77.1955782, 28.9672716], [77.1959233, 28.9675818], [77.1964611, 28.967785], [77.1973079, 28.9682855], [77.1982346, 28.9691726], [77.1986763, 28.9696796], [77.1997133, 28.9706867], [77.2004884, 28.97168], [77.2008657, 28.9722964], [77.2008834, 28.972329], [77.2011326, 28.9727883], [77.2011777, 28.9732206], [77.2013961, 28.9740877], [77.2014448, 28.9749305], [77.2017825, 28.9765851], [77.2017682, 28.9768786], [77.2019975, 28.9777725], [77.202293, 28.9788865], [77.2024023, 28.9794441], [77.2022369, 28.9810799], [77.2022277, 28.9812135], [77.2021273, 28.9826876], [77.2025163, 28.9836151], [77.2026549, 28.9845872], [77.2027411, 28.9852625], [77.2026332, 28.9864643], [77.202433, 28.9872], [77.2024285, 28.9872165], [77.2022424, 28.9878782], [77.2018807, 28.9884841], [77.2016516, 28.9886157], [77.2016222, 28.9886327], [77.2007631, 28.9887686], [77.1989502, 28.9894163], [77.1982332, 28.9899648], [77.1979674, 28.9902579], [77.1980386, 28.9907124], [77.1984009, 28.9911034], [77.1989009, 28.9916952], [77.1990927, 28.9920304], [77.1979485, 28.9920311], [77.1976593, 28.9921847], [77.1974269, 28.992599], [77.1972535, 28.9936214], [77.1969477, 28.9944429], [77.1968318, 28.9947097], [77.1965709, 28.9953107], [77.1954966, 28.9969207], [77.1949586, 28.9976874], [77.1946974, 28.9981969], [77.1942361, 28.9991924], [77.1940757, 28.9998582], [77.1939795, 28.999913], [77.193755, 28.9999898], [77.1937535, 28.9999904], [77.1937421, 29.0000014], [77.1931516, 29.0011904], [77.1929724, 29.0017273], [77.1928093, 29.0033739], [77.1926318, 29.0037237], [77.192594, 29.0037981], [77.1909585, 29.0059192], [77.1906719, 29.0072727], [77.1909239, 29.0080666], [77.1908882, 29.0086033], [77.1907088, 29.0088561], [77.1907451, 29.0093929], [77.1907657, 29.0094245], [77.1910894, 29.0101731], [77.1912491, 29.0110121], [77.1917731, 29.011851], [77.1924561, 29.012595], [77.1931031, 29.013163], [77.1928522, 29.0139256], [77.1926936, 29.014697], [77.1924579, 29.0152476], [77.1921352, 29.0162447], [77.1916486, 29.017684], [77.1916483, 29.0176877], [77.1915415, 29.0188299], [77.1914344, 29.0197006], [77.1903784, 29.0209636], [77.1903779, 29.0209643], [77.1897985, 29.0219931], [77.1896757, 29.0224983], [77.1894757, 29.0228684], [77.1892449, 29.0231076], [77.1890296, 29.0235498], [77.1889027, 29.0257514], [77.1889747, 29.0260174], [77.189283, 29.0265902], [77.1891194, 29.0276684], [77.1887246, 29.0281784], [77.1884374, 29.028747], [77.1880275, 29.0298705], [77.1871961, 29.0299971], [77.1865341, 29.0302185], [77.1857082, 29.031076], [77.185113, 29.0314867], [77.1846885, 29.0315936], [77.1846818, 29.0315953], [77.1839273, 29.0316723], [77.1835516, 29.0316612], [77.1834757, 29.0316589], [77.1834608, 29.0316566], [77.1828648, 29.0315645], [77.182378, 29.0312511], [77.1823256, 29.0312174], [77.1822436, 29.0311666], [77.1817146, 29.0308387], [77.181144, 29.0305211], [77.1811396, 29.0305186], [77.1810969, 29.0304997], [77.1800408, 29.0300319], [77.1790705, 29.0296984], [77.1790703, 29.0296984], [77.17896, 29.029692], [77.1782954, 29.0296536], [77.1777564, 29.0296358], [77.177074, 29.0300782], [77.1766583, 29.0303174], [77.1759758, 29.0304756], [77.1752367, 29.0306834], [77.1746619, 29.0308731], [77.1738613, 29.0310133], [77.1721163, 29.0318078], [77.1714338, 29.031966], [77.1697093, 29.0324853], [77.1682158, 29.0329008], [77.1679524, 29.0330427], [77.1677128, 29.0331717], [77.1673732, 29.0334682], [77.1669739, 29.033817], [77.1667606, 29.0342277], [77.1667021, 29.0343404], [77.1667017, 29.0343435], [77.1664718, 29.0359555], [77.1669035, 29.0373718], [77.1670834, 29.0377327], [77.1678381, 29.0380031], [77.1690897, 29.0388859], [77.1691167, 29.0389049], [77.16916, 29.0389488], [77.1699435, 29.0397437], [77.170112, 29.0400623], [77.1701439, 29.0401226], [77.1705809, 29.0410668], [77.1708787, 29.0417103], [77.1710233, 29.0421396], [77.1711871, 29.0426259], [77.1712767, 29.0428914], [77.1715829, 29.0437987], [77.1715628, 29.0448092], [77.1716506, 29.0458467], [77.1716712, 29.0460813], [77.1720156, 29.0463737], [77.1721385, 29.046478], [77.1721386, 29.0464781], [77.1721351, 29.0464906], [77.1720463, 29.046812], [77.1715435, 29.0475249], [77.1709843, 29.0483912], [77.1708852, 29.0487878], [77.1708613, 29.048883], [77.1708595, 29.0488845], [77.1701069, 29.0495148], [77.1699933, 29.0497362], [77.1699633, 29.0497946], [77.1701433, 29.0504125], [77.1697294, 29.0509621], [77.1691171, 29.0517753], [77.1687579, 29.0521363], [77.1686546, 29.0528117], [77.1686503, 29.0528401], [77.1686502, 29.0528403], [77.1680401, 29.0545454], [77.1678743, 29.0552921], [77.1678608, 29.055353], [77.1678054, 29.0558228], [77.1678045, 29.0558312], [77.1678219, 29.0559788], [77.1679478, 29.0570415], [77.1679487, 29.0570492], [77.1679362, 29.0572419], [77.167913, 29.0575996], [77.1678981, 29.0585424], [77.1678234, 29.0587228], [77.1677544, 29.0588897], [77.1673312, 29.0598355], [77.1672517, 29.0600132], [77.1672292, 29.0600843], [77.1670159, 29.0607577], [77.1669084, 29.0616735], [77.1669958, 29.0619486], [77.166995, 29.0619502], [77.1667803, 29.0623411], [77.1662211, 29.0635593], [77.1662205, 29.0635627], [77.1660623, 29.0644165], [77.1658987, 29.0661623], [77.1658977, 29.0661746], [77.1658476, 29.0667803], [77.1657197, 29.0681248], [77.1657312, 29.0683665], [77.165901, 29.0719457], [77.1656702, 29.0726088], [77.1653113, 29.0738946], [77.1654348, 29.0746524], [77.1650966, 29.0765518], [77.1643011, 29.0778016], [77.1638907, 29.0787174], [77.1637626, 29.0794258], [77.163126, 29.0799808], [77.1622584, 29.0809013], [77.1613444, 29.0809016], [77.1606767, 29.0807258], [77.1603891, 29.0806627], [77.159598, 29.0800134], [77.1585195, 29.0797745], [77.1581393, 29.0794453], [77.1566912, 29.0792247], [77.1555922, 29.07927], [77.1543341, 29.0794913], [77.15304, 29.0795728], [77.1530276, 29.0795734], [77.1527645, 29.0795853], [77.1519943, 29.0796201], [77.1509345, 29.079668], [77.1501797, 29.0801733], [77.1501763, 29.080174], [77.1494608, 29.0803179], [77.1481821, 29.0801287], [77.1475504, 29.0802686], [77.1468981, 29.0805047], [77.1467647, 29.0805529], [77.1464256, 29.0807916], [77.1453477, 29.0815501], [77.1442347, 29.0822092], [77.1434579, 29.0826692], [77.1433754, 29.0827667], [77.1426827, 29.0835851], [77.1418714, 29.0848528], [77.1414606, 29.0853084], [77.1409165, 29.0860139], [77.1407264, 29.0862604], [77.1398946, 29.087271], [77.1398642, 29.0873938], [77.1394994, 29.088868], [77.1388788, 29.0893368], [77.1386572, 29.0895041], [77.1379591, 29.0902848], [77.1379587, 29.0902853], [77.1378145, 29.0904465], [77.13781, 29.0904516], [77.1370159, 29.0911329], [77.1369266, 29.0912095], [77.1359561, 29.0924592], [77.135806, 29.0926903], [77.1350214, 29.0938983], [77.1340817, 29.095148], [77.1339739, 29.0960006], [77.1339752, 29.0960073], [77.1342462, 29.0973313], [77.1346264, 29.0981073], [77.1350026, 29.0985621], [77.135018, 29.0985806], [77.1356487, 29.0993432], [77.1360288, 29.0996589], [77.1360293, 29.0996666], [77.1361728, 29.101531], [77.1363014, 29.102952], [77.136302, 29.1029533], [77.1369488, 29.1043955], [77.1378273, 29.1057127], [77.1386527, 29.1073816], [77.1389629, 29.1080087], [77.1398979, 29.1088793], [77.1404938, 29.1092897], [77.1416444, 29.1091633], [77.1422403, 29.1090819], [77.1430057, 29.1090187], [77.1440125, 29.1090051], [77.1446803, 29.1093343], [77.1452917, 29.1097853], [77.146083, 29.110516], [77.1469667, 29.1118601], [77.1481537, 29.1129832], [77.1486937, 29.1155995], [77.1490331, 29.1168355], [77.1490846, 29.1176475], [77.1490682, 29.1177713], [77.1490487, 29.1179182], [77.148494, 29.1185633], [77.1484941, 29.1185666], [77.1485005, 29.1188101], [77.1485303, 29.1199437], [77.148171, 29.1212882], [77.1481034, 29.1216431], [77.1479504, 29.1224475], [77.1480793, 29.1248203], [77.1474273, 29.1266068], [77.14742, 29.1266578], [77.1473793, 29.1269414], [77.1471543, 29.1285103], [77.14714, 29.1286098], [77.1471411, 29.1286147], [77.1475001, 29.1302067], [77.1478089, 29.1327419], [77.1478083, 29.132743], [77.1474494, 29.1335178], [77.1468381, 29.1344202], [77.1458313, 29.1355436], [77.1454655, 29.1358002], [77.1451118, 29.1360483], [77.1450402, 29.1360986], [77.1447495, 29.1363239], [77.1444288, 29.1365724], [77.1442513, 29.1366179], [77.1439127, 29.1367046], [77.1432955, 29.1368627], [77.1429491, 29.1369515], [77.1400052, 29.139054], [77.1374311, 29.140967], [77.1359565, 29.1419641], [77.1359565, 29.141965], [77.1359679, 29.1424991], [77.135972, 29.1426904], [77.1359722, 29.1426919], [77.1362806, 29.1454061], [77.1362805, 29.1454099], [77.1362088, 29.1469579], [77.1362092, 29.1495202], [77.1362094, 29.1495204], [77.1369287, 29.1501516], [77.1378949, 29.150747], [77.1380902, 29.1507741], [77.13919, 29.1516536], [77.1405418, 29.1530609], [77.1416725, 29.1542201], [77.142896, 29.1562319], [77.1432149, 29.157504], [77.1434978, 29.1589385], [77.1435291, 29.1616181], [77.1435286, 29.1616191], [77.1430856, 29.1624924], [77.1430256, 29.1626106], [77.1430039, 29.1647249], [77.1432945, 29.1669019], [77.1387092, 29.1674514], [77.1332406, 29.1680383], [77.1288152, 29.1684581], [77.1241997, 29.1690852], [77.1219794, 29.169394], [77.1217994, 29.1694191], [77.1179908, 29.1695452], [77.1155184, 29.1696669], [77.1152821, 29.1694188], [77.1143312, 29.1695856], [77.1141873, 29.1692924], [77.1109493, 29.1689989], [77.1109099, 29.1689857], [77.1099521, 29.168665], [77.1076242, 29.1669505], [77.1068584, 29.1661971], [77.1059077, 29.1656556], [77.101298, 29.1632279], [77.0982967, 29.1620139], [77.0973564, 29.1617683], [77.0973461, 29.1617656], [77.0961124, 29.1625999], [77.0917319, 29.167737], [77.090256, 29.1700824], [77.0880649, 29.1745117], [77.087494, 29.1752198], [77.0858282, 29.1762252], [77.08563, 29.1763336], [77.0834087, 29.1775476], [77.0833039, 29.1776049], [77.0810211, 29.1788131], [77.0785945, 29.179692], [77.07834, 29.1796609], [77.0783142, 29.1796577], [77.0765956, 29.1781034], [77.0741243, 29.1758876], [77.0727419, 29.17526], [77.0704598, 29.1749704], [77.0692724, 29.1750917], [77.0671186, 29.1751765], [77.0660753, 29.1749235], [77.0643584, 29.1751753], [77.0627905, 29.1754227], [77.0613613, 29.175801], [77.0602219, 29.1729991], [77.059888, 29.1727914], [77.0598835, 29.1727931], [77.0560834, 29.1742105], [77.0531321, 29.1756706], [77.0519905, 29.176297], [77.051848, 29.1770143], [77.0517996, 29.1772578], [77.0527959, 29.1786387], [77.0513203, 29.1791386], [77.0522704, 29.1802263], [77.0526504, 29.1807678], [77.0526499, 29.1814806], [77.0511735, 29.1831038], [77.0502678, 29.1844025], [77.0499312, 29.1844466], [77.0496509, 29.1844833], [77.0462745, 29.1832724], [77.0445115, 29.1828518], [77.0412789, 29.1819702], [77.0407033, 29.181803], [77.0374197, 29.1805468], [77.0353044, 29.1797528], [77.0348554, 29.1795842], [77.0330008, 29.1783695], [77.0326008, 29.1783462], [77.0308112, 29.1782417], [77.0299532, 29.1776998], [77.0288584, 29.1776133], [77.0224084, 29.1818309], [77.0186477, 29.1847962], [77.0184282, 29.185003], [77.0180302, 29.1853777], [77.0122725, 29.185585], [77.0106069, 29.1856242], [77.007435, 29.1857478], [77.0070982, 29.1880436], [77.0069533, 29.1889593], [77.0069048, 29.1889585], [77.0041464, 29.1889162], [77.0033406, 29.1877877], [77.0024358, 29.1877869], [77.0011046, 29.1876187], [77.0007712, 29.1869914], [77.0001546, 29.1867833], [76.9999999, 29.1866767], [76.9986888, 29.185286], [76.9976073, 29.186026], [76.997145, 29.1863729], [76.9967666, 29.1866489], [76.9962939, 29.1868838], [76.995878, 29.1872496], [76.9955029, 29.1874214], [76.9951125, 29.1876383], [76.9947375, 29.1878822], [76.9942806, 29.1883878], [76.9938441, 29.1888799], [76.9932432, 29.1893586], [76.992899, 29.1895078], [76.9922104, 29.1898784], [76.9918817, 29.190059], [76.9915823, 29.1902319], [76.9869901, 29.1879082], [76.9862235, 29.1886097], [76.9822424, 29.188405], [76.9814341, 29.1886166], [76.9769481, 29.1899764], [76.9768968, 29.1899793], [76.9760037, 29.1900291], [76.9734169, 29.1906676], [76.9699957, 29.1916607], [76.9684852, 29.1922552], [76.9673817, 29.1927315], [76.9639911, 29.1936306], [76.9640593, 29.1948901], [76.9661595, 29.1963742], [76.9674119, 29.1969955], [76.9669165, 29.1978444], [76.9663779, 29.1984358], [76.9650275, 29.1993871], [76.9637666, 29.200337], [76.9617838, 29.20233], [76.9608427, 29.2026131], [76.9601768, 29.2045867], [76.9596489, 29.205077], [76.956752, 29.2054224], [76.955429, 29.2058008], [76.9547954, 29.2061131], [76.9538057, 29.206928], [76.9534398, 29.2072293], [76.9533046, 29.2072642], [76.9522907, 29.2075257], [76.9511801, 29.2077033], [76.9496006, 29.2082549], [76.9480494, 29.2088762], [76.9458832, 29.2090203], [76.9425096, 29.208771], [76.9391734, 29.2089714], [76.9389071, 29.2086354], [76.9383365, 29.2088883], [76.9321187, 29.213348], [76.9309068, 29.2142136], [76.9287971, 29.2133049], [76.928215, 29.2133983], [76.9278164, 29.2134623], [76.9253418, 29.2145191], [76.9240592, 29.2150201], [76.9230736, 29.2154311], [76.9191755, 29.2181183], [76.9181337, 29.2193214], [76.9181284, 29.2193186], [76.9135912, 29.2168648], [76.9121673, 29.215965], [76.9103492, 29.2144984], [76.9093685, 29.2140411], [76.9067956, 29.2146389], [76.9050543, 29.2145515], [76.9045972, 29.2140418], [76.9045239, 29.2135378], [76.9033755, 29.2123085], [76.9031193, 29.2122897], [76.9006064, 29.2126733], [76.8983644, 29.2117962], [76.8961036, 29.2112783], [76.8943466, 29.2103381], [76.8932658, 29.2092985], [76.8914794, 29.2067539], [76.889631, 29.2063985], [76.8901108, 29.2039677], [76.8896809, 29.199237], [76.8891475, 29.1981682], [76.8882483, 29.1974195], [76.8879261, 29.1972063], [76.8860373, 29.1959564], [76.8859145, 29.1948359], [76.8847201, 29.1938652], [76.8804577, 29.1929712], [76.8785762, 29.1921897], [76.8768235, 29.1921581], [76.8754368, 29.1918633], [76.873086, 29.1934001], [76.8714274, 29.1936253], [76.8696993, 29.1942442], [76.8684992, 29.194362], [76.863258, 29.1973304], [76.8618749, 29.1979444], [76.8611356, 29.1981223], [76.8609898, 29.1981576], [76.8609645, 29.1981858], [76.8589399, 29.2004429], [76.8579335, 29.2013771], [76.8573337, 29.2021598], [76.8560542, 29.2042649], [76.8548291, 29.2057985], [76.8548117, 29.2057947], [76.8543201, 29.2056857], [76.8538882, 29.2055007], [76.8534306, 29.2054375], [76.8527879, 29.2053336], [76.8517853, 29.2052703], [76.850392, 29.2050942], [76.8494922, 29.205094], [76.8479446, 29.2050215], [76.8478618, 29.2050164], [76.8466952, 29.2049446], [76.8459085, 29.204967], [76.8450601, 29.205057], [76.8440574, 29.2052191], [76.8430394, 29.2053588], [76.8421242, 29.2054577], [76.8416922, 29.2055479], [76.8397587, 29.2063008], [76.8384937, 29.2067425], [76.8332432, 29.2087935], [76.8321157, 29.209281], [76.8313732, 29.208892], [76.8308468, 29.2095236], [76.8238239, 29.2116549], [76.8230667, 29.2122375], [76.819195, 29.2139287], [76.8183512, 29.2146809], [76.8177773, 29.2162261], [76.8146361, 29.2172788], [76.8111024, 29.2175679], [76.8109308, 29.2182717], [76.8112592, 29.2218219], [76.8112245, 29.2218453], [76.8065586, 29.224997], [76.8023073, 29.2276141], [76.8018731, 29.2288055], [76.8017398, 29.2300407], [76.8017085, 29.2308526], [76.8015333, 29.2311999], [76.8013115, 29.2320479], [76.8012288, 29.2327606], [76.8011815, 29.2341003], [76.8012627, 29.2358416], [76.8014827, 29.237389], [76.8014359, 29.2380702], [76.8010031, 29.2391706], [76.8004776, 29.2402575], [76.7995405, 29.2418448], [76.7983768, 29.2434366], [76.7976458, 29.2443564], [76.7971052, 29.244929], [76.7969595, 29.2450836], [76.7964256, 29.2456294], [76.7954737, 29.2463355], [76.796089, 29.2474652], [76.796779, 29.2479262], [76.7968098, 29.2479467], [76.7968332, 29.2486784], [76.7952464, 29.2497771], [76.7942607, 29.2497567], [76.7934577, 29.2500002], [76.7931093, 29.2507491], [76.7931348, 29.2509972], [76.7953952, 29.254851], [76.7959504, 29.255343], [76.7972969, 29.2569497], [76.7979548, 29.2577711], [76.7980574, 29.2579696], [76.797939, 29.2581906], [76.79727, 29.2584925], [76.7971146, 29.2599585], [76.7971606, 29.2602832], [76.7971068, 29.2633913], [76.797038, 29.2660934], [76.7968042, 29.2690209], [76.7966645, 29.2700583], [76.796282, 29.2724535], [76.7962657, 29.2724579], [76.7947999, 29.2728586], [76.7931737, 29.2733899], [76.7921136, 29.2736509], [76.791069, 29.2738622], [76.7899935, 29.2740421], [76.7888818, 29.2744247], [76.7875436, 29.2750554], [76.7849237, 29.2761995], [76.782134, 29.2773795], [76.7812947, 29.278033], [76.7807074, 29.2788491], [76.7803363, 29.2795751], [76.7798929, 29.2806349], [76.7794697, 29.2819969], [76.7794648, 29.2819961], [76.7767688, 29.2815438], [76.7756935, 29.2813942], [76.7744484, 29.2812715], [76.7733114, 29.2811939], [76.7720765, 29.2811704], [76.771624, 29.2809084], [76.770616, 29.2803979], [76.7696286, 29.2798423], [76.7687185, 29.2791694], [76.7670837, 29.2778419], [76.7652894, 29.2764782], [76.7648269, 29.2760808], [76.7644878, 29.2755844], [76.7630128, 29.2739997], [76.7623552, 29.2731827], [76.7616975, 29.272325], [76.7611634, 29.2714855], [76.7607529, 29.2705018], [76.7606812, 29.270195], [76.7605172, 29.2695994], [76.7599371, 29.2685298], [76.7593148, 29.2682766], [76.7583122, 29.26773], [76.7572581, 29.2672058], [76.7570087, 29.2670764], [76.7568314, 29.2669844], [76.7566104, 29.2667767], [76.7564205, 29.2664201], [76.756221, 29.2653778], [76.7560931, 29.2648093], [76.7559957, 29.2644665], [76.7553223, 29.2640012], [76.7544895, 29.2634141], [76.7534972, 29.262944], [76.7530449, 29.2626459], [76.7499999, 29.2612137], [76.7497525, 29.261128], [76.7440839, 29.2591639], [76.7413724, 29.2587287], [76.7395712, 29.2581259], [76.7360763, 29.2564146], [76.7346503, 29.2556451], [76.7336365, 29.255222], [76.7320479, 29.2559262], [76.7305569, 29.2566356], [76.7277997, 29.2568408], [76.7273874, 29.256002], [76.726825, 29.2542793], [76.7262638, 29.2537294], [76.7251878, 29.2528416], [76.7230883, 29.2520491], [76.721406, 29.2519196], [76.7201145, 29.2515145], [76.7182621, 29.2509203], [76.7178167, 29.2509047], [76.7177682, 29.250903], [76.7154895, 29.250823], [76.7150729, 29.2508752], [76.7146563, 29.2509274], [76.7140393, 29.2512571], [76.7139475, 29.2521729], [76.7138878, 29.2544329], [76.7135792, 29.2546091], [76.7137758, 29.2557367], [76.7137213, 29.2581727], [76.7128625, 29.2585341], [76.7125488, 29.2586922], [76.7118238, 29.2591257], [76.7105694, 29.2600017], [76.7088315, 29.2610178], [76.705946, 29.2617729], [76.7032508, 29.2623249], [76.6987759, 29.2636041], [76.697799, 29.2642632], [76.6974647, 29.2644439], [76.6955207, 29.2654238], [76.6942478, 29.2660019], [76.6939572, 29.2661374], [76.6932371, 29.2662731], [76.6902126, 29.2670956], [76.686514, 29.2678958], [76.684225, 29.2685735], [76.6824106, 29.2693705], [76.6821213, 29.2694992], [76.6810249, 29.2684576], [76.6799847, 29.2667123], [76.6790731, 29.2649759], [76.6789392, 29.2648], [76.678574, 29.2647415], [76.6765317, 29.2650176], [76.6728897, 29.2657858], [76.6718349, 29.2655561], [76.6682638, 29.2639153], [76.6660311, 29.2639792], [76.6626769, 29.2641922], [76.6602128, 29.2644997], [76.658181, 29.26524], [76.6562261, 29.2655157], [76.6536385, 29.2662966], [76.650115, 29.2686702], [76.6493589, 29.2691485], [76.6493439, 29.2691562], [76.6493063, 29.2691755], [76.648613, 29.2695321], [76.6477695, 29.2705472], [76.6472091, 29.2723742], [76.6467822, 29.2730374], [76.6461185, 29.2735292], [76.6450948, 29.2740076], [76.6416939, 29.2743283], [76.6375059, 29.2747664], [76.6342542, 29.2748389], [76.6320884, 29.2772163], [76.630267, 29.278687], [76.6289447, 29.2796344], [76.6255591, 29.2814163], [76.6240463, 29.2823681], [76.6219881, 29.283983], [76.6208663, 29.2847228], [76.617429, 29.2861436], [76.614748, 29.2870411], [76.61472, 29.2870567], [76.6127977, 29.2881236], [76.6107804, 29.28917], [76.6107604, 29.2891671], [76.6087633, 29.2888811], [76.6065454, 29.2888627], [76.6050687, 29.2884295], [76.6041992, 29.2877572], [76.6016836, 29.2850096], [76.5997392, 29.2818155], [76.5986075, 29.2807913], [76.5974242, 29.2802226], [76.5912439, 29.2824497], [76.5875075, 29.2844246], [76.5846617, 29.2852087], [76.5825777, 29.2852937], [76.5821695, 29.2852464], [76.5816723, 29.2851889], [76.5816083, 29.2851813], [76.5778183, 29.2847418], [76.575735, 29.283293], [76.5749274, 29.2829589], [76.5726737, 29.2826468], [76.5718941, 29.282534], [76.5710634, 29.282362], [76.5698799, 29.2822307], [76.5672667, 29.2812147], [76.5659391, 29.2810968], [76.5634901, 29.2808657], [76.5609328, 29.2809096], [76.5605127, 29.2779682], [76.560251, 29.2768358], [76.5603855, 29.2757262], [76.5613593, 29.273426], [76.5615244, 29.2726231], [76.5616436, 29.2712292], [76.5612379, 29.2700247], [76.5604053, 29.2685356], [76.5594617, 29.2676168], [76.5585917, 29.2667696], [76.5585699, 29.2667484], [76.5571517, 29.2639824], [76.5567407, 29.2631116], [76.5555853, 29.259836], [76.5553184, 29.2590555], [76.5544806, 29.258013], [76.5542141, 29.2566686], [76.5562162, 29.254996], [76.5577194, 29.2532871], [76.5597298, 29.2500016], [76.5600986, 29.2491304], [76.5604952, 29.2482961], [76.5608662, 29.2473218], [76.5612628, 29.2464694], [76.5617776, 29.2456983], [76.5622103, 29.2447648], [76.5626068, 29.2438943], [76.5629879, 29.2430418], [76.5633846, 29.2419368], [76.5638483, 29.2405883], [76.5639772, 29.2401553], [76.5641266, 29.2396907], [76.5641937, 29.2393118], [76.5640447, 29.2388922], [76.5635822, 29.2384996], [76.5630372, 29.2379218], [76.5628266, 29.2376015], [76.562611, 29.2369067], [76.56256, 29.2361669], [76.5629102, 29.2352377], [76.5633118, 29.2345162], [76.5638884, 29.2336729], [76.5641202, 29.2330369], [76.5645321, 29.2322522], [76.5648825, 29.2311787], [76.5651298, 29.2303533], [76.5656239, 29.2296137], [76.5662209, 29.2287975], [76.5668488, 29.2280445], [76.5684292, 29.2266594], [76.5678892, 29.2251533], [76.5676274, 29.2242239], [76.5672629, 29.2231952], [76.5669547, 29.2226448], [76.566852, 29.2222703], [76.5663433, 29.2216431], [76.5659322, 29.2209752], [76.5655984, 29.2201631], [76.5651566, 29.219599], [76.5640683, 29.2182126], [76.5640313, 29.2179078], [76.5640032, 29.2176886], [76.5638675, 29.2166302], [76.5636672, 29.2162376], [76.563503, 29.2157865], [76.5630251, 29.2151051], [76.5628456, 29.2144373], [76.5624963, 29.2137109], [76.5619005, 29.2126956], [76.5616232, 29.2121001], [76.5609809, 29.2112292], [76.5606678, 29.2104621], [76.5602878, 29.209677], [76.5598222, 29.2087208], [76.55746, 29.2092561], [76.5561898, 29.2094584], [76.555218, 29.2093993], [76.5541588, 29.2095792], [76.5536805, 29.2097098], [76.552045, 29.2102187], [76.550672, 29.2103894], [76.5493043, 29.2103299], [76.5465797, 29.2095615], [76.5455048, 29.2099082], [76.545006, 29.2098943], [76.5436488, 29.2096319], [76.5430728, 29.2097444], [76.5425431, 29.2098748], [76.542003, 29.2101001], [76.5419516, 29.2101226], [76.5414887, 29.2103117], [76.5411079, 29.2105416], [76.5406758, 29.2108752], [76.5400326, 29.211398], [76.5394204, 29.211745], [76.538366, 29.2122586], [76.5380881, 29.2124163], [76.5376098, 29.212619], [76.5366172, 29.2128394], [76.5356398, 29.2132448], [76.5346831, 29.2136501], [76.5340555, 29.2139654], [76.5336077, 29.2143891], [76.5329952, 29.2150564], [76.5323672, 29.2157957], [76.5314925, 29.2164447], [76.5296402, 29.2176614], [76.5289302, 29.2180805], [76.5284002, 29.218486], [76.5275923, 29.2189636], [76.5266816, 29.2195584], [76.5258685, 29.2201127], [76.5253436, 29.220604], [76.5248133, 29.2212261], [76.5241624, 29.2227211], [76.5239158, 29.2232874], [76.5239305, 29.2247802], [76.5239453, 29.2254163], [76.5241607, 29.2260254], [76.5243914, 29.226824], [76.5245551, 29.2276903], [76.5249499, 29.2289131], [76.525114, 29.2292876], [76.5251497, 29.229653], [76.5253805, 29.2302892], [76.5255598, 29.2310292], [76.5256055, 29.2316172], [76.5209817, 29.2319234], [76.5198915, 29.2319631], [76.5186725, 29.2319938], [76.5176132, 29.2318486], [76.5166413, 29.2317711], [76.5156486, 29.2318606], [76.5147072, 29.2319681], [76.5136682, 29.2321566], [76.5121149, 29.2322862], [76.5115849, 29.2324752], [76.5097687, 29.233227], [76.5076542, 29.2338522], [76.5068256, 29.2343116], [76.5058996, 29.2344867], [76.5048399, 29.2346436], [76.5038008, 29.2349179], [76.502396, 29.2354985], [76.5009399, 29.2359889], [76.4999999, 29.2363177], [76.4989132, 29.2366905], [76.4986521, 29.2367509], [76.4978578, 29.2369583], [76.4969627, 29.2373157], [76.4958328, 29.2377976], [76.4949493, 29.2382407], [76.4943822, 29.2385132], [76.4934365, 29.2389253], [76.4930624, 29.2390288], [76.4922649, 29.2390196], [76.4910437, 29.2388799], [76.4902113, 29.2389523], [76.4892544, 29.2393014], [76.4883893, 29.2396043], [76.4875949, 29.240095], [76.4875763, 29.2400964], [76.4875624, 29.2400974], [76.4870749, 29.2401333], [76.4861801, 29.2405132], [76.4857641, 29.2405675], [76.485025, 29.2410404], [76.4843483, 29.2415623], [76.4840458, 29.2419898], [76.4837673, 29.2422952], [76.4835647, 29.2425185], [76.4833959, 29.2425836], [76.4831379, 29.2425323], [76.4828987, 29.242359], [76.4824743, 29.2418222], [76.4819795, 29.2413991], [76.4815614, 29.240948], [76.4811713, 29.2406545], [76.4805448, 29.2403727], [76.4793392, 29.2398942], [76.4787389, 29.2396437], [76.4780563, 29.2393985], [76.4777389, 29.2391494], [76.4772606, 29.2388027], [76.4766815, 29.2386016], [76.4757109, 29.2383596], [76.4745327, 29.2379891]]]}, "properties": {"name": "Sonipat"}}, {"type": "Feature", "geometry": {"type": "Polygon", "coordinates": [[[76.2123837, 28.9551184], [76.2132041, 28.9548697], [76.2139682, 28.9546707], [76.2145938, 28.954562], [76.2153734, 28.9544396], [76.21644, 28.9542224], [76.2177733, 28.9538651], [76.2185065, 28.9536526], [76.218881, 28.9535756], [76.2193169, 28.9534941], [76.2195681, 28.9534578], [76.2197118, 28.9534577], [76.2199427, 28.9535387], [76.2209787, 28.953529], [76.221666, 28.9534834], [76.2224352, 28.9533565], [76.2228504, 28.953081], [76.2230501, 28.9526659], [76.2230907, 28.952147], [76.2231048, 28.9507981], [76.2230641, 28.9503119], [76.2230638, 28.9503099], [76.2230632, 28.9503019], [76.2234272, 28.9501302], [76.2256574, 28.9491903], [76.2263956, 28.9488017], [76.2268365, 28.948639], [76.2271851, 28.9484944], [76.2286101, 28.9476226], [76.2304041, 28.9466062], [76.2315421, 28.9459963], [76.232347, 28.9456483], [76.2336337, 28.9451014], [76.2346488, 28.9447126], [76.235346, 28.9444052], [76.2365762, 28.9437907], [76.2375298, 28.943456], [76.2385038, 28.9431078], [76.2399752, 28.9426374], [76.2416773, 28.9420946], [76.2425182, 28.9419676], [76.2429644, 28.941877], [76.2433847, 28.9417097], [76.243928, 28.941434], [76.2439758, 28.9413237], [76.2439866, 28.9410888], [76.2439787, 28.9408971], [76.2437883, 28.9403537], [76.2430168, 28.9383785], [76.2427343, 28.9375321], [76.2425433, 28.9369601], [76.2423172, 28.9365633], [76.2405093, 28.9341559], [76.2397906, 28.9333896], [76.2397336, 28.9328483], [76.2396149, 28.9321582], [76.2394906, 28.9310711], [76.2393672, 28.9299918], [76.2393663, 28.929984], [76.2389449, 28.9291543], [76.2385388, 28.928275], [76.2383128, 28.927842], [76.2381379, 28.9274587], [76.2377832, 28.9265387], [76.2376489, 28.9257133], [76.2374327, 28.9248925], [76.2371906, 28.9239543], [76.2370772, 28.9233453], [76.2369128, 28.9231245], [76.2366665, 28.9229172], [76.2364765, 28.9226241], [76.2364965, 28.9221233], [76.2364493, 28.9211444], [76.2364488, 28.9207429], [76.2363302, 28.9200979], [76.2361909, 28.9192951], [76.236134, 28.9188259], [76.2361234, 28.9185417], [76.2361127, 28.9181899], [76.2362152, 28.9179958], [76.2363789, 28.9177385], [76.2363115, 28.9170077], [76.2361828, 28.9165747], [76.2361311, 28.9161102], [76.236064, 28.9157764], [76.2360533, 28.9152937], [76.2361093, 28.9149417], [76.236119, 28.9144004], [76.2360417, 28.9140757], [76.2357689, 28.9130969], [76.2357223, 28.9126324], [76.2357219, 28.9122489], [76.2356908, 28.9119196], [76.2356802, 28.9115767], [76.235844, 28.9113736], [76.2368842, 28.9108436], [76.236997, 28.9107861], [76.238027, 28.9103838], [76.2392674, 28.9100489], [76.2402208, 28.9098902], [76.2408566, 28.909831], [76.241723, 28.9097445], [76.2425123, 28.9096401], [76.243722, 28.9093818], [76.2489123, 28.9065531], [76.2490097, 28.9064267], [76.2491379, 28.9062846], [76.2499999, 28.9058268], [76.2512951, 28.9051613], [76.2536549, 28.9038416], [76.2541884, 28.9036075], [76.2545678, 28.9035852], [76.2552332, 28.9045739], [76.2559297, 28.9051429], [76.2594624, 28.9048617], [76.2622725, 28.9043001], [76.2643081, 28.9039454], [76.2654315, 28.9033599], [76.2657059, 28.9032636], [76.26597, 28.9031709], [76.2677081, 28.9029557], [76.2688359, 28.9030739], [76.270871, 28.90331], [76.2747507, 28.9045626], [76.2766775, 28.905367], [76.2775332, 28.9058864], [76.2780144, 28.9067123], [76.2779309, 28.9082641], [76.2794847, 28.9079855], [76.2806079, 28.9075127], [76.2815206, 28.9072787], [76.2824846, 28.9071124], [76.284838, 28.9069516], [76.2869812, 28.9066733], [76.2877298, 28.9066468], [76.2889358, 28.9063956], [76.2889604, 28.9063904], [76.2935143, 28.9047195], [76.2965143, 28.9036115], [76.2978587, 28.9032432], [76.2978783, 28.9032379], [76.3028984, 28.9016165], [76.3043802, 28.9013195], [76.3069863, 28.8983751], [76.3080369, 28.8988854], [76.308924, 28.8986602], [76.3100556, 28.9009209], [76.3129676, 28.9004937], [76.3163311, 28.8998411], [76.3173205, 28.8996791], [76.3178485, 28.8996974], [76.3192845, 28.8986697], [76.3251994, 28.8970219], [76.3259241, 28.8968539], [76.3320144, 28.8963146], [76.33325, 28.8961751], [76.3347314, 28.8964281], [76.3375713, 28.8965733], [76.340847, 28.8964479], [76.3420775, 28.8957986], [76.3453329, 28.8951451], [76.3476091, 28.8948434], [76.3489108, 28.8961158], [76.3493938, 28.8960133], [76.3503001, 28.8958138], [76.3514127, 28.8954396], [76.3526532, 28.8952909], [76.3525662, 28.8947992], [76.3521818, 28.8940503], [76.3520332, 28.893987], [76.3510235, 28.8931884], [76.3513466, 28.8927148], [76.3517005, 28.8921103], [76.3519466, 28.8916322], [76.3522287, 28.891136], [76.3526388, 28.8907345], [76.3535359, 28.8903151], [76.3540845, 28.8899904], [76.3555609, 28.8889981], [76.3565811, 28.8881276], [76.3574476, 28.8873382], [76.3580782, 28.8865489], [76.3582371, 28.8863774], [76.3582525, 28.8861294], [76.3580937, 28.8856646], [76.3579913, 28.8851368], [76.3581144, 28.884609], [76.3583246, 28.8840361], [76.3588014, 28.8834632], [76.3591347, 28.8828587], [76.3600677, 28.8813882], [76.3607187, 28.8805041], [76.3611955, 28.880071], [76.3621284, 28.8792951], [76.3626205, 28.879047], [76.3635585, 28.8790471], [76.3653487, 28.8789524], [76.3652214, 28.8788416], [76.3642864, 28.8780276], [76.3624466, 28.8763403], [76.362216, 28.8756997], [76.3619034, 28.8751267], [76.3616881, 28.8749552], [76.3614423, 28.8744906], [76.3607556, 28.873498], [76.3600331, 28.8725371], [76.3595616, 28.8718107], [76.3590646, 28.8711114], [76.3574966, 28.8690044], [76.3563899, 28.8675968], [76.3549962, 28.8658281], [76.3539254, 28.8643889], [76.3527625, 28.8628413], [76.3521272, 28.8618939], [76.351369, 28.860811], [76.3507184, 28.8598319], [76.3500319, 28.858889], [76.3494838, 28.8578964], [76.3490638, 28.8569986], [76.3487463, 28.8564391], [76.3485875, 28.8558075], [76.3484084, 28.8551217], [76.3481831, 28.8544089], [76.3480244, 28.8537142], [76.3479169, 28.853448], [76.3472151, 28.8522704], [76.3467747, 28.8514808], [76.3465084, 28.8508447], [76.3463189, 28.8504882], [76.3460885, 28.849807], [76.3458579, 28.8495589], [76.3446487, 28.8495089], [76.3446436, 28.849509], [76.3444799, 28.8484623], [76.3443418, 28.8477811], [76.3442548, 28.8472667], [76.3442345, 28.8467299], [76.344163, 28.8460171], [76.3440402, 28.844993], [76.3440251, 28.8444201], [76.3441635, 28.8439239], [76.3446608, 28.8430398], [76.3448005, 28.8427519], [76.3448863, 28.8425751], [76.3449941, 28.8420789], [76.3449943, 28.8414925], [76.344938, 28.8410548], [76.3449024, 28.8405135], [76.3449947, 28.8401075], [76.345256, 28.8397692], [76.3455021, 28.8395346], [76.3459069, 28.8393183], [76.3465064, 28.8390386], [76.3469829, 28.8388718], [76.3471777, 28.8387772], [76.3472289, 28.8386824], [76.347019, 28.8381274], [76.3469628, 28.8377846], [76.3465581, 28.8372251], [76.3456465, 28.8358174], [76.3452062, 28.8351361], [76.3449245, 28.8346849], [76.3445915, 28.8343149], [76.3444841, 28.8340488], [76.3444328, 28.8338186], [76.3443615, 28.8328261], [76.344254, 28.8320682], [76.3429528, 28.832095], [76.3430339, 28.8314614], [76.3440823, 28.8312772], [76.3441265, 28.8312694], [76.3430308, 28.8283596], [76.3423599, 28.8272272], [76.3420631, 28.8264872], [76.3418635, 28.8259548], [76.3416946, 28.8251517], [76.3416128, 28.8248089], [76.3415206, 28.8245743], [76.3413158, 28.824281], [76.3412236, 28.8241276], [76.3410803, 28.8239245], [76.3406962, 28.823532], [76.340435, 28.8232973], [76.3389959, 28.8220879], [76.3386067, 28.8216998], [76.3381715, 28.8211358], [76.3378694, 28.8206981], [76.3376237, 28.820283], [76.3373216, 28.8198364], [76.3369529, 28.8194979], [76.3365789, 28.8195023], [76.3362871, 28.8190962], [76.336195, 28.8188796], [76.3361439, 28.8186901], [76.3358316, 28.817887], [76.3357139, 28.8176298], [76.335545, 28.8172553], [76.3353607, 28.8169214], [76.3352584, 28.8166282], [76.3350127, 28.8162131], [76.3346442, 28.8155182], [76.3343985, 28.8150084], [76.3341783, 28.814697], [76.3341118, 28.8145752], [76.3336549, 28.8135324], [76.3331184, 28.8126947], [76.3336686, 28.8116342], [76.3339436, 28.8102041], [76.3343104, 28.8082598], [76.3358692, 28.8077296], [76.3367677, 28.8075367], [76.3378864, 28.8068618], [76.3385099, 28.805737], [76.3396285, 28.8052067], [76.3435896, 28.804339], [76.3453867, 28.8037123], [76.3484125, 28.8024749], [76.3538957, 28.8011894], [76.3570315, 28.8002573], [76.3585536, 28.7998556], [76.3578751, 28.7987628], [76.3581135, 28.797445], [76.3582235, 28.7962237], [76.358902, 28.7954684], [76.3605708, 28.7946005], [76.3616161, 28.792656], [76.36367, 28.7904381], [76.3644035, 28.7895703], [76.3659072, 28.7886703], [76.3677044, 28.7876738], [76.3713721, 28.785938], [76.3761033, 28.7841379], [76.3790008, 28.7836558], [76.3814581, 28.7840093], [76.383402, 28.7838004], [76.3847223, 28.78327], [76.3854009, 28.781711], [76.3856759, 28.7788017], [76.3860244, 28.7744297], [76.3857493, 28.7713274], [76.3854926, 28.7707327], [76.3848324, 28.7698807], [76.383567, 28.7689002], [76.3825951, 28.7678071], [76.3823934, 28.7662317], [76.3815131, 28.7646563], [76.3788174, 28.7618753], [76.377277, 28.7594799], [76.3761034, 28.7573257], [76.3760483, 28.754882], [76.3760483, 28.7529528], [76.3758099, 28.7520685], [76.3753515, 28.7509431], [76.3751131, 28.7501714], [76.3739394, 28.7493997], [76.3744712, 28.7476954], [76.3738111, 28.7451068], [76.3733893, 28.7430809], [76.3726558, 28.7417464], [76.3758466, 28.741264], [76.378634, 28.7403957], [76.3818249, 28.7395596], [76.3867029, 28.7367457], [76.3880232, 28.7359578], [76.389472, 28.7355558], [76.3909757, 28.7351538], [76.3942032, 28.7343659], [76.3967339, 28.7334493], [76.3960004, 28.7332242], [76.3943133, 28.7326292], [76.3918193, 28.7314875], [76.3899671, 28.7298955], [76.3889952, 28.7287055], [76.3879132, 28.7266472], [76.3878399, 28.7242028], [76.3871247, 28.7230449], [76.3850891, 28.7207934], [76.3825584, 28.718365], [76.3812381, 28.7170945], [76.3805045, 28.716805], [76.3793309, 28.7150198], [76.3787441, 28.7137653], [76.3785607, 28.7088437], [76.3783039, 28.7065276], [76.3787807, 28.7042114], [76.3790008, 28.7029568], [76.3805596, 28.7010105], [76.3825218, 28.6997398], [76.3863545, 28.6966996], [76.3911407, 28.6923402], [76.3948634, 28.6887046], [76.398256, 28.6867098], [76.4051773, 28.682811], [76.4062143, 28.6825722], [76.412517, 28.6901464], [76.4155422, 28.6952674], [76.4185491, 28.6994224], [76.4196972, 28.7018827], [76.419907, 28.702617], [76.4200002, 28.7028786], [76.4200569, 28.7037312], [76.4199089, 28.704796], [76.4195819, 28.7060142], [76.4188665, 28.7080355], [76.4182225, 28.7100027], [76.4178084, 28.7110178], [76.4175427, 28.7119698], [76.4174717, 28.7133008], [76.4173593, 28.7140181], [76.4169604, 28.7147219], [76.4161116, 28.7161884], [76.4149199, 28.7180565], [76.4145415, 28.7188235], [76.4143526, 28.7198928], [76.4142404, 28.7209756], [76.4142429, 28.7209887], [76.4142525, 28.7210398], [76.4143532, 28.7215755], [76.4147118, 28.7224777], [76.4153366, 28.7234926], [76.4162682, 28.7239931], [76.4174608, 28.7242588], [76.4184077, 28.7244254], [76.4200863, 28.7242941], [76.4212991, 28.7239418], [76.422261, 28.7234903], [76.4230951, 28.7231246], [76.4241901, 28.7227588], [76.4249832, 28.7223569], [76.4252494, 28.7224245], [76.4263092, 28.7232903], [76.4269902, 28.7238584], [76.4281831, 28.7247422], [76.4288078, 28.7254909], [76.4297245, 28.7263928], [76.4301545, 28.7266859], [76.4311221, 28.7271681], [76.4317825, 28.727407], [76.4324837, 28.7275917], [76.4335587, 28.7278213], [76.4349202, 28.7281681], [76.435903, 28.7282172], [76.4362816, 28.7281178], [76.4369625, 28.7284333], [76.4382681, 28.7291003], [76.4389488, 28.7292174], [76.4398034, 28.7290996], [76.4398749, 28.7290651], [76.440177, 28.728919], [76.4406685, 28.7292661], [76.4410681, 28.7297486], [76.441447, 28.7300688], [76.4419185, 28.7309167], [76.4430202, 28.7329688], [76.4439477, 28.7345518], [76.4446701, 28.73558], [76.4453308, 28.7361165], [76.4473373, 28.7363816], [76.4483202, 28.7364984], [76.4492314, 28.7366783], [76.449948, 28.7367456], [76.4510997, 28.736763], [76.4515143, 28.7366951], [76.4519698, 28.7365956], [76.4524406, 28.7366449], [76.4530653, 28.7368611], [76.4538589, 28.7371087], [76.4548264, 28.7372751], [76.4555789, 28.7373604], [76.4559986, 28.7374233], [76.4564902, 28.7376756], [76.4570585, 28.7378241], [76.4575859, 28.7379727], [76.4580209, 28.7380085], [76.4580214, 28.7380085], [76.4580416, 28.7380069], [76.4584714, 28.7379722], [76.4588296, 28.7379042], [76.4592852, 28.7380032], [76.4596998, 28.7380706], [76.4601352, 28.738287], [76.4601797, 28.73831], [76.4604578, 28.7384536], [76.4608008, 28.73867], [76.4631813, 28.7389887], [76.4645071, 28.7390735], [76.4657767, 28.7392532], [76.4671744, 28.7396672], [76.4684954, 28.7401671], [76.469914, 28.7408338], [76.4709534, 28.741203], [76.4719721, 28.7412925], [76.472658, 28.7412965], [76.4741325, 28.741548], [76.4754582, 28.7415786], [76.4770295, 28.7413112], [76.4792609, 28.7409893], [76.4816456, 28.7404054], [76.4833497, 28.7399845], [76.4853917, 28.7396174], [76.4869577, 28.739368], [76.4890561, 28.7391497], [76.4907247, 28.7390716], [76.4931691, 28.7368321], [76.4931842, 28.7368182], [76.4940806, 28.7373318], [76.4941779, 28.7373948], [76.4946491, 28.7376064], [76.4950178, 28.7378226], [76.4956682, 28.7381018], [76.4961138, 28.7383315], [76.4963238, 28.738408], [76.4967591, 28.7386196], [76.4988494, 28.74035], [76.4999999, 28.741496], [76.5006491, 28.7421426], [76.5017182, 28.7428113], [76.5030539, 28.7429659], [76.5038577, 28.7428493], [76.5046313, 28.7423673], [76.5053232, 28.7419801], [76.5053637, 28.7419574], [76.5067719, 28.7414939], [76.5082926, 28.7411118], [76.5110518, 28.740866], [76.5117123, 28.7407673], [76.5145284, 28.7400072], [76.515281, 28.7397958], [76.5159721, 28.7397963], [76.517344, 28.7395628], [76.5187932, 28.738982], [76.5200529, 28.7385724], [76.5215528, 28.7383751], [76.5231199, 28.7374965], [76.5232281, 28.7375988], [76.5236262, 28.7379752], [76.5252357, 28.741008], [76.5264721, 28.7435082], [76.527259, 28.7450155], [76.5284036, 28.7472721], [76.5297908, 28.7500013], [76.5298275, 28.7500604], [76.5302382, 28.7507228], [76.5316971, 28.7500067], [76.5317083, 28.7500011], [76.5380218, 28.7477747], [76.5428402, 28.7461537], [76.5458606, 28.7456998], [76.5459105, 28.745694], [76.5459139, 28.7456936], [76.5490142, 28.7453317], [76.5503247, 28.7452286], [76.5504477, 28.7451805], [76.5509699, 28.7449763], [76.5521426, 28.7442146], [76.5527878, 28.7439577], [76.5534329, 28.7437461], [76.5538321, 28.743823], [76.5574061, 28.7422593], [76.5589369, 28.7417909], [76.5602474, 28.7416336], [76.5631554, 28.7407959], [76.5644199, 28.7404039], [76.5658894, 28.7397233], [76.5695962, 28.7380016], [76.5723249, 28.7367124], [76.5741272, 28.735698], [76.5749004, 28.7350486], [76.5750676, 28.7349752], [76.577496, 28.7339088], [76.5775565, 28.7339455], [76.578898, 28.7347568], [76.5804279, 28.7359709], [76.5833801, 28.7390802], [76.5846182, 28.7404926], [76.5877039, 28.7431551], [76.5890138, 28.7447615], [76.5899584, 28.7461118], [76.5908352, 28.747365], [76.5917458, 28.7492239], [76.5922084, 28.7500011], [76.5927181, 28.7506571], [76.5933167, 28.7515866], [76.5936698, 28.7520919], [76.594202, 28.7531432], [76.5944578, 28.7535538], [76.5948466, 28.7544291], [76.5951024, 28.7551329], [76.5952863, 28.7565134], [76.5952857, 28.7565297], [76.5952708, 28.7569916], [76.5953217, 28.7579074], [76.5953114, 28.7583992], [76.5952701, 28.7594684], [76.5952443, 28.7600864], [76.5952697, 28.7611466], [76.5952951, 28.7615481], [76.5953205, 28.7624323], [76.5953358, 28.762879], [76.5957399, 28.7639708], [76.5957859, 28.7643272], [76.5959134, 28.7661453], [76.5959746, 28.7667634], [76.5960409, 28.7677558], [76.5960664, 28.7684506], [76.5960815, 28.7694837], [76.5960608, 28.7700882], [76.5963575, 28.7711845], [76.5963675, 28.771744], [76.5963172, 28.7733684], [76.596316, 28.7734086], [76.5962439, 28.7746131], [76.5962181, 28.7752312], [76.596054, 28.7762597], [76.5959618, 28.7767515], [76.5957616, 28.778186], [76.5955462, 28.7792506], [76.59541, 28.7810797], [76.5953869, 28.781389], [76.5956889, 28.7819936], [76.5975833, 28.7831173], [76.5984741, 28.7838348], [76.5992984, 28.7844485], [76.6011466, 28.78633], [76.6023652, 28.7873679], [76.6031383, 28.7879679], [76.6038859, 28.7886448], [76.6042903, 28.7892629], [76.6043568, 28.7899126], [76.6040391, 28.7908553], [76.6040595, 28.791496], [76.6041891, 28.7922037], [76.6041925, 28.7922223], [76.6054832, 28.7915864], [76.6059236, 28.791433], [76.6074702, 28.7910949], [76.6081052, 28.7908829], [76.6092217, 28.7906485], [76.6110858, 28.7902066], [76.6117414, 28.7900443], [76.6131088, 28.7897872], [76.6137592, 28.7896429], [76.6150651, 28.7893181], [76.6165297, 28.7891965], [76.6186294, 28.7889033], [76.6201042, 28.7888267], [76.6212616, 28.788935], [76.6219836, 28.7890072], [76.6230898, 28.7890298], [76.6236224, 28.7890388], [76.6238631, 28.7890298], [76.6244315, 28.7889937], [76.6250153, 28.7889937], [76.6255121, 28.7890072], [76.6267667, 28.7892509], [76.6274018, 28.7895666], [76.6283389, 28.7903154], [76.6287743, 28.7906898], [76.6299214, 28.7917049], [76.6309406, 28.792192], [76.631591, 28.7923184], [76.6327946, 28.7934822], [76.6332505, 28.7942446], [76.6335937, 28.7947589], [76.6344541, 28.7957649], [76.6347614, 28.7962205], [76.6353915, 28.7970595], [76.6356476, 28.7975963], [76.6358884, 28.7984174], [76.6361035, 28.799058], [76.636498, 28.7995813], [76.6368872, 28.7999015], [76.6386237, 28.8011645], [76.6390181, 28.8015931], [76.6393921, 28.8029644], [76.6399249, 28.8038756], [76.6404833, 28.8041463], [76.6412977, 28.8043311], [76.6422965, 28.8043671], [76.6429674, 28.8042723], [76.6434846, 28.8040872], [76.6440173, 28.8039428], [76.644719, 28.8039111], [76.6452415, 28.8041502], [76.6455182, 28.8046238], [76.6456682, 28.8054737], [76.6456719, 28.8054944], [76.6456927, 28.8066223], [76.6453293, 28.80849], [76.6443154, 28.8093654], [76.6427995, 28.8102678], [76.6425793, 28.8107235], [76.6415243, 28.8123703], [76.6407408, 28.813029], [76.6397421, 28.8138998], [76.639148, 28.8145676], [76.6383746, 28.8154519], [76.6375091, 28.8165076], [76.6366999, 28.8172701], [76.6351581, 28.8182176], [76.6346869, 28.8187635], [76.6336113, 28.819959], [76.6327507, 28.8208975], [76.6326995, 28.8216689], [76.6326997, 28.8226433], [76.6326844, 28.8236539], [76.6326229, 28.8243487], [76.6324846, 28.8246148], [76.6317572, 28.8250615], [76.631757, 28.8250656], [76.6316498, 28.8274209], [76.6315986, 28.828269], [76.631609, 28.8289863], [76.6317832, 28.8301863], [76.6319574, 28.8307457], [76.6322495, 28.8313141], [76.632936, 28.8321081], [76.6337712, 28.832902], [76.6342579, 28.8332944], [76.6352212, 28.8339981], [76.6357387, 28.8343996], [76.6364868, 28.8349093], [76.6371323, 28.8353785], [76.638152, 28.8360144], [76.6386849, 28.8363933], [76.6395867, 28.8370428], [76.640181, 28.8374442], [76.6406319, 28.83776], [76.6421641, 28.8387884], [76.643404, 28.8395551], [76.6443981, 28.8397084], [76.6447208, 28.8396407], [76.6450476, 28.8394081], [76.6450666, 28.8393947], [76.6454125, 28.8391488], [76.645469, 28.8390873], [76.6454694, 28.8390869], [76.6461756, 28.8383187], [76.6466213, 28.8378133], [76.6471386, 28.8371996], [76.6476355, 28.836577], [76.6482706, 28.8358145], [76.6487418, 28.8352099], [76.6493923, 28.8344384], [76.6498071, 28.8338699], [76.6503757, 28.8332201], [76.6506625, 28.8328862], [76.6514, 28.831889], [76.6517943, 28.8313837], [76.6523269, 28.830531], [76.652629, 28.8299535], [76.6528951, 28.8289384], [76.6532279, 28.8283563], [76.6536326, 28.8279773], [76.6544262, 28.8265605], [76.6545234, 28.8260688], [76.654436, 28.8250313], [76.6545996, 28.8240883], [76.6546967, 28.8229921], [76.6550037, 28.8219454], [76.6552903, 28.8209663], [76.6556177, 28.8193783], [76.6555202, 28.8188325], [76.6556481, 28.8183181], [76.6572973, 28.8176005], [76.6624089, 28.8157314], [76.6642118, 28.8154332], [76.6660485, 28.8151689], [76.6660967, 28.8151619], [76.6671415, 28.814733], [76.6690926, 28.8136947], [76.6694117, 28.8133585], [76.6695893, 28.8131713], [76.6694148, 28.8123187], [76.6691685, 28.8113579], [76.6690295, 28.8098196], [76.6689013, 28.8093685], [76.6688338, 28.8072482], [76.6688796, 28.8064902], [76.6688789, 28.8048707], [76.6690272, 28.8043293], [76.6693901, 28.8025653], [76.6696511, 28.8021772], [76.6700858, 28.8006477], [76.6701265, 28.7999981], [76.6701824, 28.7989243], [76.6705992, 28.7960857], [76.6706011, 28.7960731], [76.671574, 28.7957975], [76.6741597, 28.7946643], [76.675107, 28.7941225], [76.6759877, 28.7938515], [76.6787374, 28.7930519], [76.6805961, 28.7922752], [76.6844773, 28.7910645], [76.6861466, 28.7908021], [76.6887477, 28.7900926], [76.6900893, 28.7898664], [76.6917945, 28.7897393], [76.6923885, 28.7896442], [76.6933662, 28.7889264], [76.6940472, 28.7887998], [76.6951279, 28.7890788], [76.6957628, 28.7888665], [76.6962387, 28.7884964], [76.6972679, 28.7881709], [76.7002546, 28.7874813], [76.7002837, 28.7874746], [76.7009648, 28.7875283], [76.7020965, 28.7873833], [76.7028339, 28.7873378], [76.7033716, 28.7874141], [76.7040885, 28.7874588], [76.7047542, 28.7873682], [76.7074375, 28.7872177], [76.7088623, 28.7871351], [76.7089327, 28.787131], [76.7089529, 28.7866664], [76.7090857, 28.786337], [76.7092385, 28.7851639], [76.709468, 28.7841352], [76.7094674, 28.7833502], [76.7096201, 28.7822448], [76.7096195, 28.7815682], [76.7096958, 28.780932], [76.7097822, 28.780138], [76.7099251, 28.7795469], [76.7101653, 28.7788475], [76.710216, 28.778252], [76.7101385, 28.7774354], [76.7099739, 28.7765874], [76.709743, 28.7759289], [76.7095734, 28.7752748], [76.7094599, 28.7742103], [76.7094696, 28.7735291], [76.7094845, 28.7728704], [76.7094329, 28.7723787], [76.7092529, 28.7714269], [76.7090067, 28.7709172], [76.7086375, 28.7702588], [76.7084989, 28.769677], [76.7083086, 28.7686846], [76.7083048, 28.7686796], [76.707878, 28.7681119], [76.7073399, 28.7673679], [76.707068, 28.766768], [76.7062175, 28.7660738], [76.7054751, 28.7660787], [76.7044003, 28.766544], [76.7036732, 28.7665219], [76.7032018, 28.7659448], [76.702582, 28.7655436], [76.7019009, 28.7653049], [76.7014808, 28.7650886], [76.7009226, 28.7649356], [76.6997909, 28.7645663], [76.6979319, 28.7638635], [76.6974918, 28.7640171], [76.6968672, 28.7641258], [76.6965138, 28.763968], [76.6959863, 28.7637472], [76.6953258, 28.763707], [76.6935902, 28.7636583], [76.692904, 28.7635414], [76.6925499, 28.7621746], [76.6921654, 28.7615161], [76.6912732, 28.7592473], [76.6911652, 28.7585572], [76.6907497, 28.7571227], [76.6906827, 28.7564552], [76.6904001, 28.7549214], [76.6904455, 28.7537394], [76.6905731, 28.7532521], [76.6905624, 28.7524581], [76.6904748, 28.7515785], [76.6895668, 28.7500016], [76.6881892, 28.7475932], [76.6878556, 28.7462129], [76.6868916, 28.7434704], [76.6884573, 28.7423779], [76.6908723, 28.7408068], [76.6924431, 28.7396917], [76.6940698, 28.7382518], [76.6942231, 28.7378276], [76.6969966, 28.7365991], [76.6992328, 28.7357226], [76.7001582, 28.7359428], [76.7001766, 28.7359467], [76.7005587, 28.7360377], [76.7015875, 28.7361183], [76.7022221, 28.7360638], [76.7035782, 28.735666], [76.7051496, 28.7355839], [76.7069004, 28.735849], [76.7084801, 28.7359819], [76.7084974, 28.7359833], [76.7090708, 28.7361679], [76.7094049, 28.7378956], [76.7099179, 28.7393344], [76.7105546, 28.7416754], [76.7107393, 28.7422618], [76.711678, 28.7446567], [76.7124628, 28.7464652], [76.7137618, 28.7500007], [76.7144584, 28.7515285], [76.7149554, 28.7521327], [76.7154221, 28.7530256], [76.7153355, 28.7534317], [76.7151981, 28.7544604], [76.7148559, 28.7554306], [76.7145598, 28.7563421], [76.7142686, 28.7571272], [76.7142846, 28.7578084], [76.7144334, 28.7581422], [76.7155244, 28.7587775], [76.7170505, 28.7593268], [76.7196109, 28.7599972], [76.7206249, 28.7602176], [76.7214235, 28.7602711], [76.7220327, 28.7602256], [76.7236042, 28.7599808], [76.7253905, 28.7595058], [76.7273919, 28.7590126], [76.7294289, 28.7585328], [76.7304682, 28.7585545], [76.7321066, 28.758621], [76.7332329, 28.7586291], [76.7341699, 28.7587275], [76.7353509, 28.7589025], [76.7356241, 28.7589429], [76.7359773, 28.7588975], [76.7364481, 28.7587483], [76.7372209, 28.7584814], [76.7395131, 28.7572705], [76.7405519, 28.7567553], [76.7405579, 28.7567628], [76.7417105, 28.7582069], [76.7431511, 28.7600283], [76.7437867, 28.7607089], [76.7443454, 28.7612092], [76.7451549, 28.7618265], [76.7461852, 28.7628631], [76.7469752, 28.7641707], [76.7480008, 28.7655322], [76.7499999, 28.7673234], [76.7501364, 28.767302], [76.7507077, 28.7671069], [76.7510459, 28.7672515], [76.7512713, 28.7674537], [76.7514091, 28.7676464], [76.7515128, 28.7677797], [76.7517649, 28.7679163], [76.7520906, 28.7679914], [76.7526443, 28.7681529], [76.7536457, 28.7684194], [76.7545974, 28.7688111], [76.7551763, 28.7689867], [76.7563317, 28.7692431], [76.7570456, 28.769354], [76.7575501, 28.7692707], [76.7584939, 28.7688813], [76.7594025, 28.768288], [76.7600027, 28.7679089], [76.7609363, 28.7675147], [76.7618739, 28.7669852], [76.7628384, 28.7665828], [76.7635893, 28.7663063], [76.7640102, 28.7660992], [76.7644012, 28.7656927], [76.7651315, 28.7647117], [76.7654848, 28.7643676], [76.7664442, 28.7636129], [76.7672363, 28.7629718], [76.7675377, 28.7626491], [76.7676212, 28.7624207], [76.7675238, 28.7618949], [76.7673966, 28.7611608], [76.7674715, 28.7606976], [76.7676874, 28.7601427], [76.7678532, 28.7593746], [76.7678154, 28.7590894], [76.7676289, 28.7584577], [76.7674478, 28.7578127], [76.7673989, 28.7572067], [76.7675149, 28.7565639], [76.76727, 28.755651], [76.7668456, 28.7547432], [76.7657952, 28.7529952], [76.7647427, 28.7516714], [76.7644034, 28.7511507], [76.7643995, 28.7511445], [76.7658515, 28.7503558], [76.7664026, 28.7499952], [76.766824, 28.7498653], [76.7671905, 28.7497432], [76.7675567, 28.749594], [76.7680806, 28.7493931], [76.7684761, 28.7491624], [76.7688681, 28.7490309], [76.7692564, 28.7489807], [76.7698329, 28.7488649], [76.7703129, 28.7487864], [76.7706601, 28.7487322], [76.7709044, 28.7486478], [76.771148, 28.7485183], [76.7714724, 28.7483245], [76.7716845, 28.7481503], [76.7723147, 28.747569], [76.7730052, 28.7469237], [76.7734239, 28.7465573], [76.7738583, 28.7462087], [76.774293, 28.7458781], [76.7746577, 28.7456477], [76.7751613, 28.7454516], [76.7756998, 28.7452054], [76.7762273, 28.7449142], [76.7767041, 28.7446507], [76.7771554, 28.7443967], [76.7775263, 28.7442293], [76.7780555, 28.7440374], [76.7785931, 28.743737], [76.7790087, 28.7434879], [76.7794035, 28.743221], [76.7795949, 28.743038], [76.7798556, 28.7433189], [76.7801887, 28.7436393], [76.7805431, 28.7440092], [76.7810053, 28.7443956], [76.7814199, 28.7446879], [76.7818546, 28.7449619], [76.7823811, 28.7452167], [76.7828515, 28.7454812], [76.7832908, 28.7457281], [76.783642, 28.7459084], [76.7839229, 28.7461664], [76.7843927, 28.7466971], [76.7851173, 28.7474591], [76.7860095, 28.7484445], [76.786939, 28.7499957], [76.7880112, 28.7513558], [76.788604, 28.7521139], [76.7894969, 28.7532985], [76.7903754, 28.7544467], [76.7905759, 28.7549567], [76.7905747, 28.7551734], [76.7907051, 28.7554471], [76.791309, 28.7561842], [76.7915265, 28.7564495], [76.7916508, 28.7565787], [76.7924186, 28.7574852], [76.7939785, 28.7593437], [76.7954247, 28.7610642], [76.7963648, 28.7620377], [76.7974043, 28.7631172], [76.7986373, 28.7642371], [76.7993364, 28.7648666], [76.8006498, 28.7663991], [76.8013863, 28.7671513], [76.8021699, 28.7678684], [76.8026093, 28.7682664], [76.8036961, 28.7689542], [76.8044734, 28.7693552], [76.8046495, 28.7695746], [76.8046911, 28.7696264], [76.8051024, 28.7701095], [76.8058705, 28.7706548], [76.8061949, 28.7709554], [76.8064696, 28.7713768], [76.8067471, 28.7720623], [76.8070245, 28.7727478], [76.8072236, 28.7733075], [76.8074067, 28.7735327], [76.8075898, 28.773758], [76.8076705, 28.7739787], [76.8077513, 28.7741994], [76.8079931, 28.7743402], [76.8083425, 28.7744834], [76.8083828, 28.7745069], [76.8084461, 28.7745504], [76.8086359, 28.7746808], [76.8087535, 28.7748072], [76.8094694, 28.7755602], [76.8098327, 28.7759339], [76.8101728, 28.7763117], [76.8105129, 28.7766894], [76.8106746, 28.7768577], [76.8108362, 28.7770261], [76.8116412, 28.7780776], [76.8120179, 28.7785193], [76.8124464, 28.7789396], [76.8127386, 28.7791132], [76.8128649, 28.7791746], [76.8129912, 28.7792361], [76.813099, 28.7792859], [76.8133401, 28.7793974], [76.8135422, 28.7794967], [76.8136773, 28.779608], [76.8137485, 28.7796688], [76.8139974, 28.7798814], [76.8153986, 28.7810455], [76.8159896, 28.7813385], [76.8160345, 28.7813802], [76.8162064, 28.7815238], [76.8162319, 28.781545], [76.8173055, 28.7824421], [76.8181729, 28.7831023], [76.8186067, 28.7834324], [76.8190404, 28.7837625], [76.8191239, 28.7842196], [76.819129, 28.7842474], [76.8191591, 28.7846273], [76.8191892, 28.7850071], [76.8192471, 28.7854011], [76.819305, 28.7857951], [76.8193412, 28.7860531], [76.8193773, 28.7863112], [76.8195927, 28.7878281], [76.8197003, 28.7885865], [76.819808, 28.789345], [76.8198606, 28.7895673], [76.8199131, 28.7897897], [76.820142, 28.7904763], [76.8201992, 28.790648], [76.8202564, 28.7908196], [76.820335, 28.7910555], [76.8203708, 28.791163], [76.8209697, 28.7921264], [76.8215685, 28.7930898], [76.8220356, 28.7938675], [76.8224608, 28.7944998], [76.8228859, 28.7951322], [76.8232225, 28.7956361], [76.8235591, 28.7961401], [76.8237311, 28.7963967], [76.8244175, 28.7971228], [76.8251039, 28.7978489], [76.8258046, 28.7986022], [76.8258048, 28.7986025], [76.8261678, 28.7989919], [76.826658, 28.7995015], [76.8271482, 28.8000111], [76.8275845, 28.8005218], [76.8277503, 28.8008189], [76.8278533, 28.8009792], [76.8279702, 28.8011526], [76.8286546, 28.8021682], [76.8300113, 28.8041888], [76.830289, 28.8046045], [76.8305666, 28.8050203], [76.8307623, 28.8053462], [76.830958, 28.8056721], [76.8310559, 28.8058351], [76.8311537, 28.8059981], [76.8313494, 28.806324], [76.8325458, 28.8080385], [76.8334091, 28.8093937], [76.8341277, 28.8103875], [76.8350113, 28.8100881], [76.8358837, 28.8097733], [76.8364494, 28.8097046], [76.8371077, 28.8096243], [76.8383578, 28.8091848], [76.8391577, 28.8088978], [76.8401119, 28.8086841], [76.841066, 28.8084705], [76.8415474, 28.8083908], [76.8417881, 28.808351], [76.8420288, 28.8083111], [76.8423311, 28.8083133], [76.8426334, 28.8083154], [76.8429119, 28.8083442], [76.8431904, 28.8083729], [76.8438003, 28.8083682], [76.844357, 28.8082564], [76.8449136, 28.8081445], [76.8454284, 28.8080611], [76.8459433, 28.8079776], [76.8467062, 28.8078184], [76.8471039, 28.8078001], [76.8475016, 28.8077817], [76.8485213, 28.8076936], [76.8495411, 28.8076055], [76.8498022, 28.8076112], [76.8500634, 28.8076169], [76.8502125, 28.8076998], [76.8502324, 28.8077109], [76.8504015, 28.8078049], [76.8507674, 28.8081831], [76.8511333, 28.8085613], [76.8518028, 28.8095329], [76.8521166, 28.8100317], [76.8525268, 28.8107494], [76.8528264, 28.8112073], [76.853126, 28.8116653], [76.8534273, 28.8120668], [76.8537285, 28.8124684], [76.8540092, 28.8128718], [76.8542899, 28.8132751], [76.8547172, 28.8135689], [76.8551703, 28.8137639], [76.8556235, 28.8139589], [76.8558975, 28.8140574], [76.8561714, 28.814156], [76.8565326, 28.8141594], [76.8568938, 28.8141628], [76.857244, 28.8141953], [76.8575941, 28.8142278], [76.8578578, 28.8143284], [76.8581214, 28.8144289], [76.858297, 28.8144723], [76.8584726, 28.8145156], [76.8588237, 28.8146023], [76.8592687, 28.8147238], [76.8597137, 28.8148453], [76.8606037, 28.8150882], [76.8616275, 28.8153137], [76.8626512, 28.8155393], [76.8632529, 28.8158278], [76.8638416, 28.8163958], [76.8643605, 28.8169895], [76.8648793, 28.8175831], [76.8653367, 28.8180805], [76.8656796, 28.8184627], [76.8660224, 28.8188448], [76.8661394, 28.8190595], [76.8665198, 28.8198374], [76.8667832, 28.8204006], [76.8669784, 28.8209284], [76.8671737, 28.8214563], [76.8673582, 28.8219117], [76.8675426, 28.822367], [76.8678833, 28.8227356], [76.8680818, 28.8228753], [76.8683831, 28.8230658], [76.8684148, 28.8230914], [76.8684413, 28.8235783], [76.8684342, 28.824465], [76.8684242, 28.8250945], [76.8685418, 28.8260133], [76.8686594, 28.8269321], [76.8686337, 28.8272971], [76.8685865, 28.8283365], [76.8685393, 28.8293758], [76.8685008, 28.8302844], [76.8684624, 28.8311931], [76.8684221, 28.8320791], [76.8683817, 28.8329651], [76.8683709, 28.832983], [76.8680739, 28.8335181], [76.8675826, 28.834401], [76.8670668, 28.8354233], [76.8666339, 28.8364159], [76.8663662, 28.8369088], [76.8660986, 28.8374017], [76.8660128, 28.8376255], [76.8659271, 28.8378493], [76.8657935, 28.8387671], [76.8657076, 28.8392685], [76.8656217, 28.8397698], [76.8653164, 28.8407787], [76.8650465, 28.8414431], [76.8647766, 28.8421074], [76.8645143, 28.8426816], [76.864252, 28.8432559], [76.8640443, 28.8436215], [76.8638367, 28.843987], [76.863693, 28.8445345], [76.8634749, 28.8449969], [76.8630238, 28.8459055], [76.8624795, 28.8468459], [76.862109, 28.8472576], [76.8607713, 28.8483341], [76.8593792, 28.8493417], [76.8590117, 28.849557], [76.8586442, 28.8497724], [76.8580024, 28.8501668], [76.8573607, 28.8505612], [76.8568813, 28.8508373], [76.8564018, 28.8511134], [76.855987, 28.8513683], [76.8555722, 28.8516232], [76.8550955, 28.8518023], [76.854629, 28.8519839], [76.8541624, 28.8521655], [76.8538962, 28.8523334], [76.85363, 28.8525014], [76.8532456, 28.8527705], [76.8528611, 28.8530396], [76.8517755, 28.854081], [76.8510922, 28.8548558], [76.8504089, 28.8556306], [76.8495661, 28.8566953], [76.8487232, 28.8577601], [76.8481823, 28.8586666], [76.8476413, 28.8595732], [76.8475044, 28.8598794], [76.8473675, 28.8601856], [76.8473031, 28.8604685], [76.8472387, 28.8607514], [76.8468913, 28.8608882], [76.846229, 28.8611896], [76.8455668, 28.8614909], [76.8450491, 28.8616668], [76.8445313, 28.8618428], [76.8441169, 28.8619036], [76.8437024, 28.8619644], [76.8433557, 28.8619861], [76.843009, 28.8620078], [76.8427091, 28.8620982], [76.8424091, 28.8621887], [76.8420357, 28.8623407], [76.8416622, 28.8624927], [76.8413467, 28.8622285], [76.8408351, 28.8620096], [76.8403235, 28.8617907], [76.8395034, 28.8614205], [76.8386834, 28.8610504], [76.8381908, 28.8608838], [76.8376982, 28.8607172], [76.8373645, 28.8606422], [76.8370308, 28.8605671], [76.836824, 28.8605377], [76.8366172, 28.8605083], [76.8363389, 28.8605608], [76.8360547, 28.8604553], [76.8357706, 28.8603497], [76.8353328, 28.860243], [76.8348949, 28.8601363], [76.8343389, 28.8601263], [76.8337829, 28.8601162], [76.8332104, 28.8601442], [76.832638, 28.8601722], [76.8316023, 28.8603524], [76.8305666, 28.8605326], [76.8299525, 28.8606725], [76.8293384, 28.8608123], [76.8287459, 28.860912], [76.8281, 28.860909], [76.8274541, 28.860906], [76.8269868, 28.8609318], [76.8265195, 28.8609575], [76.8259089, 28.8610636], [76.8252983, 28.8611697], [76.8251665, 28.8611171], [76.8247836, 28.8608785], [76.8244008, 28.8606398], [76.82387, 28.8603753], [76.8233393, 28.8601108], [76.8230723, 28.8601229], [76.8227992, 28.8603515], [76.8216181, 28.8609527], [76.8197467, 28.86185], [76.8191103, 28.8622286], [76.8190791, 28.8622389], [76.8184736, 28.8624401], [76.817101, 28.8631047], [76.8152965, 28.8639899], [76.8143449, 28.8644517], [76.8140254, 28.8645077], [76.8138534, 28.8644272], [76.8136869, 28.8646898], [76.8135291, 28.8648307], [76.8131446, 28.8650072], [76.8122095, 28.8654332], [76.8117833, 28.8656314], [76.8115855, 28.8657353], [76.8112026, 28.8660337], [76.8103846, 28.8666654], [76.8096456, 28.867347], [76.809231, 28.8677365], [76.8094699, 28.8679856], [76.8115509, 28.8699772], [76.8118681, 28.8703589], [76.8121392, 28.8707395], [76.813319, 28.8725079], [76.8147754, 28.8750047], [76.8150517, 28.8755614], [76.8153048, 28.8760365], [76.8155115, 28.876515], [76.8156634, 28.8769426], [76.8157618, 28.8772652], [76.8158087, 28.8775958], [76.8159968, 28.8781912], [76.8162698, 28.8786847], [76.8164065, 28.8789225], [76.8164902, 28.8792222], [76.8166752, 28.8799259], [76.8168563, 28.8802278], [76.8171306, 28.8806762], [76.8174259, 28.881107], [76.8176932, 28.881623], [76.8178225, 28.8819418], [76.8180205, 28.8821899], [76.8181106, 28.8824447], [76.8182704, 28.8829537], [76.8183168, 28.8833023], [76.8184247, 28.8838327], [76.8185187, 28.8843087], [76.8185773, 28.8847704], [76.8186607, 28.8852597], [76.8187535, 28.8857808], [76.8188207, 28.8862968], [76.8189258, 28.886746], [76.8190263, 28.887177], [76.8191775, 28.8876272], [76.8194145, 28.8881244], [76.8198116, 28.8884085], [76.8199792, 28.8886424], [76.8200657, 28.8888474], [76.8201659, 28.8892874], [76.8204047, 28.8897215], [76.8207059, 28.8901299], [76.8208299, 28.8902771], [76.8208654, 28.8904674], [76.8211024, 28.8909691], [76.8211966, 28.8914406], [76.8213307, 28.8919491], [76.8214581, 28.8925161], [76.8216466, 28.8929175], [76.8220334, 28.8937384], [76.8227047, 28.8944755], [76.8229451, 28.8948554], [76.8231539, 28.8952662], [76.8236546, 28.8960491], [76.8241169, 28.8969214], [76.8243487, 28.897423], [76.8244802, 28.8978457], [76.8246259, 28.8986703], [76.824812, 28.8991574], [76.8252465, 28.8999252], [76.8257765, 28.9007629], [76.8259296, 28.9011454], [76.8259511, 28.9013313], [76.8259954, 28.9017156], [76.8258502, 28.9024887], [76.8257458, 28.9029106], [76.8256891, 28.90346], [76.8256926, 28.9036947], [76.82568, 28.9039562], [76.8257467, 28.9041337], [76.825806, 28.9043923], [76.8259022, 28.9046156], [76.8259031, 28.9049451], [76.8258389, 28.905395], [76.8257646, 28.9058402], [76.8257595, 28.9063771], [76.825848, 28.906871], [76.8259107, 28.9073689], [76.8260994, 28.9083028], [76.8262646, 28.9088029], [76.8262946, 28.9091918], [76.8262915, 28.9096566], [76.826325, 28.9100996], [76.8264245, 28.9105667], [76.8265359, 28.9109753], [76.8268842, 28.9113531], [76.8268905, 28.9118498], [76.8268902, 28.9124004], [76.8269312, 28.9127578], [76.8270104, 28.913396], [76.8271251, 28.913866], [76.8271344, 28.9139042], [76.8272596, 28.9149089], [76.8271043, 28.9158533], [76.8266981, 28.9171441], [76.8262901, 28.9184981], [76.8251732, 28.9207797], [76.8251348, 28.9208454], [76.8248711, 28.9212965], [76.8241744, 28.9221612], [76.822966, 28.9235155], [76.8225087, 28.923898], [76.8221145, 28.9242277], [76.8219672, 28.9243554], [76.8219656, 28.9247705], [76.8220953, 28.9252563], [76.8220944, 28.925649], [76.8219093, 28.9262], [76.8216289, 28.9266767], [76.8211275, 28.9277036], [76.8207436, 28.9287467], [76.8204422, 28.929241], [76.8200331, 28.9295524], [76.8196437, 28.9297152], [76.819526, 28.9300602], [76.81942, 28.9305362], [76.8191152, 28.9311478], [76.8190083, 28.931175], [76.8186914, 28.9312557], [76.8180278, 28.9313177], [76.8174527, 28.9313365], [76.8169151, 28.9311215], [76.816528, 28.9310227], [76.8157623, 28.9312449], [76.8149183, 28.931515], [76.8144032, 28.9315893], [76.8139052, 28.9314202], [76.8134067, 28.9312738], [76.8130427, 28.9310851], [76.8128146, 28.9309898], [76.8117916, 28.9305248], [76.8105738, 28.9302359], [76.8099121, 28.9300542], [76.8093221, 28.9298741], [76.8088009, 28.9296233], [76.8082329, 28.929394], [76.8075086, 28.929247], [76.8068487, 28.9291827], [76.8061467, 28.9291535], [76.8055179, 28.9290763], [76.8049813, 28.9290057], [76.8043746, 28.9288703], [76.8033314, 28.9285762], [76.8021459, 28.9282339], [76.8009753, 28.9277339], [76.7999145, 28.9271596], [76.7988854, 28.9265544], [76.7955617, 28.9247561], [76.7949085, 28.9244571], [76.7923169, 28.924846], [76.7908607, 28.9251407], [76.7908307, 28.9251467], [76.7897262, 28.9253793], [76.7892588, 28.9255764], [76.7887573, 28.9258856], [76.7878992, 28.9264667], [76.7874699, 28.926764], [76.7868497, 28.9270976], [76.7859017, 28.9277714], [76.7848826, 28.9285925], [76.7838547, 28.9291878], [76.7827433, 28.9294788], [76.7814844, 28.9297213], [76.7802398, 28.9300048], [76.7790867, 28.9303174], [76.7787152, 28.9303903], [76.7784227, 28.9305688], [76.7779529, 28.9308471], [76.7777852, 28.9313217], [76.7777696, 28.9318585], [76.7777679, 28.9329777], [76.7777854, 28.9334339], [76.777516, 28.9338792], [76.7769845, 28.9343367], [76.7758581, 28.9347852], [76.7748639, 28.9352774], [76.7740398, 28.9359178], [76.7735205, 28.9363078], [76.7731782, 28.9367875], [76.7728835, 28.9372187], [76.7720575, 28.9377462], [76.7716617, 28.9381254], [76.7717081, 28.9389975], [76.7715935, 28.9392342], [76.7714035, 28.9394149], [76.7712217, 28.9394921], [76.7710954, 28.9396021], [76.7710763, 28.939728], [76.7711141, 28.9401937], [76.7711377, 28.9403866], [76.7712094, 28.9409721], [76.7713266, 28.9411779], [76.7716177, 28.9415771], [76.7719247, 28.9419586], [76.7722241, 28.9424257], [76.7725335, 28.942902], [76.7727677, 28.943318], [76.7730279, 28.943721], [76.7732825, 28.944142], [76.7737265, 28.9451043], [76.7741711, 28.9460485], [76.7745993, 28.9472045], [76.7749736, 28.9480975], [76.7750216, 28.9482114], [76.774978, 28.9484276], [76.7749552, 28.9485529], [76.7746569, 28.9489298], [76.7743998, 28.9493032], [76.7740424, 28.949593], [76.7732174, 28.9502605], [76.7727763, 28.9506071], [76.7717813, 28.9511218], [76.7708291, 28.9517502], [76.7699445, 28.9523486], [76.7694848, 28.9526271], [76.7690701, 28.9529472], [76.7681677, 28.9538025], [76.7677823, 28.9541729], [76.7671639, 28.9549668], [76.7667309, 28.9555618], [76.7661139, 28.9563107], [76.7658978, 28.9566804], [76.7655795, 28.9570388], [76.7652667, 28.9573838], [76.764975, 28.9577066], [76.7646013, 28.9580277], [76.7642755, 28.9582911], [76.7639298, 28.9585316], [76.7636906, 28.958639], [76.7635098, 28.9588561], [76.7631925, 28.9591784], [76.7629884, 28.9593137], [76.7628034, 28.959323], [76.7626883, 28.9593972], [76.7626174, 28.95954], [76.7625325, 28.9598134], [76.7623385, 28.9599534], [76.7618931, 28.9604443], [76.7617554, 28.9605902], [76.7616688, 28.9609222], [76.7615136, 28.9613158], [76.7613894, 28.9618772], [76.761094, 28.9632064], [76.7609366, 28.9636767], [76.760664, 28.9640497], [76.7600715, 28.9646546], [76.7598354, 28.9650103], [76.759692, 28.9655261], [76.7590442, 28.9655656], [76.7580652, 28.9655255], [76.7565324, 28.9654683], [76.7554688, 28.9653359], [76.75422, 28.9653934], [76.7537814, 28.9653022], [76.7534883, 28.9651467], [76.7530187, 28.9650593], [76.7527424, 28.9650305], [76.7526713, 28.9650063], [76.7526059, 28.9649597], [76.7525772, 28.9648868], [76.7522805, 28.9645055], [76.7520603, 28.9641395], [76.7517848, 28.9637316], [76.7515116, 28.963247], [76.7511527, 28.9628868], [76.7507195, 28.962422], [76.7505019, 28.9622388], [76.750173, 28.9616058], [76.7501111, 28.9614866], [76.75, 28.9613861], [76.7460936, 28.961197], [76.7438369, 28.9613163], [76.742416, 28.9614169], [76.7414057, 28.9616162], [76.740524, 28.9620771], [76.7395348, 28.9627502], [76.738494, 28.9632067], [76.7376377, 28.9635863], [76.7366432, 28.9642007], [76.7356999, 28.9647609], [76.7337724, 28.9658812], [76.7328241, 28.9666173], [76.7320348, 28.9671728], [76.7313431, 28.9679493], [76.7281191, 28.9707804], [76.7267246, 28.9715844], [76.726063, 28.9717654], [76.7261966, 28.9720044], [76.7265615, 28.9726853], [76.7267876, 28.9730956], [76.7272809, 28.9738712], [76.7275688, 28.9745115], [76.7281549, 28.975711], [76.7285509, 28.9766717], [76.728947, 28.9777947], [76.7293482, 28.9788816], [76.7299342, 28.9799592], [76.7304944, 28.980852], [76.7310445, 28.9819569], [76.7314093, 28.9825791], [76.7315691, 28.9832421], [76.7316926, 28.9835893], [76.7319394, 28.984117], [76.7324333, 28.9854113], [76.7325104, 28.9856007], [76.7327877, 28.9857899], [76.7343441, 28.9873947], [76.7352529, 28.9881112], [76.7359206, 28.9887332], [76.7364189, 28.989211], [76.7368143, 28.989576], [76.7353945, 28.9909487], [76.7352358, 28.99126], [76.7352371, 28.9912722], [76.7353239, 28.9921035], [76.7354167, 28.9924779], [76.7354273, 28.9928072], [76.7352587, 28.9935652], [76.734604, 28.9954063], [76.7343791, 28.9962547], [76.7342517, 28.9971164], [76.7342727, 28.9976261], [76.7343346, 28.9978516], [76.7343655, 28.9979734], [76.7344425, 28.998032], [76.7345812, 28.998086], [76.7346686, 28.9983025], [76.7348489, 28.9989158], [76.7349678, 28.9997683], [76.7350721, 29.0000015], [76.7351844, 29.0007096], [76.7354939, 29.0021845], [76.7355818, 29.0028159], [76.7358548, 29.0038262], [76.7358963, 29.0041555], [76.7360818, 29.0048817], [76.7363345, 29.006104], [76.7364582, 29.0065324], [76.7365566, 29.007412], [76.7356591, 29.0079135], [76.7347769, 29.0083428], [76.7345358, 29.0083972], [76.7342536, 29.0085237], [76.7325967, 29.0091882], [76.7321608, 29.0093915], [76.7307502, 29.0101009], [76.7295598, 29.0103455], [76.7283335, 29.0105539], [76.7275742, 29.0108026], [76.7266097, 29.0110334], [76.7263121, 29.0111464], [76.7260866, 29.0114624], [76.7257128, 29.0122702], [76.7254462, 29.0125862], [76.7248462, 29.0130648], [76.7246103, 29.0132815], [76.7240466, 29.014085], [76.7238931, 29.0146218], [76.7232367, 29.0151095], [76.7228058, 29.0153625], [76.7222568, 29.0155614], [76.7219595, 29.0158864], [76.7218626, 29.0165181], [76.7217758, 29.0170865], [76.7216385, 29.0183317], [76.7215162, 29.0193468], [76.7215118, 29.0200822], [76.7213783, 29.0200958], [76.7209886, 29.0204209], [76.7199988, 29.0212381], [76.7190449, 29.0219741], [76.7180142, 29.0231341], [76.7165523, 29.0240645], [76.7153621, 29.0247961], [76.7145259, 29.0252432], [76.7134946, 29.0257447], [76.7128737, 29.0259527], [76.7118424, 29.0262691], [76.7111599, 29.0265041], [76.7099592, 29.026974], [76.7092204, 29.0273084], [76.7083584, 29.0276157], [76.7075271, 29.0279725], [76.7065573, 29.0283656], [76.7061829, 29.0285914], [76.7058289, 29.0288893], [76.7055006, 29.0292685], [76.7049315, 29.0299816], [76.704398, 29.0305007], [76.7038799, 29.0308799], [76.7028382, 29.0312911], [76.7026342, 29.031447], [76.7026325, 29.0314483], [76.7024483, 29.031589], [76.7020537, 29.0323697], [76.7016537, 29.033006], [76.701054, 29.0339943], [76.7000184, 29.0358445], [76.6989981, 29.0374374], [76.6981941, 29.0388032], [76.6981372, 29.0388339], [76.6979315, 29.0389447], [76.6974027, 29.0389767], [76.6961858, 29.0385984], [76.6953899, 29.0383101], [76.6949126, 29.0383058], [76.6944659, 29.0381932], [76.6931362, 29.0379414], [76.6900609, 29.0372121], [76.6891267, 29.0373704], [76.6850411, 29.0383016], [76.6825056, 29.0388667], [76.6795185, 29.0396709], [76.6782866, 29.0400142], [76.6771266, 29.0403169], [76.6761721, 29.040782], [76.6750788, 29.0412425], [76.6742936, 29.0415947], [76.6734365, 29.0420281], [76.6729078, 29.042308], [76.6723434, 29.0427187], [76.6714196, 29.0432513], [76.6706447, 29.0438245], [76.6689458, 29.0447048], [76.6679655, 29.0450931], [76.6664462, 29.0458199], [76.6650604, 29.0465331], [76.6639003, 29.0469709], [76.6627763, 29.0475893], [76.6624324, 29.0478285], [76.6617601, 29.0484107], [76.6609234, 29.0489883], [76.6589423, 29.0504414], [76.6581877, 29.0509514], [76.6574384, 29.0515605], [76.6561192, 29.0525488], [76.6553134, 29.0531806], [76.6534963, 29.0545434], [76.6533834, 29.0546922], [76.6533397, 29.054717], [76.652906, 29.054963], [76.6526082, 29.0550893], [76.6520999, 29.0546023], [76.6512679, 29.0537182], [76.6510626, 29.0536055], [76.6496249, 29.05352], [76.6475096, 29.0534167], [76.6473813, 29.0532588], [76.6471758, 29.0528258], [76.6470064, 29.052483], [76.6467137, 29.052244], [76.6466366, 29.0520951], [76.6462978, 29.0522079], [76.6460359, 29.0520771], [76.6456509, 29.0520186], [76.6451067, 29.0520637], [76.6441005, 29.0522218], [76.6435254, 29.0524069], [76.6430121, 29.0524746], [76.64274, 29.052452], [76.6423857, 29.0523123], [76.6417695, 29.0520236], [76.6413793, 29.051947], [76.6409532, 29.0519922], [76.6404193, 29.0521772], [76.6396492, 29.0523216], [76.6387405, 29.0524119], [76.6381296, 29.0524346], [76.6370668, 29.0525745], [76.6370637, 29.052586], [76.6370309, 29.0527053], [76.6363892, 29.0533415], [76.6357988, 29.0532964], [76.6353162, 29.0537205], [76.6344588, 29.0537431], [76.6338685, 29.0544515], [76.6326363, 29.0542395], [76.6319433, 29.0543343], [76.6312963, 29.0544516], [76.6295815, 29.0541224], [76.6277332, 29.0542623], [76.6264189, 29.053933], [76.6251354, 29.0540278], [76.6242523, 29.0545194], [76.6230715, 29.0551826], [76.6202323, 29.0545464], [76.6195597, 29.054569], [76.6190257, 29.0550381], [76.6186767, 29.0553223], [76.6181426, 29.0555794], [76.6158117, 29.0558184], [76.6103746, 29.0560299], [76.6094607, 29.0560524], [76.6074789, 29.0560793], [76.6062723, 29.0562912], [76.6050964, 29.0566654], [76.6038898, 29.0569945], [76.6016101, 29.057937], [76.5993101, 29.0571606], [76.5986631, 29.05735], [76.597384, 29.0582315], [76.5973355, 29.0582649], [76.5969223, 29.0585496], [76.5964139, 29.0588788], [76.5958234, 29.0590682], [76.5954228, 29.0594921], [76.5951813, 29.0599387], [76.5946935, 29.0601281], [76.5941852, 29.0604798], [76.5929837, 29.0605969], [76.5905192, 29.0604789], [76.5886657, 29.0601491], [76.587033, 29.0601262], [76.5858263, 29.0603604], [76.5847276, 29.0602428], [76.5831207, 29.059701], [76.5818118, 29.0590645], [76.5804156, 29.0581437], [76.5799905, 29.0580461], [76.5799646, 29.0580402], [76.5795891, 29.057954], [76.5788137, 29.0581387], [76.5776584, 29.0584225], [76.5766418, 29.0583771], [76.5754353, 29.0580202], [76.5735102, 29.0576677], [76.571631, 29.0576894], [76.5711534, 29.057951], [76.5706964, 29.0580455], [76.5700545, 29.0583475], [76.5695153, 29.0585367], [76.5687913, 29.0585139], [76.5672104, 29.0587714], [76.5671518, 29.0587809], [76.5670506, 29.0587974], [76.5666758, 29.0589867], [76.5663008, 29.0592662], [76.5659514, 29.059645], [76.5651755, 29.0606326], [76.563701, 29.0622334], [76.5637008, 29.0627071], [76.5640754, 29.0630816], [76.5640847, 29.0634174], [76.564102, 29.0636741], [76.5633911, 29.0653341], [76.56187, 29.0687562], [76.5617702, 29.069519], [76.5616954, 29.070478], [76.561072, 29.0714152], [76.5594012, 29.0725922], [76.5564835, 29.0752729], [76.5537903, 29.0783241], [76.552344, 29.0790651], [76.5510472, 29.0797625], [76.5506732, 29.0805907], [76.5505236, 29.0820073], [76.5499251, 29.0838597], [76.5494762, 29.0849929], [76.5494762, 29.0862568], [76.5488278, 29.0872157], [76.5481795, 29.0875862], [76.54798, 29.0887847], [76.5470074, 29.09116], [76.5456608, 29.092097], [76.5447381, 29.0926636], [76.543616, 29.093557], [76.5428928, 29.0941671], [76.5425686, 29.095017], [76.5419701, 29.0957143], [76.5407981, 29.0966512], [76.539626, 29.0976754], [76.5377557, 29.0974357], [76.5371323, 29.0963462], [76.535287, 29.0942325], [76.53409, 29.0939492], [76.5331174, 29.0940364], [76.5322446, 29.0939928], [76.5317958, 29.093143], [76.531297, 29.0921188], [76.530524, 29.0913561], [76.5295514, 29.0912472], [76.5283794, 29.0917701], [76.5274816, 29.0908985], [76.5271076, 29.090114], [76.5262348, 29.0886975], [76.5254867, 29.0878041], [76.5243894, 29.0875862], [76.5226438, 29.0852326], [76.5220329, 29.0843064], [76.5215466, 29.0837507], [76.5208608, 29.0837507], [76.5197761, 29.0840013], [76.5187287, 29.0843064], [76.5173198, 29.0847205], [76.516235, 29.0849166], [76.5151627, 29.0841103], [76.5140779, 29.082563], [76.5126067, 29.080449], [76.5120705, 29.0794465], [76.5115842, 29.0784222], [76.5111728, 29.0776267], [76.5105743, 29.0770165], [76.509876, 29.076853], [76.5091778, 29.0769402], [76.5085294, 29.077169], [76.5074945, 29.0777902], [76.5061978, 29.0782805], [76.5047889, 29.0785421], [76.501572, 29.0796209], [76.498779, 29.0805035], [76.4975571, 29.0810157], [76.4947891, 29.0824431], [76.4926569, 29.0843718], [76.4905622, 29.0859408], [76.4879563, 29.0869433], [76.4856247, 29.0878259], [76.4838915, 29.0889591], [76.4775175, 29.092146], [76.4774886, 29.0916107], [76.4772164, 29.0909044], [76.4768615, 29.0903228], [76.4766967, 29.0898628], [76.4764497, 29.0894029], [76.4759046, 29.0886815], [76.4755495, 29.0880412], [76.4750042, 29.0870131], [76.4746235, 29.0862915], [76.4742634, 29.0857776], [76.473939, 29.0848756], [76.473635, 29.0838337], [76.4731824, 29.0831033], [76.4727102, 29.0833652], [76.4722429, 29.0834558], [76.4716318, 29.0834834], [76.470841, 29.0835516], [76.4701475, 29.0834122], [76.4696453, 29.0831765], [76.4696389, 29.0831735], [76.4692431, 29.0827948], [76.4689395, 29.0820733], [76.4688621, 29.081708], [76.4688358, 29.0810673], [76.4687837, 29.0801742], [76.4686289, 29.0793397], [76.4682997, 29.0787219], [76.4678213, 29.0779419], [76.4670656, 29.0770491], [76.4666644, 29.0763051], [76.4665971, 29.0757097], [76.4665041, 29.0750241], [76.4662313, 29.074325], [76.4655679, 29.0731932], [76.4652026, 29.0723544], [76.4643593, 29.0710061], [76.4643591, 29.0708076], [76.4639784, 29.0699372], [76.4634845, 29.0688774], [76.463001, 29.067962], [76.4625277, 29.0668616], [76.4617053, 29.0659148], [76.4608472, 29.06518], [76.4602102, 29.0647834], [76.4598197, 29.0644048], [76.4591464, 29.0637285], [76.4584426, 29.0632462], [76.4573639, 29.0626063], [76.456583, 29.0619752], [76.4556068, 29.0612586], [76.4546001, 29.0608351], [76.4541072, 29.0608128], [76.4537172, 29.060971], [76.4533629, 29.0610074], [76.4529984, 29.0612015], [76.452557, 29.0612829], [76.4523106, 29.0614545], [76.4519718, 29.0614322], [76.4513092, 29.0611574], [76.4507596, 29.0608689], [76.4505388, 29.0608691], [76.4501385, 29.0611445], [76.4497331, 29.0614064], [76.4493329, 29.0618081], [76.4489016, 29.0618083], [76.4484343, 29.0617049], [76.4479106, 29.0616735], [76.4473815, 29.0613761], [76.4470165, 29.060862], [76.4467029, 29.0602171], [76.4467027, 29.0598292], [76.4465637, 29.059351], [76.4462501, 29.0586519], [76.4459109, 29.0581469], [76.4453508, 29.0576465], [76.4450528, 29.0572902], [76.4446366, 29.0568574], [76.4441177, 29.0562848], [76.4437374, 29.0557256], [76.4436089, 29.0554144], [76.443347, 29.055437], [76.4429466, 29.0556673], [76.4420485, 29.0561279], [76.4412529, 29.0563448], [76.4399902, 29.0568462], [76.4393279, 29.0569864], [76.4376955, 29.0575421], [76.4367459, 29.0579214], [76.4360838, 29.0581157], [76.4353703, 29.0584138], [76.4348877, 29.0585042], [76.4341844, 29.0588158], [76.4334556, 29.0591815], [76.4330654, 29.0592945], [76.4316795, 29.0599176], [76.4309249, 29.0603058], [76.4305759, 29.060509], [76.4302988, 29.0607392], [76.4296266, 29.0613575], [76.4290415, 29.0619893], [76.4287027, 29.0622059], [76.4279072, 29.062892], [76.4273119, 29.0633253], [76.4272786, 29.0633535], [76.4264035, 29.0640926], [76.4257773, 29.064607], [76.4255823, 29.0648778], [76.4254745, 29.065117], [76.4251204, 29.0653787], [76.4244377, 29.0656136], [76.4239858, 29.06574], [76.4235289, 29.0658801], [76.4226716, 29.0663585], [76.4220196, 29.066643], [76.4211111, 29.067135], [76.4205258, 29.0676044], [76.4193553, 29.0681055], [76.4182207, 29.0685524], [76.4165266, 29.069365], [76.4153971, 29.069821], [76.4143704, 29.0704304], [76.4134308, 29.0707373], [76.4122191, 29.0712429], [76.4121396, 29.0712588], [76.4114746, 29.071392], [76.4110947, 29.0714823], [76.4110331, 29.0716087], [76.4110845, 29.0718387], [76.4113825, 29.0722492], [76.411357, 29.0724882], [76.4112902, 29.0726146], [76.4108486, 29.0728087], [76.4101093, 29.0730525], [76.4093391, 29.0733234], [76.4082866, 29.0738198], [76.4076191, 29.074014], [76.4070851, 29.0742081], [76.4065408, 29.0743797], [76.4061249, 29.0745286], [76.4058631, 29.0745061], [76.4055139, 29.0745153], [76.4050158, 29.0748266], [76.4044973, 29.0750974], [76.4041584, 29.0752464], [76.4038195, 29.0752239], [76.4034703, 29.075224], [76.4031982, 29.0754676], [76.4029723, 29.0756255], [76.4028182, 29.0756707], [76.4023356, 29.0756843], [76.4012572, 29.0757161], [76.4002147, 29.075766], [76.3997063, 29.075766], [76.399121, 29.075694], [76.3987974, 29.0755587], [76.3982119, 29.0750671], [76.398204, 29.0750614], [76.3974056, 29.0744808], [76.3966608, 29.07389], [76.3957518, 29.0732495], [76.3947606, 29.0725595], [76.3937591, 29.0719416], [76.3930966, 29.0715763], [76.3923314, 29.0710396], [76.3919257, 29.0708456], [76.3913249, 29.0703765], [76.3909089, 29.0701917], [76.389928, 29.069664], [76.3888754, 29.0690235], [76.3878227, 29.0685319], [76.3868469, 29.0682027], [76.3857121, 29.0678013], [76.3849059, 29.0675036], [76.383576, 29.0671383], [76.3825901, 29.0668632], [76.381404, 29.0663941], [76.3802845, 29.0657536], [76.379843, 29.0656498], [76.3797886, 29.0656478], [76.3794784, 29.0656363], [76.3790522, 29.0660018], [76.3787185, 29.066119], [76.3780305, 29.0665972], [76.3767417, 29.0673101], [76.3758842, 29.0680048], [76.3753348, 29.0682033], [76.3747648, 29.0685777], [76.3736249, 29.0692408], [76.3727673, 29.0698453], [76.3718687, 29.070337], [76.371232, 29.0706933], [76.3707236, 29.0708648], [76.3700355, 29.0710001], [76.3693834, 29.071185], [76.3686748, 29.0714466], [76.3682074, 29.0719745], [76.3674012, 29.0725203], [76.367365, 29.0725307], [76.3669185, 29.07266], [76.3665025, 29.072854], [76.365782, 29.0729992], [76.3657631, 29.0730028], [76.3649825, 29.0733231], [76.3639914, 29.073526], [76.3627795, 29.0742026], [76.36204, 29.0745003], [76.3615419, 29.0745904], [76.3609821, 29.0747844], [76.3602683, 29.0752083], [76.3596058, 29.0756684], [76.3587226, 29.0762406], [76.358666, 29.0762773], [76.3584194, 29.0762863], [76.357798, 29.0769043], [76.3572485, 29.0773643], [76.356663, 29.0774409], [76.3561546, 29.0778874], [76.3553328, 29.0786993], [76.3544853, 29.0794345], [76.3536942, 29.0801652], [76.3530676, 29.0809772], [76.352821, 29.0814146], [76.3522252, 29.0821815], [76.3517013, 29.0825377], [76.351013, 29.082903], [76.3501142, 29.0832232], [76.3497084, 29.0832817], [76.3490973, 29.0833041], [76.3485632, 29.0833041], [76.3478751, 29.0830874], [76.3471871, 29.0828798], [76.3466016, 29.0826992], [76.3458621, 29.0825501], [76.345328, 29.0826267], [76.3445064, 29.082595], [76.3434535, 29.082676], [76.3428425, 29.0827299], [76.3411888, 29.0826484], [76.3390832, 29.0827199], [76.3387737, 29.0827199], [76.3381999, 29.0827197], [76.3373782, 29.0828143], [76.3361148, 29.0830981], [76.3347127, 29.0833728], [76.3339987, 29.0835441], [76.333064, 29.0836115], [76.3322423, 29.0837601], [76.3313332, 29.08385], [76.3304858, 29.0840212], [76.3294842, 29.0843682], [76.3284055, 29.0849137], [76.3276247, 29.0851751], [76.3270236, 29.085644], [76.3259707, 29.0860451], [76.3255136, 29.0861712], [76.325113, 29.086126], [76.3239674, 29.0866849], [76.3228837, 29.0869146], [76.3222468, 29.0871309], [76.3216355, 29.0873833], [76.3212298, 29.0873831], [76.3206704, 29.0864311], [76.3198233, 29.0857811], [76.3191097, 29.0855191], [76.3186167, 29.0854377], [76.3180672, 29.0853924], [76.317379, 29.0854237], [76.3167936, 29.0853242], [76.3164959, 29.0850354], [76.3162188, 29.0845661], [76.3159725, 29.0843043], [76.3156644, 29.0842591], [76.3151097, 29.0842092], [76.3143808, 29.0836044], [76.3138469, 29.0832839], [76.3135747, 29.0833514], [76.3132101, 29.0833513], [76.3130148, 29.0834549], [76.3122443, 29.0838561], [76.3115405, 29.0841174], [76.310277, 29.084383], [76.3093782, 29.0845539], [76.3084535, 29.0848737], [76.3075702, 29.0849861], [76.3069333, 29.0850579], [76.3060756, 29.0851297], [76.3047451, 29.0856343], [76.3040723, 29.0858143], [76.3025056, 29.0861113], [76.301408, 29.0859675], [76.3013919, 29.0859656], [76.3005501, 29.0858136], [76.2999581, 29.0857156], [76.2994067, 29.0855765], [76.2989792, 29.0850798], [76.2986342, 29.0846048], [76.2977504, 29.0833499], [76.2971245, 29.0825979], [76.2968052, 29.0821227], [76.2961948, 29.0809644], [76.2957204, 29.0799943], [76.2954367, 29.0794872], [76.2947716, 29.0780587], [76.2943922, 29.0772998], [76.2940592, 29.0765449], [76.2936662, 29.075926], [76.293263, 29.0753117], [76.2926356, 29.0744288], [76.2924087, 29.0739391], [76.2922847, 29.0734284], [76.2922841, 29.0734259], [76.2915339, 29.0725758], [76.2910449, 29.0720842], [76.2903599, 29.0715222], [76.2895661, 29.0708846], [76.2890704, 29.0706682], [76.287957, 29.0703495], [76.2872808, 29.0700853], [76.2868668, 29.0698365], [76.2866193, 29.0697532], [76.2860179, 29.0693077], [76.285529, 29.0688115], [76.284703, 29.0676462], [76.2846099, 29.0671824], [76.2840615, 29.0660279], [76.2836086, 29.0651253], [76.2834081, 29.064694], [76.2833021, 29.0644333], [76.2831662, 29.0642406], [76.2829805, 29.0641747], [76.2825048, 29.0643372], [76.2819875, 29.064861], [76.2814964, 29.0650236], [76.2807482, 29.0651571], [76.2805431, 29.0651862], [76.2801834, 29.0655867], [76.2799793, 29.0656969], [76.2797764, 29.0654868], [76.2795959, 29.0654253], [76.2787135, 29.0659211], [76.2784829, 29.0659594], [76.278296, 29.0657987], [76.2778567, 29.0651621], [76.2772217, 29.0644823], [76.2762584, 29.0638327], [76.2755339, 29.0633883], [76.2750301, 29.063348], [76.2744566, 29.0634843], [76.2734953, 29.0638318], [76.2732349, 29.0639606], [76.2729632, 29.0640038], [76.2727418, 29.0639563], [76.2724785, 29.0638415], [76.2720803, 29.0636241], [76.2718434, 29.0635677], [76.2715431, 29.0637872], [76.2714697, 29.0640902], [76.2714188, 29.0645419], [76.2713208, 29.0649309], [76.2711527, 29.0650408], [76.270845, 29.0650798], [76.2700585, 29.0650241], [76.2695086, 29.0649932], [76.2688224, 29.0651576], [76.2684428, 29.0652018], [76.2682208, 29.0651046], [76.2680888, 29.0648126], [76.2680172, 29.0644161], [76.2677438, 29.0643149], [76.2674518, 29.0643809], [76.2668109, 29.0644681], [76.2662745, 29.0647033], [76.2658661, 29.0649102], [76.2656462, 29.0649845], [76.2653629, 29.0649195], [76.2650227, 29.0639796], [76.2648461, 29.0638143], [76.2644911, 29.063768], [76.2642243, 29.0637886], [76.2639907, 29.0640074], [76.2638586, 29.0641215], [76.2634738, 29.0641521], [76.2630978, 29.06407], [76.2629826, 29.0638815], [76.2627653, 29.0637572], [76.2624683, 29.0638277], [76.261673, 29.0638938], [76.2612408, 29.0638257], [76.2607302, 29.0636545], [76.2601648, 29.0636147], [76.2597995, 29.0635595], [76.2594921, 29.063621], [76.2592346, 29.0635693], [76.2589805, 29.0633641], [76.2585143, 29.0630391], [76.2582466, 29.0629874], [76.2580365, 29.06303], [76.2579613, 29.0631796], [76.2579996, 29.0633733], [76.2579972, 29.0635989], [76.2579701, 29.0639015], [76.2578487, 29.0640561], [76.2575416, 29.0641402], [76.2573826, 29.0641642], [76.2568058, 29.0640297], [76.2562752, 29.0638993], [76.2556905, 29.0635438], [76.2552383, 29.0631013], [76.2549214, 29.0627975], [76.2546616, 29.0625562], [76.2544922, 29.0621381], [76.2542979, 29.0617835], [76.2541874, 29.0611438], [76.2541151, 29.0606797], [76.2539995, 29.0604687], [76.253538, 29.0600984], [76.2531452, 29.0598945], [76.2523496, 29.0599336], [76.2515033, 29.0600227], [76.2507802, 29.0601106], [76.2499999, 29.060146], [76.2472591, 29.0607074], [76.2452251, 29.0609166], [76.2447507, 29.0609654], [76.2442593, 29.0599407], [76.2441838, 29.0597841], [76.2438027, 29.0589977], [76.243578, 29.0585942], [76.2432735, 29.0580565], [76.2425997, 29.0569261], [76.2418897, 29.0558129], [76.2411443, 29.0547178], [76.2403639, 29.0536416], [76.240354, 29.0536283], [76.2399819, 29.0530045], [76.2395935, 29.0523042], [76.2396413, 29.0520059], [76.2398356, 29.0502172], [76.2397904, 29.0499047], [76.2397632, 29.0497193], [76.2395541, 29.0484565], [76.2395195, 29.0482663], [76.2394202, 29.0472655], [76.2394411, 29.046435], [76.2395871, 29.0457568], [76.2396764, 29.0454987], [76.2399479, 29.0450134], [76.2402275, 29.0447762], [76.2416011, 29.0436986], [76.2427473, 29.0429344], [76.2431748, 29.0421904], [76.2434241, 29.0402839], [76.2435046, 29.0397146], [76.2436949, 29.0393157], [76.2438885, 29.0383302], [76.2437531, 29.0373117], [76.243828, 29.037135], [76.2441294, 29.0370104], [76.2442767, 29.0368781], [76.2444085, 29.0363084], [76.2459404, 29.0338936], [76.2475462, 29.0309676], [76.2475633, 29.0309364], [76.2481023, 29.0300695], [76.2486801, 29.0294505], [76.2490896, 29.0289187], [76.2492077, 29.0280693], [76.2492288, 29.0272614], [76.2492089, 29.0264584], [76.2493835, 29.0260371], [76.2496074, 29.025868], [76.2499999, 29.0256991], [76.2503785, 29.0256212], [76.250686, 29.0254622], [76.2507763, 29.0252931], [76.2508802, 29.0249673], [76.250836, 29.024706], [76.2503976, 29.0237674], [76.2505802, 29.0227978], [76.2502997, 29.0222461], [76.2499999, 29.0218587], [76.2499757, 29.0218274], [76.2494245, 29.0217635], [76.2491588, 29.021441], [76.2486381, 29.0208412], [76.2483039, 29.020366], [76.2483036, 29.0199193], [76.2484066, 29.0195167], [76.24832, 29.019143], [76.2480507, 29.0185273], [76.2477284, 29.0177632], [76.2468429, 29.0156253], [76.2468044, 29.0155319], [76.2463301, 29.0143258], [76.2459448, 29.0132989], [76.245411, 29.012451], [76.2451669, 29.0113658], [76.2450994, 29.0104414], [76.2451919, 29.0095967], [76.2451781, 29.0084462], [76.2452203, 29.0076787], [76.2453187, 29.0064684], [76.2458996, 29.0056824], [76.2465256, 29.0052344], [76.246649, 29.0049695], [76.2466453, 29.0049306], [76.2466216, 29.004683], [76.2462483, 29.0043706], [76.2459537, 29.0042063], [76.2450743, 29.0040701], [76.244591, 29.0040024], [76.2440661, 29.0038854], [76.2431041, 29.0032851], [76.2422787, 29.0025121], [76.2413825, 29.0018255], [76.2393866, 29.0005985], [76.23893, 29.0006162], [76.2386028, 29.000732], [76.2379698, 29.0010176], [76.2377498, 29.0010828], [76.2371249, 29.0011924], [76.2369757, 29.0011577], [76.2367121, 29.0010112], [76.2359477, 29.0004311], [76.2353434, 29.0000015], [76.2354474, 28.9990673], [76.2354849, 28.9975696], [76.234853, 28.9969522], [76.2344165, 28.996542], [76.2339126, 28.9955139], [76.2331111, 28.9946619], [76.2331776, 28.9944273], [76.232946, 28.9937779], [76.2325761, 28.9933677], [76.2311746, 28.9926063], [76.2306032, 28.9907843], [76.230135, 28.9895802], [76.2294678, 28.9893145], [76.2287598, 28.9892746], [76.2286727, 28.9892687], [76.2286607, 28.9892051], [76.2285951, 28.9890175], [76.2283896, 28.9887199], [76.2281123, 28.9883637], [76.2280042, 28.9881608], [76.2279221, 28.9880346], [76.2277373, 28.9879174], [76.2273214, 28.9876786], [76.2270698, 28.9874758], [76.2268337, 28.9873768], [76.2265307, 28.9871379], [76.2263303, 28.9868132], [76.2259195, 28.9864075], [76.2256575, 28.9860965], [76.225493, 28.9858169], [76.2254106, 28.9855508], [76.2252924, 28.9853208], [76.2252922, 28.9850953], [76.2253426, 28.9842245], [76.2253576, 28.9839171], [76.2253578, 28.9839133], [76.2252035, 28.983557], [76.2243355, 28.9825471], [76.2233751, 28.9816185], [76.2231544, 28.9814112], [76.2228925, 28.9812535], [76.2226358, 28.9810552], [76.221691, 28.9802168], [76.2209926, 28.9795406], [76.2201095, 28.978824], [76.2191752, 28.9780938], [76.2185591, 28.9776476], [76.2171371, 28.9766066], [76.2170709, 28.976559], [76.2164286, 28.9760973], [76.2161206, 28.975899], [76.2159615, 28.9757682], [76.2156379, 28.9752858], [76.2152886, 28.9748936], [76.2149855, 28.9743524], [76.2147133, 28.9739511], [76.2145284, 28.973676], [76.2143948, 28.9735318], [76.2142357, 28.9734597], [76.2140714, 28.9732478], [76.2138811, 28.9727201], [76.2138193, 28.9723096], [76.2137673, 28.971624], [76.213813, 28.9710375], [76.2140689, 28.9703426], [76.2143605, 28.9694762], [76.214473, 28.9690656], [76.214565, 28.9685964], [76.2145955, 28.9683122], [76.2146466, 28.9681227], [76.2147542, 28.9679286], [76.2148258, 28.9677301], [76.2148668, 28.9675451], [76.2148151, 28.9671346], [76.2147374, 28.9663723], [76.2147369, 28.9657317], [76.2146338, 28.9651678], [76.2144795, 28.9646627], [76.214392, 28.9643966], [76.2143611, 28.9641711], [76.2144224, 28.9639499], [76.2145299, 28.9635844], [76.2145396, 28.9629709], [76.2145291, 28.9627138], [76.214308, 28.9620778], [76.2141435, 28.9616088], [76.213799, 28.9607564], [76.2136088, 28.9602784], [76.2134443, 28.959895], [76.213413, 28.9591913], [76.2133715, 28.9587808], [76.2133249, 28.958235], [76.213263, 28.9577252], [76.2132522, 28.9571749], [76.2132929, 28.9567824], [76.2132414, 28.9565434], [76.2130975, 28.956187], [76.2126405, 28.9555919], [76.2124864, 28.9553483], [76.2123883, 28.9551288], [76.2123837, 28.9551184]]]}, "properties": {"name": "Rohtak"}}, {"type": "Feature", "geometry": {"type": "Polygon", "coordinates": [[[77.422611, 29.0919878], [77.4227704, 29.0910067], [77.4228911, 29.0905691], [77.4232047, 29.0892226], [77.4233947, 29.0882324], [77.4240394, 29.0874114], [77.4243912, 29.0871363], [77.4250204, 29.0867191], [77.425308, 29.0865206], [77.4265689, 29.0859636], [77.4277219, 29.0856749], [77.4280249, 29.0855171], [77.4283511, 29.0853457], [77.428934, 29.084951], [77.4298277, 29.0844729], [77.431168, 29.0838458], [77.4324776, 29.0836113], [77.4336434, 29.0835257], [77.4341158, 29.0836002], [77.4343932, 29.083643], [77.4346859, 29.0836949], [77.4356052, 29.0838438], [77.4363139, 29.0838641], [77.4380856, 29.0834377], [77.4392976, 29.0829685], [77.4399858, 29.0825423], [77.4406996, 29.0818272], [77.4415007, 29.0813174], [77.4420707, 29.0810715], [77.4431671, 29.0806993], [77.4452983, 29.080282], [77.4482999, 29.0798667], [77.4504234, 29.0795981], [77.4512347, 29.0796318], [77.4518278, 29.0797468], [77.4525571, 29.0800354], [77.4532479, 29.0803557], [77.4538693, 29.0808022], [77.4545832, 29.0813005], [77.4550326, 29.0814809], [77.4558852, 29.081844], [77.4565271, 29.0819927], [77.4569278, 29.0819499], [77.4575825, 29.0817151], [77.457983, 29.0814715], [77.4585169, 29.0809391], [77.4592178, 29.0802984], [77.4597261, 29.0798314], [77.459746, 29.0798092], [77.4605245, 29.0790869], [77.461387, 29.078277], [77.461736, 29.0775778], [77.4621132, 29.0763619], [77.4621694, 29.0754575], [77.4621102, 29.0748078], [77.4620024, 29.0745462], [77.4617121, 29.0742463], [77.4610445, 29.0736938], [77.4607902, 29.0733848], [77.4601353, 29.0725864], [77.4593393, 29.0719618], [77.4584739, 29.0715378], [77.4573852, 29.0710576], [77.4561605, 29.0707601], [77.4550205, 29.0708031], [77.4541706, 29.0707942], [77.4539422, 29.0707401], [77.4533542, 29.0706499], [77.4526892, 29.0706274], [77.4521552, 29.0705869], [77.4514286, 29.0705103], [77.4509664, 29.0704043], [77.4504452, 29.0702352], [77.4500704, 29.0701811], [77.4496698, 29.0701405], [77.4491718, 29.0700346], [77.4485786, 29.0699174], [77.4479599, 29.069737], [77.4476081, 29.0695655], [77.4473668, 29.0692882], [77.4470021, 29.0685754], [77.4468197, 29.0679777], [77.4468787, 29.0674883], [77.447061, 29.06685], [77.4478696, 29.0660017], [77.4484163, 29.065298], [77.4493379, 29.0642964], [77.4498408, 29.0635114], [77.4502902, 29.0628099], [77.4506854, 29.0616347], [77.4509804, 29.060446], [77.4516092, 29.0589369], [77.4523714, 29.0572542], [77.453126, 29.056221], [77.4532774, 29.0560113], [77.4541116, 29.0551924], [77.4546556, 29.0542404], [77.4548249, 29.0532886], [77.4545937, 29.0523097], [77.4542547, 29.0510444], [77.4537308, 29.0500971], [77.453338, 29.0497047], [77.4526217, 29.0492266], [77.4521006, 29.0488432], [77.4516514, 29.0486402], [77.4507684, 29.0484915], [77.4502217, 29.0485547], [77.4491307, 29.048654], [77.4486584, 29.0486315], [77.4481989, 29.0484736], [77.4479191, 29.048388], [77.4475314, 29.048079], [77.4471695, 29.0477001], [77.4469769, 29.0472535], [77.4468562, 29.0469332], [77.4468434, 29.0466671], [77.4467303, 29.0460806], [77.4466944, 29.0454198], [77.4467072, 29.0449303], [77.4469124, 29.0435724], [77.4473229, 29.0417386], [77.4475281, 29.04078], [77.4474793, 29.0398641], [77.4473817, 29.0393432], [77.4470069, 29.0389214], [77.4465603, 29.0384725], [77.4459313, 29.0379132], [77.4457235, 29.0375839], [77.4451767, 29.0371464], [77.4448251, 29.0369028], [77.4446428, 29.0367336], [77.4443887, 29.0363615], [77.4439164, 29.0355833], [77.4435416, 29.0346021], [77.4435056, 29.0336751], [77.4437776, 29.0325405], [77.4442266, 29.0312842], [77.4450735, 29.0299082], [77.4454507, 29.0296623], [77.4457535, 29.0296736], [77.4461283, 29.0297908], [77.4467443, 29.0303232], [77.4472165, 29.0306006], [77.4484767, 29.0310583], [77.4500526, 29.0314394], [77.4508405, 29.031534], [77.4514051, 29.0315046], [77.4516464, 29.0314414], [77.4530041, 29.0313668], [77.4539382, 29.0312066], [77.4546029, 29.0310013], [77.4549904, 29.0308208], [77.4552701, 29.0306718], [77.4563249, 29.0300965], [77.4566149, 29.0299995], [77.4574386, 29.0295731], [77.4579878, 29.0292369], [77.4589577, 29.0285871], [77.459358, 29.0280435], [77.4597555, 29.0269698], [77.4600813, 29.0261283], [77.4608099, 29.0250636], [77.4610484, 29.0246372], [77.4611329, 29.0240192], [77.4610994, 29.0233741], [77.4609531, 29.0230854], [77.460373, 29.0225532], [77.4603608, 29.0225464], [77.4597904, 29.022224], [77.4591847, 29.0220978], [77.4581351, 29.0218341], [77.457106, 29.0216966], [77.4564644, 29.0213967], [77.4555738, 29.0210494], [77.4541161, 29.0208061], [77.4525019, 29.0205401], [77.4518707, 29.0203597], [77.4516525, 29.0201455], [77.4515806, 29.0199221], [77.4515318, 29.0196019], [77.4515908, 29.0192726], [77.4517832, 29.0189252], [77.4527761, 29.0180206], [77.4535639, 29.0172942], [77.4542617, 29.0165092], [77.4556523, 29.0148782], [77.4567067, 29.0137321], [77.4573866, 29.0131253], [77.4575662, 29.0128704], [77.4576277, 29.0125817], [77.4576046, 29.0124531], [77.4576046, 29.0122614], [77.457358, 29.0116862], [77.456837, 29.0108766], [77.4565469, 29.0100736], [77.4564492, 29.0094669], [77.4565953, 29.0082736], [77.4569056, 29.0074955], [77.4571108, 29.0072676], [77.4574033, 29.0069202], [77.4583833, 29.0059659], [77.4595685, 29.0048018], [77.4605509, 29.0039062], [77.460946, 29.0033468], [77.4612307, 29.0028482], [77.4616359, 29.002176], [77.4617204, 29.0015354], [77.4617792, 29.000694], [77.4617432, 29.0002903], [77.4615995, 29.0001188], [77.4615225, 29.0000039], [77.4591123, 28.9990048], [77.4578674, 28.99647], [77.4575517, 28.9951236], [77.4579661, 28.9935206], [77.4587589, 28.9920576], [77.4600821, 28.9907707], [77.4617361, 28.9900927], [77.463612, 28.9897535], [77.4656717, 28.9897526], [77.4671893, 28.9901455], [77.468946, 28.9900391], [77.4703643, 28.9896926], [77.4706476, 28.9888922], [77.4702512, 28.9868236], [77.4696297, 28.9855059], [77.4690383, 28.9836522], [77.4688366, 28.9823244], [77.468272, 28.9810243], [77.4670986, 28.9787254], [77.4665687, 28.9775936], [77.4665188, 28.9763017], [77.4666876, 28.9745773], [77.4671232, 28.9728571], [77.4676756, 28.9719951], [77.4679143, 28.9716215], [77.4683645, 28.9708981], [77.4695498, 28.9698102], [77.4709377, 28.9690775], [77.4736724, 28.9677457], [77.4746231, 28.9669391], [77.4752723, 28.96596], [77.4749991, 28.9643963], [77.4741278, 28.9631752], [77.4723326, 28.9614533], [77.4694718, 28.9586918], [77.4663902, 28.95648], [77.4638843, 28.9540927], [77.4624092, 28.952577], [77.4614449, 28.9512538], [77.4609394, 28.9498708], [77.4622862, 28.9492717], [77.4640825, 28.9490654], [77.4653503, 28.9485991], [77.4671214, 28.9477552], [77.4683433, 28.9467349], [77.4688031, 28.9466248], [77.4701578, 28.9475013], [77.4704033, 28.9466836], [77.4702992, 28.9461789], [77.469212, 28.945273], [77.467646, 28.9444769], [77.4653429, 28.9433672], [77.4636057, 28.9425516], [77.4627404, 28.9419846], [77.462333, 28.9404689], [77.4622077, 28.9391422], [77.4624423, 28.9379218], [77.4629395, 28.9359845], [77.4636284, 28.9349222], [77.4645838, 28.9338809], [77.4649636, 28.9311536], [77.4646299, 28.9306955], [77.4622549, 28.9293835], [77.4598645, 28.9279035], [77.4586968, 28.9253528], [77.4586927, 28.9253396], [77.4580878, 28.9234482], [77.4583275, 28.9229154], [77.4588322, 28.9224706], [77.4593525, 28.9221938], [77.4584149, 28.9214411], [77.4594603, 28.9206528], [77.4588765, 28.9203081], [77.4596483, 28.9198508], [77.4591091, 28.9191883], [77.4582478, 28.9184367], [77.459006, 28.9177109], [77.4588568, 28.9166186], [77.4588737, 28.9157971], [77.4593921, 28.9146818], [77.4598166, 28.9134979], [77.4601478, 28.9122119], [77.4602672, 28.9110399], [77.4600169, 28.910231], [77.4595935, 28.9095032], [77.4588142, 28.9084679], [77.4580444, 28.9079023], [77.4572994, 28.9079911], [77.4568006, 28.9081509], [77.4565624, 28.9067552], [77.4574068, 28.9064668], [77.4600602, 28.9062573], [77.462569, 28.9056598], [77.4645814, 28.9051048], [77.4667251, 28.9046524], [77.4688123, 28.9041655], [77.4708043, 28.9036771], [77.4730646, 28.9031091], [77.4740359, 28.9031412], [77.4750385, 28.9025701], [77.4759016, 28.9022986], [77.4773118, 28.9023041], [77.4797044, 28.9017883], [77.4816343, 28.9015336], [77.4839126, 28.901016], [77.4854636, 28.8997156], [77.4863412, 28.8987232], [77.48739, 28.8977502], [77.4885684, 28.8969637], [77.489724, 28.8963614], [77.4917181, 28.8957554], [77.4931162, 28.8954083], [77.4939722, 28.8964279], [77.4947873, 28.8966419], [77.4961437, 28.8974178], [77.4975235, 28.897976], [77.4987663, 28.8992959], [77.5004757, 28.9009729], [77.5005585, 28.9010541], [77.501134, 28.9011138], [77.5023646, 28.9004254], [77.5031162, 28.8997868], [77.5045266, 28.8987952], [77.5048578, 28.8985326], [77.5053356, 28.89854], [77.5060769, 28.8981403], [77.5064839, 28.8978885], [77.5070265, 28.8973805], [77.5078957, 28.8968299], [77.5089298, 28.8961861], [77.5099934, 28.8956958], [77.5110909, 28.8951391], [77.5120013, 28.8946942], [77.5125517, 28.8952683], [77.5130479, 28.8949031], [77.5135673, 28.8944617], [77.5141313, 28.8939636], [77.5144514, 28.8937104], [77.5148065, 28.8938784], [77.5152809, 28.8935129], [77.5160192, 28.8933455], [77.5166675, 28.8929731], [77.5170633, 28.8927401], [77.5176312, 28.8925863], [77.517965, 28.892735], [77.5186789, 28.8934346], [77.518905, 28.8935337], [77.5194842, 28.8932738], [77.5197448, 28.8932874], [77.5201834, 28.8936193], [77.5204076, 28.8939584], [77.520707, 28.8935127], [77.5213121, 28.89313], [77.5222466, 28.8925707], [77.5230722, 28.8920288], [77.5235857, 28.8916295], [77.5237745, 28.8914219], [77.5241193, 28.8915611], [77.524423, 28.891585], [77.5248747, 28.8912668], [77.5252733, 28.8908905], [77.5257568, 28.890611], [77.5263806, 28.8903816], [77.527155, 28.8902215], [77.5277654, 28.8901161], [77.5284825, 28.8898993], [77.528942, 28.8897342], [77.5295597, 28.8892657], [77.5300107, 28.8889761], [77.5305501, 28.888621], [77.5308922, 28.888349], [77.5311879, 28.8882293], [77.5315266, 28.8881293], [77.5317703, 28.888439], [77.5321625, 28.8883782], [77.5327846, 28.8882347], [77.5334258, 28.8882159], [77.5335765, 28.8882851], [77.5337083, 28.8887558], [77.5341375, 28.8888292], [77.5348327, 28.8888304], [77.535576, 28.8885931], [77.5363757, 28.8882517], [77.5368164, 28.8879429], [77.5370071, 28.8881848], [77.5375874, 28.8890448], [77.5376899, 28.8893525], [77.5383463, 28.8891235], [77.5391642, 28.8887067], [77.5394483, 28.8891701], [77.5394452, 28.8893231], [77.5402723, 28.8892497], [77.5416131, 28.8890121], [77.5417521, 28.8891194], [77.5421832, 28.8898432], [77.5427834, 28.8896995], [77.5431397, 28.8896007], [77.54348, 28.8899693], [77.5439664, 28.8911913], [77.5447021, 28.8924362], [77.5452068, 28.893276], [77.545913, 28.8942684], [77.5464998, 28.8953579], [77.5470464, 28.8951847], [77.5480766, 28.8947223], [77.5485243, 28.8946048], [77.5491655, 28.8951406], [77.5503696, 28.8963257], [77.5507438, 28.8965487], [77.5509774, 28.8962654], [77.5514129, 28.8956695], [77.5518337, 28.8952647], [77.5523197, 28.8948514], [77.5537141, 28.8939374], [77.5549154, 28.8930664], [77.555653, 28.8925708], [77.556341, 28.8921826], [77.5569744, 28.8920105], [77.5578302, 28.8915741], [77.558504, 28.8910107], [77.5591897, 28.8903899], [77.5593327, 28.8902965], [77.5600295, 28.8907661], [77.560777, 28.8903185], [77.562139, 28.889329], [77.5629522, 28.8888536], [77.5636623, 28.8886445], [77.5645453, 28.8884858], [77.5652124, 28.8882568], [77.5659856, 28.8881539], [77.5676274, 28.8878643], [77.5687173, 28.88768], [77.5692411, 28.8875541], [77.5700381, 28.8873463], [77.570681, 28.8872412], [77.5714168, 28.8871481], [77.5723192, 28.8871045], [77.5730876, 28.88725], [77.5739709, 28.8876268], [77.5750234, 28.8882451], [77.5761557, 28.8892186], [77.576776, 28.8897157], [77.5779859, 28.8903724], [77.5794796, 28.8911983], [77.5805525, 28.891884], [77.5814691, 28.8925451], [77.5820501, 28.8928312], [77.582615, 28.8928301], [77.5830412, 28.8927027], [77.5841841, 28.8920219], [77.5851307, 28.8913859], [77.5858106, 28.8909293], [77.5862047, 28.8905892], [77.586724, 28.8897669], [77.5868761, 28.8886502], [77.5868066, 28.8877599], [77.5867712, 28.8867838], [77.5866288, 28.8851705], [77.5864503, 28.8842975], [77.5864399, 28.883714], [77.586505, 28.8831604], [77.5865784, 28.8827407], [77.5867934, 28.8822944], [77.5875134, 28.8809977], [77.5880736, 28.8801167], [77.5894989, 28.8782401], [77.5904501, 28.8768008], [77.5910092, 28.8759772], [77.5915918, 28.8755314], [77.5921631, 28.8751957], [77.5928738, 28.8749482], [77.5939067, 28.8748968], [77.5945463, 28.8749542], [77.5950401, 28.8752581], [77.5954822, 28.8754178], [77.5959742, 28.875253], [77.596405, 28.8754412], [77.5966571, 28.8755985], [77.5969383, 28.8756601], [77.5971453, 28.875625], [77.5976149, 28.875498], [77.5980153, 28.8755711], [77.5989065, 28.8761008], [77.5999536, 28.8764321], [77.6007291, 28.8767688], [77.6013683, 28.876855], [77.6026372, 28.8763863], [77.6035588, 28.8759123], [77.6048287, 28.8755871], [77.6055463, 28.87555], [77.6060988, 28.8756252], [77.6066225, 28.8760635], [77.6076188, 28.8773406], [77.6082338, 28.8781149], [77.6089349, 28.8778097], [77.6101225, 28.8770529], [77.6111567, 28.8763607], [77.6126042, 28.8754], [77.6134356, 28.8762252], [77.6142641, 28.8771938], [77.6153555, 28.878498], [77.6157067, 28.8788666], [77.6161769, 28.8787015], [77.6170812, 28.8796904], [77.6180762, 28.880945], [77.6187208, 28.8807538], [77.6199888, 28.8803327], [77.6211462, 28.8800152], [77.6216799, 28.8798407], [77.6227039, 28.8797419], [77.6239944, 28.8798409], [77.6256152, 28.8797822], [77.6270013, 28.87972], [77.6282912, 28.8797805], [77.6301456, 28.8797872], [77.6322834, 28.8796948], [77.6332913, 28.8797718], [77.6342076, 28.8797233], [77.6349214, 28.8797994], [77.6357882, 28.8798949], [77.636349, 28.8800273], [77.637012, 28.8797269], [77.6378209, 28.8791598], [77.6380571, 28.8790806], [77.6382898, 28.8791873], [77.6386005, 28.8789025], [77.6391088, 28.8793236], [77.6397941, 28.8790855], [77.6403975, 28.8794459], [77.6414506, 28.880847], [77.6423094, 28.8818878], [77.6435225, 28.8804833], [77.6438031, 28.8807691], [77.6451328, 28.8798695], [77.6459639, 28.8792656], [77.6464419, 28.878902], [77.6470585, 28.8792224], [77.647635, 28.8789936], [77.6486178, 28.8786375], [77.6492331, 28.8781425], [77.6498647, 28.8776625], [77.6504172, 28.877438], [77.6508611, 28.8771035], [77.6516246, 28.8767738], [77.6521878, 28.8763521], [77.6514017, 28.8752139], [77.6524722, 28.8746662], [77.6532014, 28.8741947], [77.6542916, 28.873499], [77.6535485, 28.8727469], [77.6523442, 28.871484], [77.6521, 28.8712496], [77.6529767, 28.8702691], [77.6533238, 28.8706005], [77.6538027, 28.8701923], [77.6530325, 28.8690987], [77.6543522, 28.8684437], [77.6552174, 28.8680709], [77.6557908, 28.8688947], [77.6563661, 28.8687251], [77.6566137, 28.8689808], [77.6571738, 28.8687222], [77.6572709, 28.8689311], [77.6582841, 28.8687384], [77.6591404, 28.868519], [77.6598389, 28.8684433], [77.6599519, 28.8685722], [77.6611726, 28.8681828], [77.6611323, 28.8687931], [77.6623092, 28.8691921], [77.6627121, 28.8692743], [77.6632912, 28.8692064], [77.6640445, 28.8690902], [77.6649996, 28.8705295], [77.66604, 28.8720463], [77.6669669, 28.8734598], [77.6676144, 28.874069], [77.6684742, 28.8744379], [77.6692978, 28.8751881], [77.6694953, 28.8754454], [77.6705293, 28.8757659], [77.6715179, 28.8762283], [77.6731002, 28.8765821], [77.6740202, 28.8768245], [77.6757225, 28.8769511], [77.6774829, 28.877053], [77.6791572, 28.8771282], [77.6801682, 28.8771429], [77.680752, 28.8768204], [77.6814064, 28.8750789], [77.6818497, 28.8745509], [77.682952, 28.8743123], [77.6848342, 28.874085], [77.6855628, 28.8737392], [77.686624, 28.8726091], [77.6867765, 28.8720551], [77.6868873, 28.8708821], [77.6869242, 28.8704499], [77.6872438, 28.8686644], [77.6873424, 28.8664769], [77.6874542, 28.8651294], [77.6874172, 28.8640089], [77.6872573, 28.863294], [77.6871603, 28.8623169], [77.6873147, 28.8617846], [77.687932, 28.8612081], [77.6888117, 28.8605081], [77.6897718, 28.8601401], [77.6904508, 28.8593609], [77.6913035, 28.8585586], [77.6919166, 28.8582112], [77.6931376, 28.8580399], [77.6935774, 28.8576899], [77.6953517, 28.8570282], [77.6965769, 28.856384], [77.6975739, 28.8555839], [77.6994884, 28.8536005], [77.699902, 28.8530974], [77.699802, 28.8507033], [77.6996664, 28.8487593], [77.6996929, 28.8478975], [77.6990685, 28.8469993], [77.6984225, 28.8459855], [77.6978473, 28.8451893], [77.6969097, 28.8438889], [77.6967482, 28.8436355], [77.6957028, 28.8430345], [77.6947438, 28.8424595], [77.6956914, 28.8412909], [77.6961152, 28.8406465], [77.6968655, 28.8392344], [77.6975548, 28.8379157], [77.6978498, 28.8373759], [77.698161, 28.8365513], [77.698132, 28.8361952], [77.6977862, 28.8349975], [77.6977868, 28.8343279], [77.6976346, 28.833631], [77.6974875, 28.8332418], [77.6962707, 28.8316112], [77.6957498, 28.830729], [77.6951467, 28.829565], [77.694599, 28.8284459], [77.6937948, 28.8270094], [77.6933722, 28.8262166], [77.6922469, 28.8242419], [77.6920309, 28.8237657], [77.6926347, 28.8232077], [77.6935545, 28.8224563], [77.6945485, 28.8217444], [77.6952952, 28.8212325], [77.6964466, 28.8204514], [77.6977955, 28.8194641], [77.6987271, 28.8187513], [77.7000571, 28.8177691], [77.7011063, 28.8171075], [77.70192, 28.8166846], [77.7030919, 28.8161403], [77.70449, 28.8155277], [77.7051132, 28.8152725], [77.7046372, 28.814666], [77.7054431, 28.8139844], [77.7059238, 28.8136612], [77.705685, 28.8133992], [77.7063674, 28.8129799], [77.7067783, 28.8127162], [77.7071251, 28.8125396], [77.7074255, 28.8125109], [77.7077998, 28.8125383], [77.7085071, 28.812796], [77.7089214, 28.813022], [77.7092069, 28.8131251], [77.7094192, 28.8131281], [77.7095278, 28.8129976], [77.7092292, 28.8125918], [77.7088071, 28.8121126], [77.7084791, 28.8116072], [77.7080673, 28.8115793], [77.7078591, 28.8113563], [77.7080894, 28.8110625], [77.7077707, 28.8107279], [77.7075754, 28.810483], [77.7073881, 28.8104748], [77.7072425, 28.8102417], [77.7072133, 28.8101312], [77.7073345, 28.8099954], [77.7078047, 28.8095675], [77.7076833, 28.8093732], [77.7078927, 28.8091947], [77.7077548, 28.808549], [77.7073932, 28.807493], [77.7072874, 28.8071339], [77.7074646, 28.8070099], [77.7073748, 28.806464], [77.7072513, 28.8057085], [77.7072, 28.8051026], [77.7071671, 28.8041834], [77.7071083, 28.8033078], [77.7068347, 28.8029022], [77.7073812, 28.8023984], [77.7076007, 28.8020109], [77.7077203, 28.8017926], [77.7077645, 28.8014246], [77.70761, 28.8009988], [77.7074428, 28.8005838], [77.7079617, 28.8002171], [77.7086057, 28.7998412], [77.7087443, 28.7996121], [77.7084841, 28.7989867], [77.708218, 28.7985152], [77.707552, 28.7973779], [77.7073037, 28.7969562], [77.7070221, 28.7969851], [77.7064244, 28.7962063], [77.7061374, 28.7958501], [77.7058222, 28.795334], [77.7053569, 28.7948266], [77.7050354, 28.7944809], [77.7054006, 28.7941505], [77.7055512, 28.7937786], [77.7056997, 28.7935111], [77.7058714, 28.7933485], [77.7060984, 28.7932308], [77.706207, 28.7931003], [77.7063561, 28.7928053], [77.7064259, 28.7924047], [77.7065539, 28.7919004], [77.7067821, 28.791381], [77.7070114, 28.7908011], [77.7073054, 28.7904367], [77.7076183, 28.7900671], [77.7077364, 28.7899257], [77.7079883, 28.7896432], [77.7076422, 28.7891101], [77.7071897, 28.7885865], [77.7062269, 28.7876264], [77.7056938, 28.787074], [77.7051485, 28.786505], [77.7049157, 28.7866007], [77.7041388, 28.7870737], [77.7038686, 28.7871634], [77.7036595, 28.7869843], [77.7032374, 28.7865106], [77.7027216, 28.7860356], [77.7025671, 28.7859453], [77.7020396, 28.7861028], [77.7015592, 28.7857383], [77.7005763, 28.7848604], [77.6996966, 28.784138], [77.6986708, 28.7832154], [77.6980574, 28.7826124], [77.6969235, 28.7814572], [77.6963268, 28.7806344], [77.6956445, 28.7797112], [77.6952943, 28.779068], [77.694942, 28.7785347], [77.6944376, 28.7781203], [77.6938444, 28.7777817], [77.6933873, 28.777511], [77.6928105, 28.7769635], [77.692381, 28.7765501], [77.6921227, 28.7763373], [77.6918523, 28.7761024], [77.6913133, 28.7759529], [77.6908608, 28.7756919], [77.6905914, 28.7754019], [77.6906856, 28.7750402], [77.6900394, 28.7746141], [77.6881454, 28.7753006], [77.6868626, 28.7757772], [77.6859822, 28.7761056], [77.6856044, 28.7762762], [77.6850243, 28.7763242], [77.6845758, 28.7751719], [77.6847607, 28.7746354], [77.6846539, 28.7743368], [77.6841635, 28.7738455], [77.6836235, 28.7733315], [77.6831626, 28.7725986], [77.6829371, 28.7719681], [77.6829437, 28.7716161], [77.6830597, 28.7714197], [77.6835246, 28.7712724], [77.6840046, 28.7709822], [77.6844125, 28.770537], [77.6844543, 28.7703065], [77.6842709, 28.7700948], [77.6842506, 28.7698414], [77.6843544, 28.7696338], [77.6846205, 28.7694286], [77.6847255, 28.769155], [77.6847853, 28.7686277], [77.6846957, 28.7680762], [77.6845528, 28.7677], [77.6842448, 28.7674755], [77.6837427, 28.7671106], [77.6832309, 28.7669326], [77.6829364, 28.7666532], [77.6822115, 28.7660155], [77.6818064, 28.7656355], [77.6814066, 28.7649805], [77.6811188, 28.7643381], [77.6808133, 28.7639815], [77.6802853, 28.7635007], [77.6796028, 28.7627645], [77.6803218, 28.7622137], [77.6815754, 28.7612856], [77.6823487, 28.7606696], [77.6826546, 28.7603384], [77.6827975, 28.7600433], [77.6827908, 28.7597296], [77.6825891, 28.7591655], [77.6823909, 28.7587445], [77.6822773, 28.7584732], [77.6822804, 28.7583082], [77.6824221, 28.7580737], [77.6827706, 28.7578036], [77.6835208, 28.7574184], [77.6836671, 28.7572719], [77.6837005, 28.7571569], [77.6836659, 28.7570023], [77.6832926, 28.7565952], [77.6831519, 28.7564392], [77.6831167, 28.7563176], [77.6832524, 28.756072], [77.6836657, 28.7556763], [77.6841065, 28.755138], [77.6841912, 28.7549521], [77.6841748, 28.7548254], [77.6840482, 28.7545814], [77.6835471, 28.754002], [77.6834389, 28.7537748], [77.6838081, 28.753395], [77.6845163, 28.7529156], [77.6851402, 28.7526055], [77.6857965, 28.7522299], [77.6859931, 28.7520676], [77.6861995, 28.751713], [77.6862527, 28.7515377], [77.6865715, 28.7511847], [77.6873046, 28.7507056], [77.6880304, 28.7502869], [77.6882661, 28.7500372], [77.6890639, 28.7494051], [77.6889258, 28.7492687], [77.6894249, 28.7487521], [77.6898088, 28.7483032], [77.6900545, 28.7480664], [77.68986, 28.7476062], [77.6897884, 28.7471979], [77.6896629, 28.7467964], [77.68943, 28.7463702], [77.6892508, 28.7460115], [77.6894632, 28.7458129], [77.6909475, 28.743444], [77.6912676, 28.7435572], [77.6917103, 28.7436497], [77.691782, 28.7434782], [77.6919663, 28.7433745], [77.6928032, 28.7434286], [77.6940164, 28.743406], [77.6944028, 28.7433541], [77.6963707, 28.743354], [77.6965578, 28.743354], [77.6971056, 28.7433359], [77.6976277, 28.7432681], [77.6981371, 28.7431531], [77.6985338, 28.7431688], [77.6991685, 28.7432161], [77.6997571, 28.7433763], [77.7001437, 28.7435521], [77.7004457, 28.7439085], [77.7012085, 28.7444137], [77.7024372, 28.7454827], [77.7027879, 28.745794], [77.7029876, 28.7459948], [77.7031949, 28.7463759], [77.7033179, 28.7468383], [77.7036378, 28.7465857], [77.7045974, 28.7456404], [77.7051835, 28.7450088], [77.7055545, 28.7446613], [77.7059332, 28.7444357], [77.7061764, 28.7443635], [77.7071055, 28.7445573], [77.707794, 28.7446926], [77.7082778, 28.7445707], [77.7088996, 28.7443562], [77.7094268, 28.7440201], [77.7099054, 28.7439208], [77.7102535, 28.7437267], [77.711592, 28.743334], [77.7119476, 28.7431512], [77.7122982, 28.7428805], [77.7126359, 28.7424202], [77.7127075, 28.7421541], [77.7134011, 28.7418923], [77.713877, 28.7416012], [77.7143991, 28.7414409], [77.7151822, 28.7412062], [77.7156428, 28.7409692], [77.7163644, 28.7403668], [77.7176155, 28.7390199], [77.7177365, 28.7388924], [77.7183498, 28.738246], [77.7186312, 28.7379257], [77.7190406, 28.7375646], [77.7193246, 28.7374451], [77.7204505, 28.7366824], [77.7211108, 28.7367882], [77.7219401, 28.737009], [77.7227104, 28.7369975], [77.722974, 28.7370088], [77.7239184, 28.7370446], [77.7241268, 28.7370938], [77.7244047, 28.7371595], [77.7258382, 28.7377636], [77.7263194, 28.7379981], [77.7265548, 28.7380138], [77.7270181, 28.7380362], [77.726834, 28.7384626], [77.7268674, 28.7390806], [77.7267831, 28.7393694], [77.7263866, 28.739744], [77.7270601, 28.7407272], [77.7275386, 28.740603], [77.7281428, 28.7411825], [77.7294563, 28.742574], [77.7298608, 28.7427678], [77.7320654, 28.7449483], [77.7326876, 28.7455436], [77.7330051, 28.7458863], [77.7338652, 28.7462605], [77.734623, 28.746497], [77.7351195, 28.746533], [77.7352756, 28.7464945], [77.7354958, 28.7466095], [77.7360233, 28.7471575], [77.7366815, 28.7480189], [77.7372836, 28.749018], [77.7374783, 28.7493946], [77.7377967, 28.7497039], [77.7383617, 28.7500989], [77.7397805, 28.7517256], [77.7409433, 28.7530185], [77.7425209, 28.7520944], [77.7429991, 28.7518921], [77.7434246, 28.7518431], [77.7436888, 28.7519018], [77.7449342, 28.7512261], [77.7461075, 28.7505604], [77.7471903, 28.7500695], [77.7485427, 28.7489683], [77.7485958, 28.7489251], [77.7500805, 28.7480084], [77.7504556, 28.7477425], [77.750853, 28.7476319], [77.7515719, 28.7474483], [77.7522579, 28.7473474], [77.7527775, 28.7474211], [77.7532691, 28.7476604], [77.7536178, 28.7481633], [77.7536772, 28.7483191], [77.7537811, 28.7485917], [77.7538574, 28.7487919], [77.7539189, 28.7492971], [77.7535868, 28.7499963], [77.7530776, 28.7504263], [77.7529036, 28.750591], [77.7531644, 28.7509543], [77.7537299, 28.7512139], [77.7544055, 28.7514059], [77.7547534, 28.7518076], [77.7551013, 28.7522769], [77.7554261, 28.7527665], [77.7557842, 28.7532268], [77.7561423, 28.7536668], [77.7565388, 28.7541723], [77.7573753, 28.7550342], [77.7579407, 28.7557631], [77.7584192, 28.7562053], [77.7589565, 28.7566793], [77.7593914, 28.7571396], [77.7602408, 28.7580602], [77.7608702, 28.7586921], [77.761799, 28.7596083], [77.7624949, 28.7603077], [77.763114, 28.7609508], [77.763636, 28.7615443], [77.7638816, 28.7617067], [77.764555, 28.7615311], [77.7649672, 28.7613959], [77.7650874, 28.761635], [77.7659349, 28.7613285], [77.7664367, 28.7611753], [77.7671199, 28.7615409], [77.7677188, 28.7619923], [77.7682357, 28.7623038], [77.7688219, 28.762313], [77.7690933, 28.7622363], [77.7695284, 28.7626876], [77.770094, 28.7626585], [77.7708006, 28.7626113], [77.7714201, 28.7626206], [77.7721931, 28.7626591], [77.7728842, 28.7628262], [77.7735677, 28.7629031], [77.7738185, 28.7633363], [77.7741434, 28.7638235], [77.7746014, 28.7643312], [77.774819, 28.7643426], [77.7751007, 28.7641893], [77.7753619, 28.7638826], [77.7757099, 28.7642752], [77.7761679, 28.7647828], [77.7767002, 28.7653288], [77.7771736, 28.7658703], [77.7778467, 28.7665787], [77.7786297, 28.7673752], [77.7792593, 28.7680566], [77.7802318, 28.7690673], [77.7808793, 28.7698592], [77.7809509, 28.7702855], [77.7809943, 28.7706103], [77.7807714, 28.7708156], [77.780477, 28.7711719], [77.780162, 28.7714876], [77.7796729, 28.7718507], [77.7791607, 28.7721483], [77.7787817, 28.7725407], [77.7783899, 28.7730391], [77.7780466, 28.7738104], [77.7780465, 28.7740789], [77.7777749, 28.7747871], [77.7775366, 28.7754683], [77.7771728, 28.7760952], [77.7769756, 28.7765846], [77.7767373, 28.7770155], [77.7766168, 28.7774372], [77.776335, 28.7780417], [77.7766983, 28.7787275], [77.7771231, 28.7793208], [77.7775351, 28.7799818], [77.7778626, 28.7805278], [77.7784666, 28.7814054], [77.7789656, 28.7821431], [77.7791985, 28.7826462], [77.7800868, 28.7832261], [77.7813538, 28.7841806], [77.7822345, 28.7849567], [77.7828334, 28.7856651], [77.7830125, 28.7860441], [77.7840238, 28.786236], [77.7846765, 28.7869354], [77.7854061, 28.7877792], [77.7859257, 28.7885169], [77.7863455, 28.7890674], [77.7870955, 28.7897871], [77.7873873, 28.7902066], [77.7883886, 28.7896136], [77.7893669, 28.7890972], [77.7896076, 28.7889913], [77.7899557, 28.7894334], [77.7903244, 28.7897674], [77.7907648, 28.7895125], [77.7914947, 28.7889667], [77.7921683, 28.7882676], [77.7925806, 28.7878932], [77.7925806, 28.7876744], [77.7927881, 28.7873677], [77.793418, 28.7872324], [77.7941836, 28.7872077], [77.7946956, 28.7875349], [77.7954357, 28.7873612], [77.7957608, 28.7873523], [77.7961654, 28.7871696], [77.7967288, 28.7866824], [77.7967324, 28.7866775], [77.7971334, 28.7861253], [77.7975688, 28.7856765], [77.7977275, 28.7855818], [77.7983138, 28.7858345], [77.7985004, 28.7859088], [77.7991076, 28.7861504], [77.7996835, 28.7866308], [77.8001419, 28.7871767], [77.8003697, 28.7874836], [77.8003696, 28.7874949], [77.8011096, 28.7888054], [77.8016472, 28.7897212], [77.8022898, 28.7904206], [77.8028761, 28.7910906], [77.8033651, 28.7917335], [77.8039899, 28.7924372], [77.8048271, 28.793281], [77.805014, 28.7935404], [77.8058386, 28.7934637], [77.8067425, 28.7934547], [77.8069935, 28.7934727], [77.8070037, 28.7936645], [77.8071548, 28.7937232], [77.8078179, 28.7935878], [77.8091828, 28.7928345], [77.8100969, 28.7924623], [77.8105612, 28.7923065], [77.8110111, 28.7921556], [77.812066, 28.7922886], [77.8128112, 28.7925052], [77.8133002, 28.7929156], [77.8134019, 28.7930759], [77.813605, 28.7933961], [77.8143347, 28.7940661], [77.8150953, 28.794842], [77.8156331, 28.795451], [77.8164064, 28.7962359], [77.817418, 28.7969736], [77.8183757, 28.7975306], [77.8189903, 28.7979772], [77.8195896, 28.7983223], [77.8199917, 28.7983493], [77.820806, 28.7989831], [77.8213847, 28.7996823], [77.8216435, 28.800059], [77.8217587, 28.8005485], [77.8223683, 28.8013537], [77.8228139, 28.8020439], [77.823152, 28.8025897], [77.8234466, 28.8029438], [77.8237897, 28.8033521], [77.8240177, 28.8033521], [77.8243224, 28.8029009], [77.8244862, 28.8022964], [77.8247371, 28.8019354], [77.8250291, 28.8019332], [77.8258562, 28.8016354], [77.826627, 28.8013759], [77.8271826, 28.8011277], [77.8271621, 28.8008773], [77.827705, 28.8004464], [77.8283733, 28.8002028], [77.8289776, 28.8000876], [77.8291902, 28.8003177], [77.8295589, 28.8000492], [77.8301684, 28.8003446], [77.8300046, 28.8006808], [77.829874, 28.8011228], [77.8301583, 28.8014386], [77.8309958, 28.8016302], [77.8316693, 28.8017068], [77.8319202, 28.801515], [77.832166, 28.8012037], [77.8332956, 28.8019705], [77.8337642, 28.8023538], [77.8334928, 28.8027171], [77.8333623, 28.8029381], [77.8334058, 28.8031389], [77.8336876, 28.8033396], [77.833785, 28.8035696], [77.833785, 28.8038584], [77.8340463, 28.8041358], [77.8346814, 28.8042078], [77.8354984, 28.8043318], [77.8363025, 28.8045279], [77.8365867, 28.8041218], [77.836999, 28.803833], [77.8380002, 28.8036321], [77.8385558, 28.803517], [77.8399976, 28.803061], [77.8409322, 28.8028014], [77.8418028, 28.8025621], [77.8426837, 28.8022551], [77.8439409, 28.8020202], [77.8444575, 28.8019197], [77.8449729, 28.8018193], [77.8463429, 28.8015302], [77.8468347, 28.8017511], [77.8473085, 28.8020916], [77.8474465, 28.802141], [77.8481895, 28.8024071], [77.8484507, 28.802168], [77.8484846, 28.8020002], [77.8485146, 28.8018522], [77.848348, 28.8013966], [77.8485143, 28.8010266], [77.848714, 28.8008122], [77.8492339, 28.8010264], [77.8500483, 28.8011999], [77.8511469, 28.8010935], [77.8517178, 28.8010032], [77.8517714, 28.8005226], [77.8522606, 28.8005518], [77.852578, 28.8003984], [77.8529901, 28.7997463], [77.8534252, 28.7991146], [77.8536862, 28.7986927], [77.8539577, 28.7986927], [77.854196, 28.7990084], [77.8543061, 28.7991143], [77.8545774, 28.7989226], [77.8552202, 28.7988637], [77.8557426, 28.7988252], [77.856521, 28.7986851], [77.8571304, 28.7986285], [77.8574889, 28.7986374], [77.857348, 28.798351], [77.856477, 28.797767], [77.8557368, 28.7972575], [77.8561822, 28.7968649], [77.8568017, 28.7964248], [77.8567682, 28.7958879], [77.8571267, 28.7957051], [77.8573725, 28.7956441], [77.8581227, 28.7957476], [77.8586221, 28.7957475], [77.8587629, 28.7956707], [77.8583068, 28.794886], [77.859003, 28.7942722], [77.85909, 28.794051], [77.8596224, 28.7937215], [77.8600039, 28.793735], [77.8606775, 28.7940889], [77.860962, 28.7946549], [77.8612823, 28.7951397], [77.8618049, 28.7953967], [77.8625885, 28.7955408], [77.8629471, 28.7957324], [77.8633402, 28.7962855], [77.8633494, 28.7962984], [77.8636109, 28.7969118], [77.8638621, 28.7973222], [77.8642592, 28.7977101], [77.8647279, 28.798037], [77.8646615, 28.7982377], [77.8643799, 28.7984183], [77.86438, 28.7988018], [77.8639987, 28.7991583], [77.8635635, 28.7995509], [77.8630209, 28.8000001], [77.8627752, 28.8004941], [77.8626014, 28.8010965], [77.8626144, 28.801586], [77.8629196, 28.8023347], [77.863158, 28.8028421], [77.8633043, 28.8034308], [77.8631201, 28.8039971], [77.8628055, 28.8045723], [77.8627391, 28.8051566], [77.8627392, 28.8053957], [77.8628315, 28.8056776], [77.8634747, 28.806397], [77.8639641, 28.8069043], [77.8643305, 28.8073417], [77.8637803, 28.8080254], [77.8632735, 28.808664], [77.8627412, 28.8092574], [77.8625569, 28.8095349], [77.8628722, 28.8102927], [77.8630901, 28.8107528], [77.8634235, 28.8115534], [77.8637158, 28.8121668], [77.8636417, 28.8125684], [77.86377, 28.8130104], [77.8638779, 28.813669], [77.8639189, 28.8137547], [77.8633939, 28.813976], [77.8634249, 28.8144497], [77.8621907, 28.8150186], [77.8624421, 28.8159433], [77.862673, 28.816762], [77.8628526, 28.8172649], [77.8632038, 28.8180453], [77.8635322, 28.8190083], [77.8641296, 28.8203051], [77.8634358, 28.8208647], [77.8624832, 28.8215486], [77.861687, 28.8221466], [77.8609752, 28.8227919], [77.8599741, 28.8235074], [77.859526, 28.8238233], [77.8601615, 28.8246532], [77.8606305, 28.8250658], [77.859911, 28.8255285], [77.860836, 28.8263289], [77.8614716, 28.8269445], [77.8623941, 28.8277629], [77.8614824, 28.8282076], [77.8605477, 28.828632], [77.8596283, 28.8291624], [77.8593338, 28.8292122], [77.8586884, 28.8296748], [77.8578894, 28.8301262], [77.8571673, 28.8305505], [77.8559816, 28.831187], [77.8549751, 28.831767], [77.8538149, 28.8323696], [77.8542865, 28.8329808], [77.8544352, 28.833319], [77.8542819, 28.8340319], [77.8540618, 28.8347267], [77.8543797, 28.835295], [77.8550385, 28.8363053], [77.8556023, 28.8371646], [77.856028, 28.8379156], [77.8563356, 28.8385899], [77.8564332, 28.8391583], [77.8564924, 28.8397177], [77.8565259, 28.8401508], [77.8564057, 28.8405275], [77.8565493, 28.8409898], [77.8564239, 28.8412267], [77.8566598, 28.8417883], [77.8572239, 28.8429543], [77.8575957, 28.8436872], [77.8579572, 28.8443706], [77.858511, 28.8452479], [77.8591441, 28.845922], [77.8594952, 28.8463663], [77.8599205, 28.8462398], [77.8602076, 28.8465194], [77.8605895, 28.8469524], [77.8615322, 28.8467378], [77.8616783, 28.8469339], [77.8617887, 28.8474054], [77.8619732, 28.8475879], [77.8624112, 28.8475021], [77.8623343, 28.8472698], [77.8626083, 28.8470779], [77.8628029, 28.8472757], [77.8633184, 28.8477994], [77.8631673, 28.8480319], [77.8628599, 28.8482147], [77.8633521, 28.8486859], [77.8638669, 28.8483789], [77.8643154, 28.8487825], [77.8643386, 28.8490622], [77.8638341, 28.8494188], [77.8633574, 28.8490739], [77.8633784, 28.8501296], [77.8631607, 28.8502243], [77.8623949, 28.8508607], [77.8625489, 28.8512848], [77.8632916, 28.8507837], [77.8632592, 28.8525206], [77.8632492, 28.8530438], [77.8628778, 28.8532944], [77.863183, 28.853874], [77.8627912, 28.8542689], [77.8625223, 28.8545644], [77.8620102, 28.855106], [77.8623485, 28.8554329], [77.8626484, 28.8556449], [77.8630428, 28.8554823], [77.863294, 28.8554439], [77.8632405, 28.856089], [77.863984, 28.8570812], [77.8646864, 28.8579471], [77.8650635, 28.8586891], [77.8656227, 28.8598843], [77.8661983, 28.8608406], [77.8662484, 28.8609239], [77.8667895, 28.8618011], [77.8671948, 28.8625138], [77.8675898, 28.8634474], [77.8679465, 28.8643924], [77.8679738, 28.8643821], [77.8688431, 28.8639499], [77.8698934, 28.8634194], [77.8703537, 28.8631776], [77.870813, 28.8629363], [77.8711598, 28.8634875], [77.8715465, 28.8641021], [77.872507, 28.8633799], [77.8727044, 28.8632255], [77.8731958, 28.8628413], [77.8736597, 28.8625109], [77.8751311, 28.8613409], [77.8748111, 28.8609979], [77.8745626, 28.8607993], [77.8744065, 28.8605488], [77.8752958, 28.8601523], [77.8761262, 28.8597444], [77.8766055, 28.8594333], [77.877928, 28.8588587], [77.8790327, 28.8583472], [77.8800937, 28.8578536], [77.8812214, 28.8571639], [77.8820134, 28.8567379], [77.8824017, 28.8567517], [77.8837454, 28.8567995], [77.8841424, 28.8570816], [77.8844984, 28.8573185], [77.8847108, 28.8577246], [77.8849232, 28.8582887], [77.8851715, 28.858821], [77.8857067, 28.8593851], [77.8864954, 28.8604366], [77.8869187, 28.8609343], [77.8872765, 28.861355], [77.8875167, 28.8617327], [77.8876682, 28.8619709], [77.8879345, 28.8623318], [77.8882059, 28.8627403], [77.8884927, 28.8631779], [77.8885746, 28.8634915], [77.8889362, 28.8635185], [77.8889998, 28.8635232], [77.8892611, 28.8638978], [77.8893652, 28.8640582], [77.8896887, 28.8645565], [77.8900727, 28.8653552], [77.8904056, 28.8658674], [77.8904771, 28.8662011], [77.8910816, 28.8669526], [77.8918807, 28.8677806], [77.892916, 28.8675306], [77.8944152, 28.8670664], [77.8957299, 28.8668164], [77.8965473, 28.8667535], [77.8978413, 28.8667246], [77.8984795, 28.8665037], [77.8986461, 28.8663166], [77.8989204, 28.865994], [77.8994945, 28.8657574], [77.9004556, 28.865099], [77.90247, 28.8639108], [77.9038105, 28.8629074], [77.9040771, 28.8627247], [77.9049561, 28.8623482], [77.9050022, 28.8621927], [77.9052406, 28.8621295], [77.9063065, 28.8616606], [77.9072445, 28.8612525], [77.9080132, 28.8610023], [77.9085178, 28.86204], [77.9089073, 28.8617898], [77.9092174, 28.8616342], [77.9099503, 28.8614358], [77.9105678, 28.8611336], [77.9112444, 28.8607571], [77.9118132, 28.8606941], [77.9128022, 28.8607619], [77.9134402, 28.860647], [77.9137837, 28.8606154], [77.9152545, 28.8598646], [77.9165819, 28.8590189], [77.9169561, 28.8588363], [77.9182733, 28.8578982], [77.9188523, 28.8577719], [77.9190188, 28.857711], [77.9191368, 28.85749], [77.9196635, 28.8571772], [77.9197672, 28.8571156], [77.9207255, 28.8567707], [77.9216633, 28.8563422], [77.9221783, 28.855961], [77.9222758, 28.8558211], [77.9237261, 28.8545108], [77.9253199, 28.8533357], [77.9257452, 28.8528576], [77.9257094, 28.852429], [77.9254379, 28.8520839], [77.9250126, 28.8516462], [77.9250587, 28.8513643], [77.9252842, 28.851238], [77.9262681, 28.8508839], [77.926345, 28.8507734], [77.9265243, 28.850523], [77.926322, 28.8500222], [77.9266192, 28.8496772], [77.9280181, 28.8488021], [77.9278337, 28.8481795], [77.9270524, 28.8471464], [77.9284027, 28.8462374], [77.9281054, 28.8458314], [77.9289305, 28.8451773], [77.9298425, 28.8445819], [77.9296658, 28.8443631], [77.929215, 28.8437992], [77.9289998, 28.8433593], [77.9288336, 28.8430182], [77.9286515, 28.8426442], [77.9282, 28.8419734], [77.9278574, 28.8414644], [77.9272401, 28.8407651], [77.9269788, 28.8405238], [77.9268378, 28.8405238], [77.9264356, 28.8410561], [77.9261384, 28.8410245], [77.9261846, 28.8405237], [77.925557, 28.8400973], [77.9261206, 28.8394951], [77.9268072, 28.8391208], [77.9279217, 28.8384622], [77.929118, 28.8379209], [77.9295331, 28.837648], [77.9302274, 28.8369014], [77.9307141, 28.8365248], [77.9311393, 28.8361187], [77.9314955, 28.835618], [77.9317798, 28.8351489], [77.9321718, 28.8346774], [77.9328455, 28.834021], [77.9331427, 28.8338022], [77.9331888, 28.8338358], [77.9340495, 28.8344633], [77.9350434, 28.8351625], [77.9358964, 28.8357783], [77.9368161, 28.8369196], [77.9373745, 28.837858], [77.9375999, 28.8380159], [77.937979, 28.8382753], [77.9385119, 28.8388595], [77.9400106, 28.8400752], [77.9407689, 28.8408264], [77.9407586, 28.8410993], [77.9410532, 28.8416316], [77.9413274, 28.8418594], [77.9417655, 28.8423512], [77.9422164, 28.8426647], [77.9426058, 28.8427684], [77.942985, 28.8429241], [77.943359, 28.8429082], [77.943833, 28.8433052], [77.9442711, 28.8437225], [77.9445554, 28.8438465], [77.9448757, 28.8440563], [77.945196, 28.8443066], [77.9457288, 28.8446923], [77.946249, 28.8450983], [77.946528, 28.8453215], [77.946641, 28.8454118], [77.9471508, 28.84582], [77.947671, 28.8464448], [77.9480988, 28.8467583], [77.9485471, 28.8462891], [77.9481679, 28.8459124], [77.9482717, 28.8458033], [77.9489569, 28.8450823], [77.9495256, 28.8442995], [77.950166, 28.8437062], [77.9506629, 28.8431739], [77.9511624, 28.8428602], [77.9517721, 28.8424045], [77.9521153, 28.8420278], [77.9527327, 28.8424044], [77.9536345, 28.842842], [77.954252, 28.8430854], [77.9546619, 28.8429749], [77.9551589, 28.8427718], [77.9556226, 28.8426928], [77.9559505, 28.8425755], [77.9561041, 28.8425754], [77.9563526, 28.8424356], [77.9568162, 28.8422144], [77.9570648, 28.8420903], [77.957449, 28.8420745], [77.957718, 28.8419617], [77.9581561, 28.8418691], [77.9593882, 28.8413997], [77.9606562, 28.8409597], [77.9609534, 28.8411694], [77.9613556, 28.8412731], [77.9619063, 28.8408805], [77.9629723, 28.8418096], [77.9633421, 28.8423707], [77.9636129, 28.8427816], [77.964638, 28.8440266], [77.9655171, 28.8452377], [77.9666602, 28.8467961], [77.9671804, 28.8475877], [77.9677161, 28.8482982], [77.9678929, 28.8484131], [77.9679288, 28.8484852], [77.9677984, 28.8494034], [77.9684799, 28.8493875], [77.9691566, 28.8503887], [77.9697125, 28.8503571], [77.9711068, 28.851938], [77.9717348, 28.8527204], [77.971699, 28.8528964], [77.9716043, 28.8531468], [77.9715684, 28.8533137], [77.9718068, 28.8534716], [77.9723398, 28.8538774], [77.9728011, 28.8543488], [77.973365, 28.8548944], [77.9738982, 28.8556454], [77.9741008, 28.8559679], [77.9742059, 28.8560942], [77.974562, 28.856428], [77.97468, 28.856376], [77.9750129, 28.8560624], [77.9752486, 28.8559676], [77.975557, 28.8559817], [77.9759378, 28.8559991], [77.9763529, 28.8561252], [77.9766201, 28.8561991], [77.9768013, 28.8562491], [77.9770628, 28.8563438], [77.97736, 28.8565309], [77.9774368, 28.856452], [77.9777663, 28.8561521], [77.9785152, 28.8554705], [77.9789302, 28.8555335], [77.9795094, 28.8557205], [77.97964, 28.8555738], [77.9798782, 28.8554068], [77.9802932, 28.8551676], [77.9807902, 28.8551043], [77.9810977, 28.8552283], [77.9815077, 28.8554627], [77.9822536, 28.8559114], [77.9827172, 28.8556901], [77.9830375, 28.8557847], [77.9832138, 28.8559286], [77.9835348, 28.8561906], [77.9841397, 28.8567543], [77.9845652, 28.8570879], [77.985101, 28.8578818], [77.9856572, 28.8582898], [77.9858416, 28.8581589], [77.9860594, 28.858037], [77.9861489, 28.8577709], [77.9863153, 28.8574686], [77.9868711, 28.857042], [77.9873705, 28.856593], [77.9877496, 28.8563831], [77.9878905, 28.8563198], [77.9881031, 28.8560693], [77.9882593, 28.8559452], [77.9885309, 28.8559767], [77.9888025, 28.8559338], [77.9889919, 28.8558097], [77.9893122, 28.8556629], [77.989686, 28.8551236], [77.9902314, 28.8545708], [77.9906463, 28.854133], [77.9910841, 28.8535261], [77.991286, 28.8533384], [77.9916885, 28.8529642], [77.9922749, 28.8525286], [77.9928076, 28.8519533], [77.993248, 28.8515876], [77.9939473, 28.8511497], [77.9943496, 28.8510202], [77.9944314, 28.8509939], [77.9953332, 28.8508875], [77.9959966, 28.8507428], [77.9969087, 28.8507515], [77.9982973, 28.8506583], [77.9991925, 28.8505037], [77.9998433, 28.8508805], [78.0002038, 28.8507288], [78.0007504, 28.8511448], [78.001866, 28.8517117], [78.0023829, 28.8514057], [78.0028137, 28.8518055], [78.0032185, 28.8524283], [78.0032744, 28.8525465], [78.0037438, 28.8535399], [78.0034424, 28.8544099], [78.0033428, 28.8550786], [78.0033188, 28.855339], [78.0033068, 28.8554697], [78.0031006, 28.8560065], [78.0030133, 28.8565276], [78.0027797, 28.8569162], [78.0024216, 28.857077], [78.0021339, 28.8572689], [78.0021869, 28.8576611], [78.0022217, 28.8579574], [78.0018309, 28.8583005], [78.0021169, 28.8589393], [78.0026394, 28.8596158], [78.0024875, 28.8598349], [78.0026397, 28.8601935], [78.0025925, 28.8606715], [78.00248, 28.8609137], [78.0027397, 28.8613433], [78.0035186, 28.8620491], [78.0053702, 28.8633458], [78.0064966, 28.8639427], [78.0077962, 28.8648204], [78.0083389, 28.8651712], [78.0087636, 28.8651765], [78.0095937, 28.8657697], [78.0102457, 28.8663869], [78.009943, 28.8667834], [78.0107386, 28.8676808], [78.0110139, 28.8683802], [78.0109366, 28.8688609], [78.011246, 28.8692824], [78.0119282, 28.8698564], [78.0113413, 28.8707279], [78.0120715, 28.8713895], [78.0129013, 28.8720088], [78.0139499, 28.8729153], [78.0141866, 28.8729333], [78.0149553, 28.8724383], [78.0158749, 28.8717623], [78.0168327, 28.8711739], [78.0176753, 28.8705267], [78.0179241, 28.8705035], [78.0189795, 28.8712213], [78.0186049, 28.871791], [78.0191965, 28.8724769], [78.0198603, 28.872981], [78.0212529, 28.8740982], [78.0222937, 28.8751116], [78.0232371, 28.8760455], [78.024378, 28.8773486], [78.025887, 28.8787506], [78.0268324, 28.8795627], [78.0274861, 28.8800754], [78.028853, 28.8794313], [78.030365, 28.87878], [78.031204, 28.8783107], [78.0329436, 28.8793946], [78.0342916, 28.8803595], [78.0359861, 28.8815759], [78.0371031, 28.8821639], [78.0382705, 28.8826827], [78.038995, 28.8828299], [78.0399626, 28.8828678], [78.0406032, 28.8829626], [78.0414513, 28.88306], [78.0420214, 28.8832497], [78.0426623, 28.8833271], [78.0440559, 28.8836617], [78.0449322, 28.8838551], [78.0463059, 28.8838283], [78.0474123, 28.8838331], [78.0486822, 28.8836956], [78.049842, 28.88344], [78.0508036, 28.8832342], [78.0523154, 28.8832177], [78.0534523, 28.8831707], [78.0543357, 28.8832167], [78.0552664, 28.8824254], [78.056298, 28.8815331], [78.0571087, 28.8807922], [78.0582875, 28.8799625], [78.0594558, 28.8791676], [78.0631929, 28.8777396], [78.0640093, 28.8775682], [78.0652158, 28.8772506], [78.0664044, 28.8770475], [78.067562, 28.8769397], [78.068976, 28.8768524], [78.069654, 28.8767236], [78.0700018, 28.8765886], [78.0704809, 28.8762724], [78.0708215, 28.8758782], [78.0713987, 28.8757006], [78.0721499, 28.8756748], [78.0732119, 28.8759921], [78.0741157, 28.8763162], [78.0748093, 28.8765655], [78.0750873, 28.8764731], [78.0756779, 28.8760633], [78.0761201, 28.8761288], [78.0767372, 28.8764669], [78.0774466, 28.8765885], [78.0777054, 28.8764611], [78.078217, 28.8759626], [78.078667, 28.8756112], [78.0793348, 28.8749445], [78.0803514, 28.8750089], [78.0810802, 28.8751481], [78.0814375, 28.8750393], [78.0817076, 28.874825], [78.0821146, 28.8746907], [78.0825657, 28.8749135], [78.0828563, 28.8752825], [78.0832701, 28.875357], [78.0838352, 28.8747976], [78.0841233, 28.8746966], [78.0844777, 28.8747792], [78.084931, 28.8748456], [78.0851385, 28.8748481], [78.0857883, 28.8743512], [78.0860669, 28.8742153], [78.0865931, 28.8741594], [78.0873165, 28.8745435], [78.0880072, 28.8745952], [78.0888774, 28.874536], [78.089581, 28.8745196], [78.0898398, 28.8743921], [78.0903106, 28.8739715], [78.0907123, 28.8735412], [78.0911915, 28.8732163], [78.0917088, 28.8729876], [78.0921068, 28.8728009], [78.0926366, 28.8723896], [78.0928168, 28.8722352], [78.0932637, 28.8727277], [78.093214, 28.8733883], [78.0930063, 28.8740471], [78.0930111, 28.8743778], [78.0934368, 28.8749571], [78.0935618, 28.8751848], [78.0940188, 28.87566], [78.0944706, 28.8758307], [78.0950365, 28.8762898], [78.0954109, 28.8767509], [78.0957443, 28.8769115], [78.0963289, 28.8767967], [78.0967923, 28.8768544], [78.0970685, 28.8768838], [78.0975264, 28.8772981], [78.0979918, 28.8778691], [78.0983675, 28.8778562], [78.0987084, 28.8779005], [78.1006614, 28.8778756], [78.1020051, 28.8778655], [78.1021283, 28.8778712], [78.1035254, 28.8779357], [78.1047797, 28.8779592], [78.1058776, 28.8778458], [78.1069233, 28.8779672], [78.107758, 28.8779482], [78.1091903, 28.8779564], [78.1109054, 28.8774825], [78.1204555, 28.8770592], [78.1207339, 28.8781797], [78.1207596, 28.878262], [78.1208025, 28.8784001], [78.1206438, 28.8783788], [78.118994, 28.8781572], [78.118475, 28.878162], [78.117409, 28.8781059], [78.1159473, 28.87808], [78.1147226, 28.878057], [78.1137047, 28.8780798], [78.1131118, 28.8780999], [78.1131035, 28.8780995], [78.1131386, 28.8787045], [78.1129847, 28.8796999], [78.1107915, 28.8794292], [78.1090101, 28.8795061], [78.1036682, 28.8796143], [78.101038, 28.8796054], [78.0989061, 28.8807804], [78.0962423, 28.8821694], [78.0944456, 28.8832503], [78.0940465, 28.8838824], [78.0929656, 28.8854368], [78.0922522, 28.8866041], [78.0917695, 28.8876621], [78.090931, 28.8879215], [78.090026, 28.8888905], [78.0886764, 28.8898297], [78.0882193, 28.8906081], [78.0878521, 28.8909711], [78.0884571, 28.8914192], [78.0894839, 28.8915784], [78.0912839, 28.8915999], [78.0925982, 28.8929627], [78.0913515, 28.894442], [78.088314, 28.8929851], [78.0881869, 28.8940123], [78.0880024, 28.8949066], [78.0898282, 28.8955652], [78.0913169, 28.8964402], [78.092827, 28.8977319], [78.0939282, 28.8984798], [78.0953098, 28.8990841], [78.0974647, 28.9000649], [78.0989794, 28.9010626], [78.0990258, 28.9010852], [78.0997094, 28.9017822], [78.1004845, 28.902985], [78.1014733, 28.9043968], [78.1025825, 28.9060984], [78.1031519, 28.907056], [78.1035484, 28.9077053], [78.1040835, 28.9085815], [78.1045027, 28.9092754], [78.1047006, 28.9100248], [78.1053398, 28.9107505], [78.1055848, 28.9111302], [78.1055864, 28.9117415], [78.1054787, 28.9122933], [78.1055553, 28.9130608], [78.1057888, 28.9136457], [78.106123, 28.9141012], [78.1066772, 28.914622], [78.1073002, 28.9150558], [78.1074939, 28.915272], [78.1078513, 28.9158982], [78.1081652, 28.9166914], [78.1085366, 28.9176486], [78.1085324, 28.9177149], [78.1083204, 28.9177454], [78.1081755, 28.9177437], [78.1080175, 28.9177303], [78.107794, 28.9176986], [78.1075511, 28.9176378], [78.1072039, 28.9175061], [78.1065669, 28.9173536], [78.1059068, 28.9172181], [78.105426, 28.917195], [78.1050507, 28.9171791], [78.1047602, 28.9172104], [78.1043698, 28.9173159], [78.1037278, 28.9175056], [78.1034569, 28.9175487], [78.1032329, 28.9175461], [78.1031144, 28.9175389], [78.1030483, 28.9175555], [78.1030344, 28.9176018], [78.1030331, 28.9176829], [78.1030382, 28.9179961], [78.1029732, 28.9183724], [78.1028248, 28.9185968], [78.102636, 28.9188787], [78.1025928, 28.9191102], [78.1026138, 28.9194584], [78.1029127, 28.9201753], [78.1031669, 28.9207815], [78.1031717, 28.9209734], [78.1028566, 28.921468], [78.1024393, 28.9220896], [78.1020609, 28.9226533], [78.1023656, 28.9229816], [78.1017147, 28.9250386], [78.1012705, 28.9265064], [78.1009634, 28.9276162], [78.1011255, 28.9277921], [78.1019372, 28.9281497], [78.1012755, 28.9291857], [78.1003054, 28.9305661], [78.0998867, 28.9312222], [78.0998173, 28.9314535], [78.0998395, 28.9317205], [78.0999793, 28.9320584], [78.0999654, 28.9321048], [78.0999259, 28.9321043], [78.0998468, 28.9321034], [78.0995582, 28.9320187], [78.0980873, 28.9312357], [78.0954558, 28.9300793], [78.0920311, 28.9286467], [78.0902244, 28.927848], [78.0898574, 28.9277161], [78.088983, 28.9280072], [78.088743, 28.9281899], [78.0882346, 28.928671], [78.0878785, 28.92869], [78.087289, 28.928451], [78.0858244, 28.9277027], [78.0855765, 28.9279665], [78.0837733, 28.9269475], [78.0820875, 28.9260726], [78.0803213, 28.9277181], [78.0786889, 28.9292494], [78.0774131, 28.9302033], [78.0764234, 28.9310355], [78.0753088, 28.9332641], [78.074261, 28.9355495], [78.0760112, 28.9372119], [78.0765783, 28.9372968], [78.0769283, 28.9376294], [78.0771812, 28.9381263], [78.0772438, 28.9386742], [78.0775889, 28.9393192], [78.0782777, 28.9395776], [78.0795135, 28.9400614], [78.0804977, 28.9407297], [78.0808399, 28.9415779], [78.0814757, 28.9419818], [78.08265, 28.9413978], [78.0832031, 28.9414301], [78.0833948, 28.9409625], [78.0839457, 28.9411314], [78.0845471, 28.9411728], [78.085084, 28.9409912], [78.0853704, 28.9413108], [78.0858788, 28.9404539], [78.0867927, 28.9406955], [78.0868961, 28.942175], [78.0872906, 28.9424103], [78.0877888, 28.9422197], [78.0887986, 28.9431717], [78.0896129, 28.9438905], [78.0902237, 28.9439576], [78.0902349, 28.9438552], [78.0904889, 28.9437643], [78.092062, 28.9450304], [78.0926931, 28.9447133], [78.0944205, 28.9454173], [78.0944408, 28.9454271], [78.0945775, 28.945843], [78.0948375, 28.9465129], [78.0950909, 28.9469625], [78.0958917, 28.9480391], [78.0963644, 28.9488044], [78.0965315, 28.9495197], [78.0966518, 28.950478], [78.0966325, 28.9513013], [78.0963736, 28.9518491], [78.0960436, 28.952315], [78.0954262, 28.9528121], [78.0950405, 28.9530279], [78.0936015, 28.9535907], [78.0925531, 28.9542509], [78.0921566, 28.9547449], [78.0917639, 28.9554187], [78.0913017, 28.9561149], [78.0905923, 28.9568082], [78.08962, 28.957446], [78.089459, 28.9576297], [78.0894502, 28.9577688], [78.0895113, 28.9582972], [78.0895328, 28.9594631], [78.0893619, 28.9600758], [78.0890276, 28.9612375], [78.0887785, 28.9617854], [78.0879282, 28.9634918], [78.0875531, 28.9643028], [78.0875494, 28.9643125], [78.0878726, 28.9645054], [78.0878435, 28.964679], [78.0876678, 28.9649553], [78.087379, 28.9657289], [78.0872153, 28.9660865], [78.086736, 28.9663939], [78.0862437, 28.966678], [78.0858614, 28.9666734], [78.0852265, 28.966805], [78.0848671, 28.9670326], [78.0845029, 28.9675618], [78.084101, 28.9679745], [78.0834, 28.9685461], [78.0825461, 28.9691969], [78.082449, 28.9692975], [78.082037, 28.9697243], [78.0813513, 28.9705743], [78.0803286, 28.9719075], [78.0796889, 28.9727696], [78.0790806, 28.9737366], [78.0785649, 28.9746814], [78.078048, 28.9757075], [78.0775521, 28.9766525], [78.0772087, 28.9775414], [78.0770207, 28.9786062], [78.0768593, 28.9796596], [78.0765559, 28.9809433], [78.0763726, 28.9825532], [78.0762241, 28.9836926], [78.0762238, 28.9836941], [78.0761761, 28.9843061], [78.0761498, 28.9846442], [78.0757522, 28.9864719], [78.0755666, 28.9870143], [78.0754616, 28.9880603], [78.075153, 28.9908769], [78.0751007, 28.9910915], [78.0745646, 28.9932925], [78.0742071, 28.9945698], [78.0735255, 28.9961522], [78.0730898, 28.9978504], [78.0731452, 28.9999914], [78.0740167, 29.0012005], [78.0747743, 29.0032735], [78.0755996, 29.0053298], [78.0762066, 29.0072544], [78.0762832, 29.0086339], [78.0757562, 29.0110187], [78.0750256, 29.0123239], [78.0740863, 29.0144453], [78.0738521, 29.0153256], [78.0739121, 29.016188], [78.0746188, 29.0180059], [78.0754046, 29.0194585], [78.0756557, 29.0206464], [78.0756386, 29.0217448], [78.0750387, 29.0225131], [78.0742432, 29.0232574], [78.0739453, 29.0235123], [78.0739389, 29.0239215], [78.074201, 29.0243986], [78.0747549, 29.0250084], [78.0753821, 29.0256406], [78.0755744, 29.0258799], [78.0756921, 29.0261829], [78.0756861, 29.0265705], [78.0753859, 29.0269761], [78.0744735, 29.0273529], [78.0732477, 29.0274028], [78.0716016, 29.0277062], [78.071255, 29.027939], [78.0711738, 29.0284334], [78.0713788, 29.0294268], [78.0715996, 29.0309803], [78.071235, 29.032376], [78.0708581, 29.0329747], [78.0708984, 29.0335352], [78.0707148, 29.0343085], [78.0707014, 29.03517], [78.07069, 29.0359022], [78.0706078, 29.0364612], [78.0703521, 29.0371475], [78.0703444, 29.0376428], [78.0699863, 29.0386079], [78.0699342, 29.0403735], [78.069955, 29.0421832], [78.0697651, 29.0433656], [78.0695047, 29.0443533], [78.0693808, 29.0460104], [78.0691422, 29.0471707], [78.0688574, 29.048158], [78.0684349, 29.0485407], [78.0674425, 29.0493257], [78.065988, 29.0498898], [78.0643183, 29.0501066], [78.0630417, 29.0502635], [78.0621805, 29.05049], [78.0619563, 29.0507243], [78.0609765, 29.0522633], [78.0594406, 29.0548941], [78.0585175, 29.0559384], [78.0577636, 29.0571355], [78.0567644, 29.0583511], [78.0559457, 29.0589874], [78.0552815, 29.0591517], [78.0545414, 29.0594658], [78.0539465, 29.0598894], [78.05359, 29.0607467], [78.0533498, 29.061993], [78.0531644, 29.0628739], [78.0523437, 29.0636393], [78.0517692, 29.0643216], [78.0513433, 29.0649195], [78.0512575, 29.0656939], [78.0509714, 29.0667458], [78.0503215, 29.0675565], [78.049599, 29.0683016], [78.0495623, 29.0690766], [78.0496015, 29.0697017], [78.0499104, 29.0703085], [78.0508784, 29.0710957], [78.052611, 29.0715691], [78.0543753, 29.0715905], [78.0559931, 29.071567], [78.0572159, 29.0717326], [78.058579, 29.0723307], [78.0586438, 29.0728913], [78.0587273, 29.0738185], [78.0590007, 29.0751358], [78.0593501, 29.076303], [78.0603393, 29.0773058], [78.0616224, 29.0783122], [78.0626879, 29.0791434], [78.0652665, 29.0803808], [78.0670711, 29.0809626], [78.0685599, 29.0813682], [78.0694827, 29.0819178], [78.0716475, 29.0829776], [78.0730848, 29.0823139], [78.0745113, 29.0816551], [78.0761397, 29.0809639], [78.0777656, 29.0802313], [78.0789386, 29.085273], [78.0805743, 29.0860827], [78.083172, 29.0876608], [78.084584, 29.0884018], [78.0862368, 29.0905283], [78.0877809, 29.0924229], [78.0894655, 29.0973476], [78.0903927, 29.0995937], [78.0922101, 29.1039963], [78.0935553, 29.1080061], [78.093607, 29.1081603], [78.091563, 29.1095185], [78.0895188, 29.1108766], [78.0886901, 29.1119372], [78.0879899, 29.1128333], [78.0871873, 29.1162799], [78.0871494, 29.1182583], [78.0870137, 29.1253354], [78.0869943, 29.1263496], [78.0868295, 29.1297378], [78.0860476, 29.131835], [78.0860252, 29.1332829], [78.0866199, 29.136022], [78.0882115, 29.1397273], [78.088415, 29.1411121], [78.0902193, 29.1456098], [78.090288, 29.1457192], [78.0919937, 29.1484353], [78.0924301, 29.1491301], [78.0930725, 29.1501529], [78.0956429, 29.1536064], [78.0980143, 29.1553789], [78.1003885, 29.1561862], [78.1009225, 29.1563678], [78.1027479, 29.1572118], [78.102895, 29.1572798], [78.1079992, 29.1568465], [78.1106524, 29.1573714], [78.1133469, 29.1576335], [78.1149478, 29.1583434], [78.1163553, 29.1594461], [78.1174859, 29.1614999], [78.1174958, 29.1615207], [78.1182849, 29.1631878], [78.1190238, 29.1638876], [78.1205384, 29.1653535], [78.1219385, 29.1669497], [78.1224726, 29.168799], [78.1225558, 29.1689521], [78.1238583, 29.1713495], [78.1236005, 29.175987], [78.1235221, 29.1811533], [78.1234533, 29.1815765], [78.1234396, 29.181646], [78.1221418, 29.1831776], [78.120648, 29.1852665], [78.1192961, 29.1878836], [78.1186383, 29.1892252], [78.1166652, 29.1907818], [78.1148873, 29.1918141], [78.1146836, 29.1922165], [78.1125682, 29.1963944], [78.1101928, 29.1997233], [78.1097953, 29.2011996], [78.1089854, 29.202671], [78.1078979, 29.2051265], [78.1078713, 29.2068704], [78.1085194, 29.2086223], [78.1094011, 29.2098174], [78.1103212, 29.2109471], [78.110719, 29.2119062], [78.109267, 29.2136992], [78.1080806, 29.2152648], [78.108068, 29.2160875], [78.1091002, 29.2172515], [78.1106051, 29.2193753], [78.110694, 29.2209232], [78.1109167, 29.2235256], [78.111221, 29.2257011], [78.1120142, 29.2277837], [78.1124451, 29.2290393], [78.1129126, 29.2327964], [78.1122374, 29.2352565], [78.1122838, 29.2371329], [78.1116581, 29.2388039], [78.1112681, 29.2397865], [78.1114015, 29.2408741], [78.1123619, 29.2418397], [78.1128851, 29.2421784], [78.1140704, 29.2429457], [78.1155507, 29.2442464], [78.115311, 29.2476661], [78.1153519, 29.2499043], [78.1146369, 29.2504398], [78.114332, 29.2514327], [78.1138849, 29.2522542], [78.1135633, 29.2527593], [78.1133256, 29.2540921], [78.1133417, 29.2542075], [78.1134562, 29.2550264], [78.1137876, 29.2562814], [78.1137235, 29.2562689], [78.1129517, 29.2561126], [78.1117549, 29.2558058], [78.1105314, 29.2557914], [78.1096416, 29.2557809], [78.1080009, 29.2554103], [78.1069123, 29.2552999], [78.106138, 29.2550175], [78.1040511, 29.2547197], [78.1024127, 29.254576], [78.1022515, 29.2545618], [78.1013067, 29.2543615], [78.1002356, 29.2539915], [78.0989255, 29.2538199], [78.0975731, 29.2535112], [78.0956892, 29.2530399], [78.0940056, 29.2525711], [78.0928763, 29.2522259], [78.0915939, 29.2517032], [78.0906702, 29.2510093], [78.0896179, 29.2500014], [78.0887374, 29.2489911], [78.0880711, 29.2479309], [78.087347, 29.2465979], [78.0855564, 29.2473386], [78.084078, 29.2479559], [78.0827665, 29.2484846], [78.0810058, 29.2486268], [78.0796823, 29.2485929], [78.0780902, 29.2485376], [78.0764925, 29.248845], [78.0748735, 29.2491885], [78.0734562, 29.2491987], [78.0733688, 29.2492034], [78.0719344, 29.2492803], [78.0705985, 29.2493731], [78.070307, 29.2494966], [78.0695717, 29.2500405], [78.0689731, 29.2503372], [78.067417, 29.2506515], [78.0669184, 29.250877], [78.0664362, 29.2511029], [78.0661454, 29.2507086], [78.0656005, 29.250731], [78.063753, 29.2517364], [78.0627577, 29.2520719], [78.0605702, 29.2526535], [78.058499, 29.2531931], [78.0566962, 29.2534463], [78.0542818, 29.2537645], [78.05256, 29.25412], [78.0516828, 29.2543225], [78.0508534, 29.2525784], [78.049945, 29.2525104], [78.0481567, 29.252894], [78.0458072, 29.2532853], [78.043687, 29.2537806], [78.042585, 29.2540636], [78.0408546, 29.254441], [78.0388463, 29.2551692], [78.0377348, 29.255532], [78.0369731, 29.2556964], [78.0356346, 29.2558103], [78.0346068, 29.2561017], [78.0336278, 29.2564372], [78.0325663, 29.2567716], [78.0312917, 29.257109], [78.0312073, 29.2571313], [78.0283445, 29.2576173], [78.0270855, 29.2579204], [78.0261905, 29.2581555], [78.0252822, 29.2582023], [78.0239738, 29.2584901], [78.0232295, 29.2585968], [78.0219818, 29.2589308], [78.0209444, 29.2590753], [78.0187334, 29.259048], [78.017792, 29.2590943], [78.0167185, 29.259139], [78.0158118, 29.2590844], [78.015419, 29.2588768], [78.0138366, 29.2577282], [78.0122042, 29.2566223], [78.0104887, 29.2555443], [78.0086898, 29.2545232], [78.0075198, 29.2544218], [78.0064118, 29.2545673], [78.0054998, 29.2548311], [78.0045889, 29.2550369], [78.0034341, 29.2550081], [78.0026629, 29.2547379], [78.0022882, 29.2544294], [78.0013548, 29.2539834], [78.0007662, 29.2536432], [77.999718, 29.2531524], [77.9987335, 29.2528072], [77.9986784, 29.252788], [77.9984434, 29.2529371], [77.9979031, 29.253019], [77.9970373, 29.2530968], [77.9962724, 29.2531858], [77.9953438, 29.253327], [77.9954364, 29.2538502], [77.992678, 29.2550079], [77.9928163, 29.2551328], [77.9905337, 29.2560597], [77.9901093, 29.2553628], [77.9901253, 29.2550626], [77.9895082, 29.2541714], [77.989966, 29.2538151], [77.9883662, 29.2515509], [77.987247, 29.2499407], [77.9878785, 29.249889], [77.9882555, 29.2498386], [77.9887375, 29.2497033], [77.9887547, 29.249589], [77.9887037, 29.2494202], [77.9882413, 29.2486203], [77.9878976, 29.2480642], [77.9873906, 29.2471695], [77.9871527, 29.2467089], [77.9875986, 29.2466404], [77.987503, 29.2463903], [77.9872577, 29.2459162], [77.9869209, 29.2454072], [77.9867472, 29.2452436], [77.9864584, 29.2450852], [77.9863323, 29.2448211], [77.9860788, 29.2443738], [77.9858347, 29.2438256], [77.9856803, 29.2434199], [77.9857622, 29.2430979], [77.9856963, 29.2429019], [77.9854945, 29.2425831], [77.9850393, 29.2418103], [77.9845221, 29.2410769], [77.98414, 29.240527], [77.9842185, 29.2404136], [77.9845052, 29.2402354], [77.9842972, 29.2398223], [77.9840137, 29.239341], [77.9835207, 29.2385406], [77.9829725, 29.2378204], [77.982331, 29.2381287], [77.9815429, 29.2384889], [77.9811624, 29.2387869], [77.9811273, 29.2390558], [77.9799066, 29.2396125], [77.9787549, 29.2401633], [77.9778505, 29.2406095], [77.97661, 29.2409573], [77.9761325, 29.2410925], [77.9753533, 29.2409078], [77.974931, 29.2409361], [77.9743372, 29.2411373], [77.9735262, 29.2414904], [77.9727777, 29.2417704], [77.9724228, 29.2419072], [77.9716643, 29.2423216], [77.970844, 29.2427755], [77.9702493, 29.2430306], [77.9700991, 29.2433046], [77.9698697, 29.2437323], [77.9696496, 29.2440592], [77.9687381, 29.2435295], [77.9683676, 29.2432085], [77.9676141, 29.2423915], [77.9670647, 29.2417587], [77.9671507, 29.2416588], [77.9670456, 29.2415229], [77.9667518, 29.2412029], [77.9664883, 29.2413745], [77.9660732, 29.2409587], [77.965516, 29.2403326], [77.9656042, 29.2400982], [77.9655367, 29.2400099], [77.9653251, 29.2398188], [77.9646117, 29.2393656], [77.9639451, 29.2388658], [77.9633115, 29.2391539], [77.9624523, 29.2382412], [77.9617741, 29.2375125], [77.9614254, 29.2372725], [77.961007, 29.2375364], [77.9599756, 29.2382299], [77.9591698, 29.2387312], [77.9588325, 29.2382625], [77.9579343, 29.236932], [77.9576494, 29.2365382], [77.9573762, 29.2363597], [77.9572101, 29.2362028], [77.9571058, 29.2360197], [77.9571312, 29.235872], [77.9572109, 29.2356913], [77.9571679, 29.235509], [77.9569642, 29.2353113], [77.9565967, 29.2348153], [77.9560943, 29.2341225], [77.9556888, 29.2335992], [77.9554621, 29.2334011], [77.9553164, 29.233406], [77.9548931, 29.2334948], [77.9538279, 29.2339187], [77.9526606, 29.2344759], [77.9511444, 29.2352776], [77.9499511, 29.2360228], [77.9484717, 29.2369058], [77.9469216, 29.2378954], [77.9467987, 29.2379073], [77.9466418, 29.2376495], [77.9465428, 29.2376079], [77.9462812, 29.2376651], [77.9459495, 29.2377752], [77.9456944, 29.2378999], [77.9454949, 29.2379107], [77.9453594, 29.237761], [77.9452542, 29.237625], [77.9450392, 29.2376425], [77.9446928, 29.2377255], [77.9445566, 29.2376093], [77.9444086, 29.2372844], [77.9442664, 29.2370807], [77.9441436, 29.2370792], [77.9439355, 29.2371506], [77.9435962, 29.2372606], [77.9432043, 29.2373094], [77.9428123, 29.237365], [77.9424509, 29.2374209], [77.9421356, 29.2374775], [77.9417914, 29.2374259], [77.9415116, 29.2371868], [77.9411397, 29.2369667], [77.9407926, 29.2370833], [77.9404451, 29.2372337], [77.9403301, 29.2372322], [77.9401883, 29.2369948], [77.940129, 29.2368729], [77.9390575, 29.2372024], [77.9386708, 29.2373993], [77.9384015, 29.2374564], [77.9382567, 29.2374008], [77.9381135, 29.2372509], [77.9377675, 29.2368426], [77.9372225, 29.2359608], [77.9366018, 29.2350173], [77.9363077, 29.2351751], [77.9356009, 29.2357111], [77.9352546, 29.2348722], [77.9348908, 29.2341608], [77.9346123, 29.2333901], [77.9343946, 29.2331046], [77.9340434, 29.2330194], [77.9337208, 29.2330488], [77.9332645, 29.2332785], [77.9327938, 29.2334541], [77.9322375, 29.2337027], [77.9317282, 29.2338913], [77.9313756, 29.2334292], [77.9308746, 29.232669], [77.9303501, 29.2319354], [77.930084, 29.2317974], [77.9297535, 29.2318469], [77.9293219, 29.2319693], [77.9291047, 29.2321213], [77.9289331, 29.2322941], [77.9286902, 29.2326072], [77.9284188, 29.2327854], [77.9282422, 29.2327966], [77.9280153, 29.2326119], [77.9275773, 29.2322092], [77.9258302, 29.2303091], [77.9249126, 29.2292407], [77.92422, 29.2284713], [77.9243293, 29.2283582], [77.9238548, 29.2278474], [77.9233601, 29.2271611], [77.9232957, 29.2268912], [77.9232693, 29.2266351], [77.9234403, 29.2264959], [77.9232026, 29.226042], [77.9235291, 29.225777], [77.9233573, 29.2255055], [77.9230649, 29.2251115], [77.9230939, 29.2251081], [77.9233491, 29.2250814], [77.9233205, 29.2249532], [77.9231047, 29.2245669], [77.9229343, 29.2242079], [77.9225917, 29.2236112], [77.9223596, 29.2232785], [77.9220258, 29.2226079], [77.9218999, 29.2223438], [77.9219861, 29.2222305], [77.9219349, 29.2220886], [77.9218073, 29.2219254], [77.9219313, 29.2218462], [77.9218799, 29.2217042], [77.9218444, 29.2215355], [77.9219172, 29.2213144], [77.9218659, 29.2211723], [77.9216234, 29.2210009], [77.9216097, 29.2209066], [77.9218672, 29.2206407], [77.9218837, 29.2205736], [77.9216872, 29.2204028], [77.9216508, 29.2202879], [77.9218775, 29.2200284], [77.921667, 29.2197834], [77.9214941, 29.2195726], [77.9213995, 29.2192685], [77.9210402, 29.2183014], [77.9208426, 29.2177403], [77.9207861, 29.2174502], [77.9209567, 29.2173312], [77.9212352, 29.2171868], [77.920997, 29.2167597], [77.9206698, 29.2161565], [77.9204677, 29.2158645], [77.9201782, 29.215753], [77.9196701, 29.2149658], [77.9193186, 29.2144363], [77.9190162, 29.2141833], [77.9188374, 29.2143291], [77.918589, 29.2145143], [77.9182478, 29.2147387], [77.9179763, 29.2149303], [77.9174346, 29.2152262], [77.9168544, 29.215535], [77.9164902, 29.2157591], [77.9160159, 29.21615], [77.9155352, 29.2164736], [77.9151506, 29.2165425], [77.9145926, 29.2164411], [77.9142957, 29.2163161], [77.9139041, 29.2158938], [77.9134776, 29.2161776], [77.9131211, 29.2164018], [77.9129517, 29.2164467], [77.9127925, 29.216337], [77.9125003, 29.2159429], [77.9120042, 29.215351], [77.9118895, 29.215336], [77.9116252, 29.2155547], [77.9111676, 29.2158583], [77.9107196, 29.2160543], [77.9102252, 29.21627], [77.9100022, 29.2163142], [77.9098653, 29.2162452], [77.9096071, 29.2161004], [77.9094762, 29.2161325], [77.9092823, 29.2162645], [77.9089249, 29.2165425], [77.9087393, 29.2166343], [77.9084644, 29.2165701], [77.9081561, 29.2166671], [77.9078862, 29.2167578], [77.9076476, 29.2168086], [77.907437, 29.2165702], [77.9066014, 29.217017], [77.9057102, 29.2175774], [77.9043132, 29.2181178], [77.9034607, 29.2186519], [77.9025259, 29.2190637], [77.9024121, 29.2189781], [77.9021863, 29.2187429], [77.901902, 29.2183287], [77.9013002, 29.2176478], [77.9005982, 29.2169992], [77.900055, 29.2164739], [77.8997356, 29.2158708], [77.8996326, 29.2156137], [77.8990182, 29.2147779], [77.8983645, 29.2139887], [77.8977902, 29.2134966], [77.8970654, 29.2128343], [77.8967725, 29.2124737], [77.8959346, 29.2117022], [77.8952861, 29.2110611], [77.8951411, 29.2110255], [77.8948951, 29.2110627], [77.8946388, 29.2108036], [77.8942565, 29.2102938], [77.8939625, 29.2100006], [77.8932745, 29.2103348], [77.8926773, 29.2107375], [77.8921795, 29.2111482], [77.8917665, 29.2115399], [77.89115, 29.2121779], [77.8902547, 29.2129738], [77.889629, 29.2132482], [77.8896371, 29.2150183], [77.8895526, 29.2150308], [77.8891391, 29.2149984], [77.8885328, 29.2150375], [77.8882627, 29.215135], [77.8875424, 29.2155562], [77.88655, 29.2162027], [77.8858674, 29.2166648], [77.8853319, 29.2170414], [77.884749, 29.2174981], [77.8840807, 29.218021], [77.8835433, 29.2185051], [77.8833191, 29.2186166], [77.8829703, 29.2183899], [77.882366, 29.2187521], [77.8817837, 29.2182801], [77.8813723, 29.2185775], [77.8804811, 29.2191243], [77.8802028, 29.218811], [77.8800492, 29.2188225], [77.8796224, 29.2191197], [77.8792587, 29.2193168], [77.8789515, 29.2189022], [77.8788218, 29.2188534], [77.8767448, 29.2196941], [77.8763921, 29.2192453], [77.8759633, 29.2187752], [77.8749719, 29.2193477], [77.8745761, 29.219625], [77.8739069, 29.2199046], [77.8735895, 29.2200428], [77.8728875, 29.2203435], [77.872378, 29.2205545], [77.8726726, 29.2211868], [77.8730231, 29.2218952], [77.8728594, 29.2219852], [77.8725794, 29.2221658], [77.8725095, 29.2223408], [77.8724795, 29.2224243], [77.8722736, 29.2227399], [77.8721184, 29.2228802], [77.8719637, 29.2229955], [77.8715603, 29.2231493], [77.8710401, 29.223419], [77.8704717, 29.2237213], [77.8699821, 29.2238825], [77.8694442, 29.2240764], [77.8692037, 29.2241821], [77.8688089, 29.2243864], [77.8681262, 29.2246788], [77.8676248, 29.2249737], [77.8668262, 29.2253318], [77.866335, 29.225585], [77.8661144, 29.2256491], [77.865895, 29.2256378], [77.8656193, 29.2255755], [77.8653231, 29.2255883], [77.8651206, 29.2257113], [77.8645234, 29.2260217], [77.8642044, 29.2262521], [77.8636639, 29.2265968], [77.8631728, 29.2268416], [77.8627014, 29.2270531], [77.8622012, 29.2272896], [77.8615286, 29.2275403], [77.8609241, 29.227725], [77.8606079, 29.2277878], [77.8593204, 29.2282733], [77.8591059, 29.2279772], [77.8582632, 29.2270362], [77.8574968, 29.2260876], [77.8565911, 29.2249277], [77.8559645, 29.2241736], [77.8556572, 29.2237338], [77.8553223, 29.2232267], [77.8550726, 29.2227626], [77.8550113, 29.2224433], [77.8549092, 29.2217299], [77.8547523, 29.2214177], [77.854379, 29.2209268], [77.8541678, 29.2204465], [77.8540525, 29.2199422], [77.8538972, 29.2195379], [77.8536881, 29.2189403], [77.8534498, 29.2183842], [77.8533495, 29.2181147], [77.8530661, 29.2173987], [77.8529875, 29.2169704], [77.8530173, 29.2163592], [77.8529395, 29.215889], [77.8528689, 29.2155529], [77.8527771, 29.2153506], [77.8527134, 29.2151654], [77.8524401, 29.2144161], [77.8520852, 29.2145202], [77.8512665, 29.214945], [77.8510824, 29.2145488], [77.8506207, 29.2136628], [77.8504138, 29.2134926], [77.8498753, 29.2126223], [77.8495087, 29.2117461], [77.8489741, 29.2106581], [77.8485211, 29.2098142], [77.8483169, 29.2094762], [77.8475913, 29.2078494], [77.8477348, 29.2078263], [77.8476334, 29.2076238], [77.8469595, 29.2063161], [77.846648, 29.2055663], [77.8464254, 29.205203], [77.8454607, 29.2035981], [77.8455218, 29.2033811], [77.8451127, 29.2027556], [77.8445921, 29.2030586], [77.8441685, 29.2032624], [77.8433881, 29.2036876], [77.8428492, 29.2039402], [77.8421657, 29.2042745], [77.8416246, 29.2035634], [77.8413824, 29.203225], [77.8413871, 29.2029569], [77.8410902, 29.2024838], [77.8403813, 29.2015442], [77.8399139, 29.2009849], [77.8396735, 29.2010907], [77.8394521, 29.2011965], [77.8393115, 29.2010438], [77.8391062, 29.2007813], [77.8386063, 29.2009925], [77.8379879, 29.2003306], [77.8376046, 29.1998731], [77.837462, 29.1998459], [77.8371164, 29.1999586], [77.8364043, 29.2002925], [77.8361328, 29.2005403], [77.8358445, 29.2006537], [77.8350814, 29.2011712], [77.8344906, 29.2016661], [77.8337887, 29.2019666], [77.8328652, 29.2023814], [77.8326645, 29.2023955], [77.8323885, 29.2023499], [77.8319854, 29.2024785], [77.8318554, 29.2022757], [77.8317137, 29.2021899], [77.8314473, 29.2021445], [77.8312957, 29.2020838], [77.8311839, 29.2019231], [77.8310698, 29.2019048], [77.8305784, 29.2021663], [77.8303481, 29.2022386], [77.8302067, 29.202136], [77.830036, 29.2020751], [77.829835, 29.2021059], [77.8294905, 29.2021599], [77.8292537, 29.2020562], [77.8290359, 29.201961], [77.8289331, 29.2018423], [77.8287933, 29.2016477], [77.8285944, 29.2015613], [77.8283474, 29.201491], [77.8280639, 29.2013363], [77.8278162, 29.2013078], [77.8275329, 29.2011364], [77.8272969, 29.2009908], [77.8270673, 29.2010211], [77.8265409, 29.2011062], [77.8263533, 29.2009194], [77.8261648, 29.2007827], [77.8255123, 29.2009834], [77.8245544, 29.2011883], [77.8238275, 29.2012957], [77.8236161, 29.200832], [77.8227325, 29.2011552], [77.821694, 29.2015936], [77.8215917, 29.2014414], [77.8211122, 29.2015689], [77.8206686, 29.201831], [77.8203588, 29.2015419], [77.8197904, 29.2018358], [77.8191158, 29.2022121], [77.8188644, 29.2018568], [77.8183866, 29.2013475], [77.8179002, 29.200788], [77.8175925, 29.2009179], [77.8173035, 29.2010731], [77.817126, 29.2008695], [77.8167604, 29.2004959], [77.8165881, 29.2005271], [77.8159156, 29.2007777], [77.8147191, 29.1993538], [77.8139978, 29.1985899], [77.8136117, 29.198836], [77.8131295, 29.1991227], [77.8126594, 29.1992588], [77.8121596, 29.1994614], [77.811149, 29.199942], [77.8102336, 29.2004574], [77.8097041, 29.2007099], [77.8090484, 29.2010863], [77.8087416, 29.2011659], [77.8080107, 29.2014827], [77.8071735, 29.2018735], [77.8068161, 29.2021116], [77.8059354, 29.2028033], [77.8054461, 29.2024029], [77.8046965, 29.2016219], [77.8042865, 29.2010632], [77.8040902, 29.2008426], [77.8035232, 29.1999885], [77.8028977, 29.1992008], [77.8026564, 29.1988204], [77.8021192, 29.1978998], [77.8016969, 29.196964], [77.8014594, 29.1963659], [77.8013673, 29.196172], [77.8012214, 29.195793], [77.8014907, 29.1956709], [77.8007394, 29.1939179], [77.7997536, 29.191927], [77.7994414, 29.1912441], [77.7987597, 29.189869], [77.7989722, 29.1897211], [77.7992805, 29.1895577], [77.7992455, 29.1893813], [77.7984974, 29.1879802], [77.7980168, 29.1881831], [77.797805, 29.1882807], [77.7977489, 29.1882463], [77.7969603, 29.1869787], [77.7962345, 29.1859381], [77.7956511, 29.1849414], [77.7952155, 29.1852873], [77.7942775, 29.1859783], [77.7935398, 29.18508], [77.7925455, 29.1857283], [77.7916961, 29.1862697], [77.7916112, 29.1862098], [77.7907551, 29.1865919], [77.7898594, 29.1870487], [77.7889444, 29.1875221], [77.7883663, 29.1878325], [77.7880117, 29.1873836], [77.7878875, 29.1873824], [77.7874114, 29.1873585], [77.7870677, 29.1873622], [77.7866943, 29.1874325], [77.786168, 29.1875173], [77.7858908, 29.1875387], [77.7855758, 29.1875427], [77.7852202, 29.1876802], [77.7846057, 29.1878897], [77.7840862, 29.1881254], [77.7830972, 29.1884637], [77.782628, 29.1885578], [77.7825455, 29.1883723], [77.7819922, 29.1883563], [77.7813991, 29.1884319], [77.7813831, 29.1885185], [77.7813464, 29.188716], [77.7812602, 29.1887316], [77.7810123, 29.1887198], [77.7807862, 29.1885575], [77.7803541, 29.1881744], [77.7796308, 29.1875445], [77.7789734, 29.1869572], [77.7779691, 29.1860217], [77.777171, 29.1852984], [77.7769162, 29.1851356], [77.7766937, 29.1853085], [77.7765469, 29.1855076], [77.776394, 29.1855222], [77.7759856, 29.185416], [77.7757275, 29.1854376], [77.7755255, 29.1855269], [77.7750617, 29.1858473], [77.7746834, 29.1861857], [77.7744216, 29.1864166], [77.7740062, 29.186704], [77.7737154, 29.1869514], [77.7735209, 29.1871582], [77.7732486, 29.1874392], [77.7728814, 29.1876939], [77.7724931, 29.1880657], [77.77264, 29.1883861], [77.7729768, 29.1887594], [77.7735262, 29.1895212], [77.7736451, 29.1898076], [77.7735615, 29.1902087], [77.7735833, 29.190586], [77.7736368, 29.1907963], [77.7737097, 29.19099], [77.7739611, 29.191337], [77.7741006, 29.1915401], [77.7742007, 29.1918095], [77.774328, 29.1921633], [77.7744292, 29.1923741], [77.7745872, 29.1926109], [77.7748952, 29.1929922], [77.7752389, 29.1935164], [77.7754518, 29.193888], [77.7755952, 29.1944012], [77.775748, 29.1949228], [77.7758947, 29.1952683], [77.7761245, 29.1957575], [77.7761413, 29.1958834], [77.7760987, 29.1961258], [77.7761263, 29.1961849], [77.7762762, 29.1963461], [77.776368, 29.1965401], [77.7764215, 29.1967587], [77.7765124, 29.1970029], [77.7766865, 29.1974075], [77.7768242, 29.197711], [77.7770718, 29.1982675], [77.7769372, 29.1983243], [77.7769603, 29.1984059], [77.7770539, 29.1987364], [77.7772459, 29.1992083], [77.7776548, 29.1998172], [77.777653, 29.1999177], [77.777267, 29.2001553], [77.7758853, 29.2010998], [77.7744, 29.2019674], [77.7730766, 29.2028456], [77.7723903, 29.2033304], [77.771312, 29.2038433], [77.7700983, 29.2044632], [77.7695772, 29.2047828], [77.7694115, 29.2049732], [77.7693472, 29.2048382], [77.7690948, 29.2050693], [77.7692074, 29.2051798], [77.7689545, 29.2054444], [77.7687133, 29.2055835], [77.7684627, 29.2057225], [77.768078, 29.2058846], [77.7674058, 29.2061269], [77.7670889, 29.2062313], [77.7663523, 29.2063216], [77.7657201, 29.2064553], [77.7649256, 29.2065782], [77.7643992, 29.2066631], [77.7641493, 29.2067602], [77.7639949, 29.2068502], [77.7639255, 29.2069916], [77.7639595, 29.2072267], [77.7638339, 29.2073088], [77.7635549, 29.2074306], [77.763421, 29.2074455], [77.7630823, 29.2071726], [77.7629113, 29.2071367], [77.7626716, 29.207192], [77.7625197, 29.207148], [77.7622652, 29.2069685], [77.7619471, 29.2071485], [77.761398, 29.2074256], [77.7608591, 29.2076695], [77.7604353, 29.2078814], [77.7600014, 29.2081267], [77.759586, 29.2083974], [77.7588811, 29.2088653], [77.7582337, 29.2093002], [77.7575389, 29.2097179], [77.7566331, 29.2101912], [77.7565129, 29.2102928], [77.7565804, 29.2104669], [77.7569596, 29.2106063], [77.7573508, 29.2106202], [77.7576072, 29.2106907], [77.7578049, 29.2108443], [77.7577175, 29.2109185], [77.7574861, 29.2110494], [77.7568127, 29.2113416], [77.7558667, 29.2119233], [77.7553939, 29.2122099], [77.7555227, 29.2124714], [77.7554363, 29.2124953], [77.7554145, 29.2126542], [77.7542601, 29.212877], [77.7540623, 29.2132595], [77.7534088, 29.2135018], [77.7517932, 29.2141662], [77.7501784, 29.2147804], [77.7486496, 29.2158665], [77.7477572, 29.2165458], [77.7465994, 29.2174271], [77.7417203, 29.2212388], [77.7372636, 29.2175606], [77.7343341, 29.2190939], [77.7324774, 29.2198914], [77.7316049, 29.2199873], [77.7309676, 29.2199718], [77.7302966, 29.2195543], [77.7294482, 29.2188936], [77.728591, 29.218512], [77.7281322, 29.2185414], [77.727617, 29.2188894], [77.7256731, 29.2209693], [77.7235737, 29.2222791], [77.72274, 29.2227026], [77.7219056, 29.2231262], [77.7206515, 29.2237355], [77.7203866, 29.2234901], [77.7193226, 29.2237841], [77.7192546, 29.224463], [77.7134806, 29.2261288], [77.7110313, 29.2271098], [77.7099234, 29.227326], [77.7093271, 29.2274691], [77.7089672, 29.2273025], [77.7086809, 29.2267636], [77.7079945, 29.2260256], [77.7073235, 29.2257747], [77.7063313, 29.2267149], [77.70418, 29.2252963], [77.703743, 29.2246455], [77.7025581, 29.2245352], [77.7020222, 29.2240804], [77.6990998, 29.225374], [77.6984533, 29.2256375], [77.6978055, 29.2257838], [77.697307, 29.2256093], [77.6960975, 29.2262645], [77.6954358, 29.2255631], [77.6950669, 29.2256757], [77.6948446, 29.2253908], [77.6940542, 29.225813], [77.6934775, 29.226479], [77.6933435, 29.2266337], [77.6925478, 29.227218], [77.6904065, 29.2285308], [77.6891368, 29.2281794], [77.6877397, 29.2289065], [77.6862947, 29.229682], [77.6849935, 29.2296679], [77.6856046, 29.231301], [77.6864409, 29.2337691], [77.6862453, 29.2355265], [77.686808, 29.2380238], [77.6867933, 29.238036], [77.6856818, 29.2389605], [77.6850766, 29.2390757], [77.6847603, 29.2391359], [77.6845946, 29.2393676], [77.6843454, 29.2397161], [77.683715, 29.2402729], [77.683119, 29.240474], [77.6824458, 29.2407012], [77.6801466, 29.2419468], [77.6803601, 29.2425064], [77.6799802, 29.2427989], [77.6802312, 29.2433144], [77.679726, 29.243658], [77.6799764, 29.2446692], [77.6795598, 29.2449834], [77.679705, 29.2454242], [77.679015, 29.2459164], [77.6785066, 29.2458858], [77.6769856, 29.2469342], [77.6761751, 29.247491], [77.6760571, 29.2477991], [77.6761586, 29.2479999], [77.6765953, 29.248182], [77.6767179, 29.2483244], [77.6769524, 29.2485965], [77.6771132, 29.2490332], [77.6759547, 29.2502412], [77.6753566, 29.2508573], [77.6748292, 29.2517316], [77.6750017, 29.2519105], [77.6740292, 29.252915], [77.6727618, 29.252147], [77.672237, 29.2524334], [77.6714368, 29.251775], [77.6700691, 29.252886], [77.6697697, 29.2527715], [77.6686375, 29.2537252], [77.6689394, 29.2541558], [77.6683784, 29.2545813], [77.6673428, 29.2552803], [77.6651124, 29.2533953], [77.6642699, 29.2536403], [77.6639147, 29.2533705], [77.6624117, 29.2545375], [77.6602652, 29.255868], [77.65989, 29.2559306], [77.6597369, 29.2559562], [77.6597329, 29.2559512], [77.6594607, 29.2556116], [77.6583889, 29.2542584], [77.6575361, 29.2532759], [77.6566553, 29.2524546], [77.6554984, 29.2524892], [77.6551126, 29.2520719], [77.6543695, 29.2511951], [77.65358, 29.2500474], [77.6531352, 29.2486612], [77.6525521, 29.2488675], [77.651258, 29.2472081], [77.6500777, 29.2452181], [77.6493998, 29.2443853], [77.6488189, 29.243262], [77.6489967, 29.2428609], [77.6495892, 29.2422087], [77.6503415, 29.2417002], [77.6492476, 29.240217], [77.6492833, 29.239907], [77.6481719, 29.2380178], [77.6477633, 29.237291], [77.6468633, 29.2357], [77.6464997, 29.2345461], [77.6461504, 29.2336459], [77.6457018, 29.232507], [77.6448464, 29.2306557], [77.6449607, 29.2304648], [77.6461922, 29.2300901], [77.6459241, 29.2294794], [77.6452179, 29.2281006], [77.6450421, 29.227339], [77.6446247, 29.2265714], [77.6443179, 29.2260409], [77.6432397, 29.2261311], [77.641765, 29.226387], [77.641445, 29.2261041], [77.6399281, 29.226395], [77.6379123, 29.226367], [77.6373332, 29.2258251], [77.6359786, 29.2258723], [77.6326488, 29.227321], [77.6323042, 29.2270013], [77.6315143, 29.2274205], [77.6309744, 29.227707], [77.63057, 29.2273273], [77.6301977, 29.2264436], [77.6293234, 29.2267506], [77.6289943, 29.226589], [77.6275976, 29.2272885], [77.6265207, 29.2278068], [77.6263282, 29.2281894], [77.6251706, 29.2289716], [77.6246787, 29.2298516], [77.6243663, 29.2302764], [77.6248624, 29.2322448], [77.6246078, 29.2340457], [77.6240912, 29.234267], [77.6230628, 29.2358141], [77.6228842, 29.2363954], [77.6230592, 29.2370218], [77.6216915, 29.2388712], [77.6203722, 29.2419071], [77.6197033, 29.2434676], [77.6193033, 29.2454585], [77.6198007, 29.2486395], [77.6200068, 29.2493062], [77.6202008, 29.2499341], [77.6196165, 29.2503863], [77.617958, 29.2513143], [77.6163094, 29.2520061], [77.6138253, 29.2535017], [77.61255, 29.2540434], [77.6119512, 29.2542418], [77.6118957, 29.2547049], [77.6113638, 29.2552178], [77.6109557, 29.2556304], [77.6109908, 29.2559716], [77.6105453, 29.2563208], [77.6093962, 29.2567861], [77.609172, 29.2565142], [77.6087079, 29.2566173], [77.6081426, 29.2569397], [77.6079883, 29.2570587], [77.6076425, 29.2571603], [77.6069382, 29.2573369], [77.6064758, 29.257289], [77.6060317, 29.257119], [77.6055416, 29.2571698], [77.605332, 29.2570718], [77.605197, 29.2568954], [77.6050041, 29.2565606], [77.604778, 29.2563673], [77.6045583, 29.2563726], [77.6041615, 29.2564946], [77.6036175, 29.2564894], [77.6034836, 29.2563913], [77.6032765, 29.2561844], [77.6030364, 29.2561249], [77.6026679, 29.2561541], [77.6021418, 29.2561898], [77.6019476, 29.2560724], [77.6017086, 29.2560914], [77.6013158, 29.2563517], [77.600972, 29.256554], [77.6007407, 29.2565784], [77.6004409, 29.2565417], [77.6003001, 29.2567098], [77.6000176, 29.2569072], [77.5998158, 29.2569171], [77.5996235, 29.2568539], [77.5993424, 29.2567976], [77.599039, 29.2569908], [77.5987473, 29.2571646], [77.5984953, 29.2573234], [77.5982622, 29.2572634], [77.5980823, 29.2571208], [77.5979038, 29.2568572], [77.5977228, 29.256769], [77.5974742, 29.2569275], [77.5968659, 29.2574343], [77.5960907, 29.2579906], [77.5958127, 29.2582299], [77.5955453, 29.258488], [77.5952338, 29.2587886], [77.5952382, 29.2588037], [77.5953712, 29.2592546], [77.5952364, 29.2594825], [77.5943737, 29.2600578], [77.593112, 29.2611353], [77.5920059, 29.2620196], [77.5907459, 29.2630486], [77.5898267, 29.2636766], [77.5886229, 29.2644478], [77.5874757, 29.2652023], [77.5864972, 29.2658229], [77.5853885, 29.2664838], [77.58538, 29.2664696], [77.5849372, 29.2657409], [77.5846244, 29.2651741], [77.5841359, 29.264404], [77.5840183, 29.2639969], [77.583868, 29.2634716], [77.5837051, 29.2625912], [77.5836734, 29.2621471], [77.5834164, 29.2611534], [77.5831551, 29.2606852], [77.5827332, 29.2595597], [77.5824519, 29.2590992], [77.5818827, 29.2578103], [77.5814803, 29.2570756], [77.5811754, 29.2568522], [77.5809136, 29.2567823], [77.5799745, 29.2566815], [77.5792291, 29.2563903], [77.578319, 29.2561364], [77.5775376, 29.2559626], [77.5767358, 29.255525], [77.5756159, 29.2547685], [77.5749332, 29.2542852], [77.5735876, 29.2534741], [77.5727978, 29.2530174], [77.571599, 29.25243], [77.5710923, 29.2517156], [77.5706656, 29.2500759], [77.5704161, 29.2486094], [77.5697012, 29.2470543], [77.5689538, 29.2463231], [77.5668413, 29.2456334], [77.5653538, 29.2453339], [77.5646502, 29.2446759], [77.5638756, 29.2436825], [77.5633691, 29.2422093], [77.563519, 29.2408071], [77.5640294, 29.2395447], [77.5648114, 29.2384697], [77.5651307, 29.2372295], [77.5656072, 29.2363674], [77.5652245, 29.2351949], [77.564815, 29.2345128], [77.5610275, 29.2328382], [77.5577938, 29.2310697], [77.5563646, 29.23042], [77.5549669, 29.2295999], [77.5546165, 29.2288473], [77.5542009, 29.2278947], [77.5538762, 29.2271427], [77.5531807, 29.2262505], [77.551842, 29.2252065], [77.5507448, 29.2244798], [77.5498064, 29.2242347], [77.548909, 29.2241485], [77.5480513, 29.2244104], [77.547303, 29.2252428], [77.5463938, 29.226274], [77.5459422, 29.2270059], [77.5452351, 29.2273798], [77.5445452, 29.2273935], [77.5438828, 29.2270475], [77.5434333, 29.2263374], [77.5427439, 29.225265], [77.5423981, 29.2243817], [77.5427505, 29.2235391], [77.5435005, 29.2228103], [77.5441451, 29.2221509], [77.5452172, 29.2214801], [77.5458927, 29.2206682], [77.5462606, 29.2201279], [77.5461747, 29.2196254], [77.5458289, 29.2187377], [77.5453471, 29.2182251], [77.5444073, 29.218025], [77.5434072, 29.2180849], [77.5423755, 29.2183196], [77.5416074, 29.2182141], [77.5408445, 29.2178024], [77.5400728, 29.2170343], [77.5391734, 29.2163982], [77.5385081, 29.2161421], [77.5374904, 29.2159626], [77.5356235, 29.2164056], [77.5348635, 29.2168231], [77.5339426, 29.2174347], [77.5324094, 29.2174401], [77.5311457, 29.21647], [77.5297456, 29.2151223], [77.5283292, 29.2142564], [77.5270049, 29.2129512], [77.5267523, 29.2122056], [77.5264015, 29.2108625], [77.5270912, 29.2088703], [77.5276737, 29.2077678], [77.5277171, 29.2072417], [77.5273816, 29.2068183], [77.5267686, 29.206541], [77.5260293, 29.2063462], [77.5249654, 29.2061653], [77.5234977, 29.2060641], [77.5220514, 29.2060897], [77.5208288, 29.2061932], [77.5197959, 29.2064683], [77.5190183, 29.2066464], [77.5180674, 29.2067749], [77.5173684, 29.2067568], [77.5165308, 29.2065817], [77.5160087, 29.2065051], [77.5152416, 29.2063725], [77.5145772, 29.2060938], [77.5135897, 29.2057842], [77.5122663, 29.2050692], [77.5099572, 29.2026252], [77.5080614, 29.2004351], [77.5069262, 29.1987245], [77.5064336, 29.1962647], [77.5056782, 29.1936672], [77.5047398, 29.1919166], [77.5045062, 29.1913311], [77.5044247, 29.1909564], [77.5039886, 29.1891416], [77.5034065, 29.1871189], [77.5025777, 29.1859553], [77.5015125, 29.1851332], [77.5006982, 29.1850437], [77.4987636, 29.184831], [77.4946415, 29.1851543], [77.4931996, 29.1855091], [77.4919891, 29.1858118], [77.4912464, 29.185943], [77.490591, 29.1860176], [77.4898971, 29.1862841], [77.4889978, 29.1868235], [77.4883015, 29.1872884], [77.4877363, 29.187778], [77.487397, 29.1880556], [77.4869319, 29.188252], [77.4863382, 29.1884012], [77.4857677, 29.1886607], [77.484303, 29.189383], [77.4837942, 29.1897644], [77.4833394, 29.1901525], [77.4821807, 29.1914408], [77.481677, 29.1918559], [77.4808315, 29.1922916], [77.4796903, 29.1924589], [77.4775696, 29.1923355], [77.4765002, 29.1922433], [77.4749502, 29.1918874], [77.4733845, 29.1912473], [77.4722353, 29.1906949], [77.4715797, 29.1903997], [77.4713586, 29.1902215], [77.4706284, 29.189739], [77.4691938, 29.1886116], [77.4685485, 29.1880817], [77.4678645, 29.1872992], [77.4673786, 29.1868143], [77.4669825, 29.1861897], [77.4668024, 29.1856214], [77.4666429, 29.1852041], [77.4659382, 29.1834269], [77.4657734, 29.1821886], [77.4656421, 29.181406], [77.4656934, 29.1809594], [77.4657292, 29.1804541], [77.4659526, 29.1797662], [77.4660373, 29.1793489], [77.4663275, 29.1786293], [77.4665613, 29.178239], [77.4671111, 29.1775419], [77.4676455, 29.1769802], [77.4682261, 29.1763124], [77.4684318, 29.1761883], [77.4690767, 29.175798], [77.4699555, 29.1753602], [77.4707675, 29.1749382], [77.4713766, 29.1746967], [77.472335, 29.1744303], [77.4738051, 29.1742404], [77.4747277, 29.174274], [77.4755682, 29.1742489], [77.4766424, 29.1741065], [77.4774622, 29.1739416], [77.4781482, 29.1736053], [77.4785619, 29.1733616], [77.4790525, 29.1728901], [77.479497, 29.1723959], [77.4797383, 29.172026], [77.4799488, 29.1712523], [77.4799898, 29.1708891], [77.4799227, 29.1703839], [77.4798558, 29.1700794], [77.4796577, 29.1694772], [77.479452, 29.1692157], [77.4791922, 29.1687511], [77.4788271, 29.1684016], [77.4784029, 29.1678965], [77.477989, 29.1675696], [77.4771845, 29.1670826], [77.4766524, 29.1667489], [77.4754006, 29.1661403], [77.4748815, 29.1659532], [77.473802, 29.1655566], [77.4730155, 29.1653515], [77.4726815, 29.1652705], [77.4717845, 29.1650993], [77.4711343, 29.1649122], [77.4699854, 29.1645877], [77.4694534, 29.1643465], [77.4688828, 29.1639429], [77.4686078, 29.1635911], [77.4684201, 29.1631559], [77.4681603, 29.1624003], [77.4680779, 29.1619762], [77.4680802, 29.1611259], [77.4680827, 29.160571], [77.4681313, 29.1601538], [77.468334, 29.1593395], [77.4686421, 29.1584575], [77.4689965, 29.1577627], [77.469143, 29.1575461], [77.469636, 29.1566032], [77.4701292, 29.1558971], [77.4703013, 29.1556918], [77.4706967, 29.1549136], [77.4708713, 29.1546518], [77.471336, 29.1535645], [77.4714489, 29.1527796], [77.4714795, 29.1522676], [77.4713689, 29.151812], [77.4710962, 29.1509842], [77.4705898, 29.1503213], [77.4700578, 29.1497507], [77.4697725, 29.14939], [77.4693561, 29.148869], [77.4691735, 29.148436], [77.4690758, 29.1482104], [77.469014, 29.147818], [77.4689829, 29.1471661], [77.4689957, 29.1466948], [77.4691984, 29.1459774], [77.4693088, 29.1455647], [77.4696632, 29.1450954], [77.4702154, 29.1445427], [77.4706469, 29.1440598], [77.4708266, 29.1437508], [77.4708035, 29.1435591], [77.470698, 29.1433606], [77.4704642, 29.1431351], [77.4699117, 29.1428579], [77.4683905, 29.1423214], [77.4670211, 29.1420826], [77.4661039, 29.1421618], [77.4642592, 29.1423719], [77.4622553, 29.1427016], [77.4609963, 29.1428755], [77.4603463, 29.1428012], [77.4594805, 29.1426841], [77.4589409, 29.1424654], [77.4580725, 29.1420889], [77.4578078, 29.141922], [77.4574814, 29.1415341], [77.4571371, 29.1410673], [77.4569545, 29.1406522], [77.4569056, 29.1402034], [77.4568464, 29.1395087], [77.4568746, 29.1391162], [77.4568076, 29.1384035], [77.4566996, 29.1380156], [77.4564477, 29.1370299], [77.4563268, 29.1364458], [77.4563191, 29.1361908], [77.4565091, 29.1356292], [77.4566735, 29.1351037], [77.4569585, 29.1344337], [77.4570432, 29.1341855], [77.4571356, 29.1340119], [77.4572948, 29.1335404], [77.4573564, 29.1331277], [77.4575181, 29.1324893], [77.4575591, 29.1320834], [77.4576874, 29.1314067], [77.4576873, 29.1309645], [77.457754, 29.1300827], [77.4576536, 29.129212], [77.4575816, 29.128833], [77.4574095, 29.1284948], [77.4572425, 29.1283617], [77.4563561, 29.1280506], [77.4556573, 29.1279514], [77.4544114, 29.1277847], [77.4540826, 29.1277667], [77.452328, 29.1274918], [77.4507507, 29.127228], [77.4493609, 29.1271695], [77.4487546, 29.1272304], [77.4475371, 29.1275418], [77.4467433, 29.1278892], [77.4449323, 29.1286134], [77.4430391, 29.1294773], [77.4414155, 29.1301113], [77.4408118, 29.1301993], [77.440632, 29.1301699], [77.440501, 29.1300955], [77.4403186, 29.1299285], [77.4402313, 29.1297504], [77.4401361, 29.129394], [77.4401079, 29.1289926], [77.4399948, 29.1283835], [77.4399666, 29.1279054], [77.4399896, 29.1273076], [77.4399691, 29.1268182], [77.4399665, 29.126119], [77.4398406, 29.1257671], [77.4396223, 29.1252055], [77.4395323, 29.1249964], [77.4395067, 29.1247912], [77.4394938, 29.1243874], [77.4395067, 29.1238551], [77.4395786, 29.1231085], [77.439576, 29.1228536], [77.4395888, 29.1225762], [77.4397557, 29.1223574], [77.4404364, 29.1216198], [77.4406908, 29.1211732], [77.4408731, 29.1208958], [77.4410657, 29.1206927], [77.4412841, 29.120501], [77.4414536, 29.1201943], [77.4415281, 29.1196394], [77.4414535, 29.1190214], [77.4416359, 29.1187778], [77.4421059, 29.1183943], [77.4425684, 29.1180199], [77.442761, 29.1177763], [77.442689, 29.1175101], [77.4423731, 29.1168379], [77.441903, 29.116141], [77.4415151, 29.1156493], [77.4410424, 29.11532], [77.4407624, 29.1150651], [77.4405441, 29.1148306], [77.4403464, 29.1143749], [77.4402872, 29.1140344], [77.4402616, 29.1138111], [77.4402384, 29.1129697], [77.4401896, 29.1126066], [77.4398017, 29.1115465], [77.4395602, 29.1108766], [77.4393291, 29.1106308], [77.4390516, 29.1103759], [77.4387846, 29.110227], [77.4383556, 29.1100669], [77.4372486, 29.1097692], [77.4359516, 29.1094286], [77.4350424, 29.1091759], [77.4342308, 29.109176], [77.4335398, 29.1090699], [77.4323866, 29.1088127], [77.4315288, 29.1084676], [77.4304732, 29.1078383], [77.4300366, 29.1074029], [77.4297722, 29.106733], [77.4296617, 29.1063608], [77.4297696, 29.105709], [77.4300959, 29.1050166], [77.4302295, 29.1047188], [77.4303143, 29.1044617], [77.430679, 29.1036452], [77.4308845, 29.1028039], [77.4308485, 29.1022399], [77.4307278, 29.1017934], [77.430805, 29.1014979], [77.4309616, 29.1007535], [77.4312057, 29.1001017], [77.4318477, 29.0993574], [77.4322844, 29.0988454], [77.4323922, 29.0985792], [77.4327928, 29.0979455], [77.4332757, 29.0972756], [77.4338202, 29.09652], [77.4339178, 29.0962538], [77.4340514, 29.0956042], [77.4345727, 29.0948577], [77.4346471, 29.0943885], [77.4346112, 29.0941968], [77.434393, 29.0939622], [77.4341156, 29.093802], [77.4334967, 29.0938877], [77.433168, 29.0939102], [77.432829, 29.0938561], [77.4322102, 29.0935042], [77.4316169, 29.0933034], [77.4311931, 29.0932494], [77.4305614, 29.0932921], [77.4302225, 29.093432], [77.4296035, 29.0933801], [77.4292414, 29.0932831], [77.4288949, 29.093159], [77.4288255, 29.0931342], [77.4284018, 29.09308], [77.427729, 29.093062], [77.4260828, 29.0932106], [77.4255974, 29.0932423], [77.4247474, 29.0932218], [77.4242159, 29.0932015], [77.4234249, 29.0929984], [77.4229884, 29.0927006], [77.4227574, 29.0923713], [77.422611, 29.0919878]]]}, "properties": {"name": "Meerut"}}, {"type": "Feature", "geometry": {"type": "Polygon", "coordinates": [[[77.6216467, 28.4750178], [77.6241219, 28.4759414], [77.6286961, 28.474848], [77.6311381, 28.4744653], [77.631619, 28.4734334], [77.6318306, 28.4699458], [77.6323774, 28.4669935], [77.6344913, 28.4649888], [77.6377717, 28.4669206], [77.640077, 28.4677406], [77.642273, 28.467449], [77.6445875, 28.4666016], [77.6458293, 28.4666316], [77.6468472, 28.4658271], [77.651341, 28.4617821], [77.6486514, 28.4581548], [77.6495444, 28.4571525], [77.6454987, 28.4523049], [77.6428938, 28.449587], [77.641052, 28.4467283], [77.6394665, 28.4432111], [77.6381263, 28.4389852], [77.6367876, 28.4376346], [77.635439, 28.4368145], [77.632268, 28.4359397], [77.6310881, 28.4344893], [77.6301588, 28.4305569], [77.6328868, 28.4274464], [77.6349287, 28.4274291], [77.6367876, 28.4266819], [77.6432347, 28.4276942], [77.6447526, 28.4280176], [77.6468655, 28.4303814], [77.6516429, 28.4272392], [77.6567686, 28.4251049], [77.6584195, 28.4265544], [77.6592031, 28.4281307], [77.6591642, 28.4288345], [77.6587111, 28.4312926], [77.6579639, 28.432623], [77.6558681, 28.4344089], [77.6562326, 28.4368509], [77.656649, 28.4373346], [77.6579958, 28.4381995], [77.6591126, 28.4394747], [77.6600779, 28.4390606], [77.6612123, 28.4396711], [77.6627386, 28.4405458], [77.6631967, 28.4412203], [77.6647556, 28.442705], [77.665118, 28.4431143], [77.6652126, 28.4435601], [77.6652998, 28.4440312], [77.6666385, 28.4440221], [77.6669028, 28.4441679], [77.6673446, 28.44525], [77.6673128, 28.4460814], [77.6672373, 28.4469113], [77.667413, 28.4471657], [77.6676841, 28.4479807], [77.6671837, 28.4481188], [77.666645, 28.4484306], [77.6626057, 28.450711], [77.6617545, 28.4497991], [77.6611777, 28.4498584], [77.6614894, 28.4506862], [77.6610641, 28.4510415], [77.6632914, 28.4529474], [77.6661201, 28.4510627], [77.6671579, 28.4508834], [77.6686459, 28.4501951], [77.6712611, 28.4487492], [77.6734725, 28.4474846], [77.6758765, 28.4460158], [77.6748667, 28.4449242], [77.6751856, 28.4447055], [77.674866, 28.4437778], [77.6766891, 28.443284], [77.6770262, 28.4437305], [77.6775638, 28.443448], [77.6775183, 28.4427828], [77.6783944, 28.4423943], [77.6777825, 28.4414069], [77.6758504, 28.4408648], [77.6746206, 28.4398488], [77.6727618, 28.4382177], [77.6734383, 28.4377368], [77.6720875, 28.4361402], [77.6704838, 28.4365958], [77.6697723, 28.4356458], [77.6672399, 28.4351379], [77.6651944, 28.4326873], [77.6628661, 28.430837], [77.6606338, 28.4288166], [77.6635587, 28.4271558], [77.6660189, 28.4255885], [77.6665945, 28.4246497], [77.6725066, 28.4264815], [77.6748585, 28.4256187], [77.6758599, 28.4242035], [77.6782654, 28.4229278], [77.6797124, 28.421615], [77.682911, 28.4192746], [77.6822018, 28.4138522], [77.6796836, 28.4126001], [77.6732174, 28.4064533], [77.6721422, 28.4070911], [77.6713039, 28.4059066], [77.6706842, 28.4059248], [77.6697743, 28.4047447], [77.6674404, 28.4011501], [77.6665362, 28.3976075], [77.6680053, 28.3963572], [77.6672399, 28.3947899], [77.668953, 28.3941156], [77.6695327, 28.3934392], [77.669117, 28.3922203], [77.6727965, 28.3908378], [77.668552, 28.3842018], [77.6671829, 28.3812956], [77.6675862, 28.3803747], [77.6698642, 28.3805752], [77.6714497, 28.3813406], [77.6724884, 28.3812495], [77.6758416, 28.3786981], [77.678557, 28.3776411], [77.6801425, 28.3777869], [77.6827668, 28.3757094], [77.6840607, 28.3754178], [77.6868672, 28.3731763], [77.6901657, 28.3690759], [77.6958334, 28.3635358], [77.6958698, 28.3629708], [77.6998791, 28.3609662], [77.7024769, 28.359988], [77.7048543, 28.3596723], [77.7071505, 28.3593078], [77.7099388, 28.3576858], [77.7129275, 28.3553896], [77.7147461, 28.3535549], [77.7166452, 28.3532574], [77.715169, 28.3524738], [77.7164083, 28.3483734], [77.7163901, 28.3471524], [77.714841, 28.3454758], [77.7139116, 28.3456762], [77.7128018, 28.3448445], [77.7162078, 28.3413754], [77.7150415, 28.3398628], [77.7133649, 28.338095], [77.7162989, 28.33394], [77.7162078, 28.3325732], [77.7180484, 28.3304956], [77.719397, 28.3298213], [77.7210668, 28.3280992], [77.7258199, 28.3316391], [77.7306595, 28.3267962], [77.7327481, 28.3257756], [77.7347598, 28.3226958], [77.7349362, 28.3205627], [77.7378497, 28.3178944], [77.7295842, 28.3123081], [77.724518, 28.3080072], [77.723461, 28.3067315], [77.7252749, 28.304788], [77.7244633, 28.3036334], [77.7250829, 28.3010639], [77.7244997, 28.29977], [77.7245377, 28.2988051], [77.7253927, 28.2979476], [77.724518, 28.2956878], [77.7234126, 28.2948662], [77.7137293, 28.290257], [77.7126999, 28.2902265], [77.7107691, 28.2920895], [77.7090276, 28.2912958], [77.7065673, 28.2890542], [77.7040321, 28.287652], [77.7021024, 28.28684], [77.6980749, 28.285701], [77.693656, 28.2834808], [77.6881961, 28.2798754], [77.6908491, 28.2761425], [77.691086, 28.2750217], [77.6924346, 28.2720148], [77.694031, 28.2697724], [77.6947236, 28.2679472], [77.696222, 28.2641175], [77.6971004, 28.2627562], [77.6958512, 28.2617649], [77.6938925, 28.2602147], [77.6926077, 28.2585928], [77.6909695, 28.2563823], [77.6927717, 28.2540368], [77.6956785, 28.2501186], [77.6955091, 28.249561], [77.6967355, 28.247704], [77.6966444, 28.2462551], [77.6972816, 28.2449395], [77.6969997, 28.2437767], [77.6976011, 28.2424281], [77.6967386, 28.2403575], [77.6984212, 28.2387924], [77.6983016, 28.2373779], [77.707118, 28.2340521], [77.7075605, 28.2335166], [77.7087542, 28.2341635], [77.7093738, 28.2342273], [77.7098112, 28.234528], [77.7111233, 28.2348834], [77.7117999, 28.234612], [77.7127908, 28.2351021], [77.7138114, 28.235585], [77.7145403, 28.2348834], [77.7138843, 28.2336168], [77.7122805, 28.2322864], [77.7112691, 28.2313297], [77.7112053, 28.230546], [77.7114696, 28.229325], [77.7121803, 28.2289241], [77.7135836, 28.2282863], [77.7142396, 28.2276484], [77.7152252, 28.2247013], [77.7155882, 28.2230651], [77.7154515, 28.2219534], [77.7152146, 28.2200764], [77.7153648, 28.2167941], [77.7169277, 28.2160215], [77.7193606, 28.2143358], [77.7202034, 28.2142645], [77.7210645, 28.2141627], [77.7216295, 28.2147732], [77.7231967, 28.2137891], [77.7233724, 28.213921], [77.7246091, 28.2131512], [77.7284825, 28.2103243], [77.7254292, 28.2067728], [77.7243539, 28.2057887], [77.7212012, 28.2035654], [77.7192881, 28.2010568], [77.7173377, 28.1982258], [77.7152419, 28.194016], [77.7131158, 28.1906404], [77.7130029, 28.1877612], [77.7090093, 28.1848494], [77.7068003, 28.1809919], [77.7076425, 28.1785803], [77.7089729, 28.1774322], [77.7126835, 28.1751269], [77.7101392, 28.1716187], [77.7076061, 28.1676277], [77.706594, 28.1637261], [77.7101574, 28.1638735], [77.7132009, 28.1638189], [77.715898, 28.1649123], [77.7169368, 28.1640193], [77.7179755, 28.1626343], [77.7193241, 28.1621422], [77.7227502, 28.1635819], [77.7256661, 28.1630534], [77.727452, 28.161231], [77.7295084, 28.1599106], [77.7319887, 28.1574489], [77.7316618, 28.156675], [77.7320786, 28.1550403], [77.7298211, 28.1526293], [77.7289646, 28.1513901], [77.728181, 28.1506793], [77.725903, 28.1506247], [77.7233881, 28.149677], [77.7213652, 28.146907], [77.7191717, 28.1449367], [77.7197615, 28.1431893], [77.7191419, 28.1418225], [77.7191417, 28.1403331], [77.7201205, 28.1369343], [77.7243408, 28.1368293], [77.7254474, 28.1341502], [77.7277618, 28.1331296], [77.7304863, 28.1314256], [77.7310914, 28.1302052], [77.7316117, 28.1309427], [77.7323178, 28.1317264], [77.7358624, 28.1338859], [77.736646, 28.1336672], [77.7398139, 28.1357341], [77.741849, 28.136656], [77.7417397, 28.1374669], [77.7430481, 28.1399216], [77.7441088, 28.1412849], [77.7436805, 28.1420594], [77.7438536, 28.1437451], [77.7450277, 28.1462852], [77.7439994, 28.1472806], [77.7451931, 28.1481918], [77.742988, 28.1514994], [77.7434618, 28.1523013], [77.7451339, 28.154147], [77.7464232, 28.1551533], [77.7489655, 28.1566933], [77.7522793, 28.1596286], [77.7539133, 28.1601467], [77.7538677, 28.1606296], [77.7543233, 28.1607754], [77.7558815, 28.1601285], [77.7566104, 28.1600647], [77.7606881, 28.1594332], [77.7594624, 28.1578099], [77.7610115, 28.1555269], [77.7621688, 28.1533218], [77.7609933, 28.1519915], [77.7613305, 28.1510894], [77.7619136, 28.1505335], [77.7622599, 28.1497317], [77.7621572, 28.1482566], [77.7631346, 28.1477453], [77.7650026, 28.14626], [77.7657042, 28.1459684], [77.7658956, 28.1456404], [77.7656313, 28.144957], [77.7663421, 28.1444285], [77.7661507, 28.1435173], [77.7667886, 28.1428248], [77.7662965, 28.141704], [77.7663822, 28.1413901], [77.7697955, 28.1383599], [77.7709619, 28.1371571], [77.772662, 28.1365709], [77.7740873, 28.138123], [77.7778387, 28.1426541], [77.7785704, 28.1434262], [77.7785157, 28.1450117], [77.7823427, 28.1479457], [77.7853624, 28.1487831], [77.7931495, 28.1452669], [77.7973593, 28.1459958], [77.8006761, 28.1471439], [77.801405, 28.1468523], [77.8052419, 28.1481365], [77.8084737, 28.1479647], [77.8084031, 28.1492579], [77.807747, 28.1509163], [77.8098089, 28.151936], [77.8094236, 28.153176], [77.8067098, 28.1570433], [77.8065989, 28.1595544], [77.8061615, 28.1616502], [77.8052969, 28.1627994], [77.8089498, 28.1641287], [77.8114829, 28.1636002], [77.8170959, 28.1656595], [77.8186632, 28.1671903], [77.8197202, 28.1665525], [77.8205767, 28.1676094], [77.8221257, 28.1664796], [77.82314, 28.1670075], [77.8224265, 28.1684477], [77.8230369, 28.1690856], [77.8222898, 28.1701517], [77.8231645, 28.1701244], [77.8230734, 28.1712725], [77.8245385, 28.1723481], [77.8277752, 28.1714547], [77.8277934, 28.1708715], [77.8298615, 28.170708], [77.8315476, 28.172457], [77.8328961, 28.172293], [77.8369236, 28.1750813], [77.8372699, 28.1764663], [77.8385104, 28.1774517], [77.8397965, 28.1798857], [77.8422815, 28.1776327], [77.8427735, 28.1763023], [77.8475847, 28.1718921], [77.8471514, 28.1714602], [77.8432656, 28.1667529], [77.8433545, 28.1652617], [77.842889, 28.1638393], [77.8459992, 28.1616502], [77.8485506, 28.160739], [77.8497648, 28.1575059], [77.8497746, 28.1551646], [77.8442315, 28.1499686], [77.8420518, 28.148961], [77.8415343, 28.1468888], [77.8397848, 28.1452486], [77.8386621, 28.1423321], [77.8407142, 28.1406744], [77.8412792, 28.1389795], [77.8425184, 28.1377403], [77.8446506, 28.1362459], [77.8451244, 28.1366833], [77.8461331, 28.1356323], [77.847202, 28.1362824], [77.8479492, 28.1358632], [77.8496603, 28.1376961], [77.8508103, 28.1383052], [77.8529425, 28.139508], [77.8538, 28.1414938], [77.8625284, 28.1401459], [77.8627835, 28.1408384], [77.8640526, 28.140573], [77.8687792, 28.1354623], [77.8680185, 28.1350101], [77.8718773, 28.1299951], [77.873481, 28.1277171], [77.8789325, 28.1260137], [77.8814267, 28.1251293], [77.8828478, 28.1242741], [77.8868574, 28.1192429], [77.8911765, 28.1150879], [77.8925749, 28.114548], [77.8946573, 28.115835], [77.8955867, 28.1146505], [77.8992485, 28.1170306], [77.9014184, 28.1149421], [77.9026759, 28.1148692], [77.9042613, 28.1142496], [77.9030897, 28.1134126], [77.9093641, 28.1064315], [77.9099159, 28.1051697], [77.9140895, 28.0999427], [77.9150251, 28.0990475], [77.9170598, 28.1005785], [77.9209759, 28.1026665], [77.9236986, 28.1043803], [77.9352786, 28.0956975], [77.9352968, 28.0935653], [77.9346091, 28.0923879], [77.935151, 28.0914513], [77.9342675, 28.0900343], [77.9347319, 28.08972], [77.9312693, 28.0868771], [77.9320347, 28.085729], [77.9334927, 28.0866949], [77.9342888, 28.0853224], [77.9367548, 28.0866584], [77.9387776, 28.0852005], [77.941757, 28.0862953], [77.9441719, 28.0881892], [77.9465046, 28.0873327], [77.9477502, 28.0873317], [77.9481265, 28.088171], [77.9501312, 28.0875878], [77.9521723, 28.0874603], [77.9539891, 28.0855986], [77.9603913, 28.0905766], [77.9625662, 28.0892856], [77.9664234, 28.0850547], [77.9689788, 28.0847124], [77.9729294, 28.0846902], [77.975335, 28.0856743], [77.9768111, 28.0870229], [77.9790275, 28.0872905], [77.9800358, 28.0868159], [77.9811302, 28.0859477], [77.9834629, 28.0844351], [77.9873446, 28.0829043], [77.9886932, 28.0807721], [77.9901096, 28.0785189], [77.9936671, 28.0777938], [77.9986617, 28.0807903], [78.0050196, 28.0842662], [78.0038556, 28.0873509], [78.0018621, 28.0940571], [78.0051677, 28.0957157], [78.0054593, 28.0966634], [78.0066438, 28.0977751], [78.0093045, 28.0990143], [78.0117283, 28.1019666], [78.0159612, 28.105289], [78.0167946, 28.107288], [78.0209524, 28.1099848], [78.0215146, 28.111115], [78.0208221, 28.1124636], [78.0196125, 28.1131798], [78.0179245, 28.1138122], [78.0179974, 28.1152701], [78.0183619, 28.1163453], [78.0179974, 28.1173841], [78.0171047, 28.1186374], [78.0197287, 28.1207737], [78.0209679, 28.1225597], [78.0204029, 28.1235073], [78.0218062, 28.1242545], [78.024231, 28.1256591], [78.0271641, 28.1278629], [78.0298794, 28.1278082], [78.0316836, 28.1288288], [78.0337329, 28.1286494], [78.0375882, 28.1272797], [78.0418964, 28.1253435], [78.0440759, 28.1233251], [78.0456068, 28.1232704], [78.0466091, 28.1221588], [78.0476469, 28.1220943], [78.0511286, 28.1250382], [78.0537921, 28.1229527], [78.0547734, 28.1212111], [78.0562678, 28.1204822], [78.0573892, 28.1194546], [78.0597304, 28.1179126], [78.0606962, 28.1140491], [78.0613523, 28.1130285], [78.0635574, 28.1134295], [78.0647271, 28.1132639], [78.0663457, 28.1129374], [78.0700269, 28.1124454], [78.072396, 28.1128099], [78.0727515, 28.1138867], [78.0756764, 28.1172201], [78.0774259, 28.1191336], [78.0806, 28.1197007], [78.0836704, 28.1169929], [78.0826197, 28.1159079], [78.0826562, 28.1152337], [78.0812711, 28.1132655], [78.0820585, 28.1128195], [78.0814677, 28.1112843], [78.0807244, 28.110459], [78.0787744, 28.1095113], [78.0776992, 28.10778], [78.0775818, 28.1057466], [78.0772626, 28.1014643], [78.080287, 28.100782], [78.0818543, 28.1013652], [78.0832211, 28.1028049], [78.0858636, 28.1017297], [78.0871939, 28.1028049], [78.0885061, 28.1022217], [78.0888341, 28.1030782], [78.0903831, 28.1027684], [78.0909649, 28.1042503], [78.0932625, 28.1059759], [78.0964335, 28.1082174], [78.0990618, 28.1101095], [78.1018313, 28.107148], [78.1048271, 28.1035101], [78.1047619, 28.1001988], [78.1052722, 28.0990143], [78.1070852, 28.0973859], [78.1101926, 28.0975017], [78.112419, 28.0963581], [78.1158421, 28.0923261], [78.1181748, 28.0902121], [78.1198514, 28.0876972], [78.1214594, 28.0837168], [78.1199972, 28.0823393], [78.1203616, 28.0804258], [78.1210345, 28.0788634], [78.115556, 28.0737613], [78.1136552, 28.0710769], [78.1140561, 28.0704755], [78.1128716, 28.0687442], [78.1136577, 28.0678123], [78.1132907, 28.067104], [78.1170845, 28.063763], [78.1192864, 28.0620195], [78.1220382, 28.0601789], [78.1247901, 28.0591766], [78.1285234, 28.0597487], [78.1316422, 28.0598731], [78.1353964, 28.0597233], [78.1376944, 28.0633749], [78.1411207, 28.0642723], [78.142923, 28.0657555], [78.1441257, 28.0659013], [78.1482354, 28.0693136], [78.1488458, 28.071496], [78.1493785, 28.0748334], [78.1513072, 28.073171], [78.1539303, 28.0753777], [78.1587049, 28.0802618], [78.1592673, 28.0784053], [78.1628782, 28.0751044], [78.1656159, 28.0747513], [78.169038, 28.0748675], [78.1696576, 28.0744119], [78.1708968, 28.0742843], [78.1731031, 28.0757439], [78.174815, 28.0749039], [78.1782411, 28.0772001], [78.180027, 28.0769997], [78.1813182, 28.0782624], [78.1834057, 28.0811937], [78.185804, 28.0840888], [78.1910574, 28.0891561], [78.1939951, 28.0927743], [78.1983422, 28.0966998], [78.2009664, 28.09834], [78.2037911, 28.1010189], [78.2055908, 28.1001761], [78.2061284, 28.0998025], [78.2060555, 28.0990234], [78.2060464, 28.0988229], [78.2060099, 28.0985359], [78.2061329, 28.0979983], [78.2058459, 28.0975062], [78.2057502, 28.0973012], [78.2057502, 28.0969504], [78.205732, 28.0964356], [78.2057821, 28.0960574], [78.206019, 28.0957339], [78.2066523, 28.0951644], [78.2074177, 28.0947499], [78.2079189, 28.0944947], [78.2082241, 28.0946451], [78.2083472, 28.094964], [78.2083016, 28.0953057], [78.2081512, 28.0956975], [78.208338, 28.0961622], [78.2088483, 28.0962032], [78.2091763, 28.0960893], [78.2092902, 28.095374], [78.2091718, 28.0950551], [78.2090078, 28.0948592], [78.2087982, 28.0945175], [78.2087891, 28.0942532], [78.209272, 28.0937521], [78.2099964, 28.0934195], [78.2104156, 28.0931871], [78.2108848, 28.0930459], [78.2112311, 28.0931963], [78.2118006, 28.0935243], [78.2122061, 28.0935699], [78.213213, 28.0934058], [78.2135774, 28.0947134], [78.2138326, 28.0951508], [78.2139419, 28.0960802], [78.2139784, 28.0973195], [78.2162381, 28.0989049], [78.2183703, 28.0999619], [78.2205755, 28.1010007], [78.2215049, 28.1012558], [78.2223067, 28.1013287], [78.2244389, 28.1011465], [78.2250039, 28.1008731], [78.2281749, 28.1032787], [78.2273366, 28.1040623], [78.2274095, 28.105502], [78.2264983, 28.1065955], [78.2274459, 28.1076342], [78.2263525, 28.1082721], [78.227045, 28.1091104], [78.2270814, 28.1098211], [78.2289038, 28.110623], [78.23038, 28.1109146], [78.2316374, 28.1113519], [78.2328038, 28.1118075], [78.2334234, 28.1124272], [78.2339701, 28.1125183], [78.2347902, 28.112336], [78.2363574, 28.1120627], [78.2394555, 28.1118075], [78.2413326, 28.111844], [78.2429545, 28.1115888], [78.2447405, 28.1111697], [78.2467816, 28.1100945], [78.2485129, 28.1092562], [78.2497885, 28.1082903], [78.2503899, 28.1088188], [78.2513376, 28.1098576], [78.2529231, 28.109001], [78.2535609, 28.109238], [78.2546726, 28.110222], [78.2564403, 28.1111879], [78.2579529, 28.1113155], [78.2578618, 28.1120262], [78.2576978, 28.1124636], [78.2576613, 28.1136482], [78.2580076, 28.1154341], [78.2596113, 28.115835], [78.2603038, 28.1157257], [78.2618346, 28.1154706], [78.2631467, 28.1154341], [78.2644406, 28.1158897], [78.2653883, 28.116236], [78.2666093, 28.1163453], [78.2690878, 28.1178579], [78.2694705, 28.1178579], [78.2708919, 28.1175117], [78.2723863, 28.1170743], [78.2736984, 28.1167098], [78.2739536, 28.1161266], [78.274154, 28.1151243], [78.2740994, 28.1136482], [78.2752292, 28.112737], [78.2757486, 28.1113702], [78.2768603, 28.1115068], [78.2772612, 28.1116253], [78.2778717, 28.1117802], [78.2789834, 28.11209], [78.2806327, 28.1128827], [78.2817808, 28.1131834], [78.284159, 28.1132563], [78.2868562, 28.1147507], [78.2870475, 28.1149694], [78.2873664, 28.1154979], [78.2887879, 28.116728], [78.2904463, 28.1181768], [78.2916309, 28.1174752], [78.292132, 28.1165367], [78.2930068, 28.1159717], [78.2942187, 28.11486], [78.2945011, 28.1140582], [78.2947563, 28.1136208], [78.2952301, 28.1137028], [78.2954215, 28.1139124], [78.2956766, 28.1141675], [78.2955126, 28.1145685], [78.2954761, 28.1148509], [78.2960229, 28.115261], [78.2968338, 28.1159717], [78.297335, 28.1165002], [78.2977177, 28.117293], [78.298638, 28.116564], [78.2989387, 28.1164091], [78.2992667, 28.1165002], [78.299367, 28.1167371], [78.2995583, 28.1171289], [78.3015447, 28.1181859], [78.3027293, 28.1189969], [78.3035585, 28.1196621], [78.3042145, 28.1202999], [78.3053627, 28.1211656], [78.3063012, 28.1216849], [78.3080142, 28.1232613], [78.3085063, 28.1228695], [78.3099187, 28.1217943], [78.3114859, 28.1212293], [78.3131443, 28.1216849], [78.3136364, 28.1224321], [78.3142377, 28.1229971], [78.3154041, 28.1232249], [78.3156592, 28.1234982], [78.316051, 28.1238354], [78.3161968, 28.1240723], [78.3161877, 28.1247739], [78.3169622, 28.1258947], [78.3176912, 28.1267785], [78.3177003, 28.1277353], [78.3174998, 28.1280998], [78.3175272, 28.1284734], [78.3179463, 28.1288014], [78.3189304, 28.1296033], [78.3198872, 28.1299131], [78.3223839, 28.1304416], [78.3239694, 28.1301591], [78.3241425, 28.1296215], [78.3247712, 28.1288196], [78.3252997, 28.1287923], [78.3257827, 28.1293208], [78.3260834, 28.1303231], [78.3264661, 28.1313528], [78.3283887, 28.1334941], [78.3294366, 28.1352892], [78.3305938, 28.1358632], [78.3310676, 28.13682], [78.331423, 28.1378223], [78.3312316, 28.1384237], [78.3311132, 28.1402279], [78.3320153, 28.1408293], [78.3318786, 28.1417496], [78.3323342, 28.1422416], [78.3336281, 28.1428612], [78.3344391, 28.1434444], [78.3347215, 28.1438544], [78.3346486, 28.144629], [78.3352865, 28.1452304], [78.336389, 28.1455037], [78.3370633, 28.1459776], [78.337774, 28.1463056], [78.3381021, 28.1457953], [78.3386123, 28.1457953], [78.3395053, 28.1467065], [78.3407628, 28.1451939], [78.3424029, 28.1437907], [78.3440431, 28.1423145], [78.3448996, 28.1422599], [78.347943, 28.1456677], [78.3487084, 28.145522], [78.3528635, 28.1419865], [78.3543761, 28.1401459], [78.3559616, 28.1385786], [78.3565994, 28.136902], [78.3575289, 28.1369384], [78.3593148, 28.1373758], [78.3602807, 28.1369749], [78.3617933, 28.1359179], [78.3627045, 28.1352983], [78.3628503, 28.1342777], [78.3625769, 28.1337857], [78.3628685, 28.1333848], [78.3651283, 28.133567], [78.3658755, 28.1344053], [78.3662217, 28.1338039], [78.3668231, 28.1323278], [78.3672969, 28.1315441], [78.3677708, 28.1312526], [78.368117, 28.1310703], [78.3687366, 28.1306329], [78.3678072, 28.1294484], [78.3682081, 28.1288105], [78.3691558, 28.1281909], [78.3705773, 28.1268423], [78.3694291, 28.1254026], [78.3690647, 28.1247284], [78.3691011, 28.1240176], [78.3692834, 28.1234162], [78.3685908, 28.1230882], [78.3675885, 28.1223046], [78.3678801, 28.1203728], [78.3686091, 28.1183682], [78.3696478, 28.1176574], [78.3725272, 28.1136482], [78.373894, 28.1123178], [78.3717618, 28.1101856], [78.3692834, 28.1079258], [78.3689189, 28.1068324], [78.3689918, 28.1059212], [78.3694109, 28.1047548], [78.3688824, 28.1042628], [78.3682446, 28.1041352], [78.3673334, 28.1040623], [78.3669325, 28.1037343], [78.366568, 28.1023128], [78.3657114, 28.101347], [78.3656203, 28.1005451], [78.3659119, 28.0997615], [78.3658208, 28.0979299], [78.3683722, 28.0964356], [78.3683722, 28.0957795], [78.3689644, 28.0950414], [78.3699212, 28.0947681], [78.3703859, 28.0942578], [78.3710238, 28.0935835], [78.3713609, 28.0938569], [78.3725728, 28.0946861], [78.3732562, 28.095333], [78.3750604, 28.0967272], [78.3762267, 28.0978479], [78.3765001, 28.097857], [78.3767096, 28.0972557], [78.3774477, 28.0976019], [78.3774386, 28.097857], [78.3775024, 28.0981669], [78.3770377, 28.0989961], [78.3781767, 28.0998344], [78.3792246, 28.1009734], [78.379908, 28.1017388], [78.3807554, 28.1017297], [78.3815481, 28.102249], [78.3819582, 28.102896], [78.3835892, 28.1053016], [78.3841268, 28.1049097], [78.384792, 28.1047184], [78.3855574, 28.1049097], [78.387562, 28.1048551], [78.3896943, 28.1031876], [78.3906875, 28.1018299], [78.3912797, 28.1009187], [78.392519, 28.0998708], [78.3933117, 28.099397], [78.3940771, 28.099233], [78.3945509, 28.0995519], [78.3950703, 28.0990234], [78.3953255, 28.0984402], [78.3954621, 28.0978297], [78.3943414, 28.0974197], [78.3938493, 28.0975564], [78.3934757, 28.0971919], [78.3935669, 28.0958068], [78.3937582, 28.0955426], [78.3940953, 28.0952601], [78.3942594, 28.0950232], [78.3944325, 28.0945494], [78.3951159, 28.0947134], [78.3959724, 28.0949048], [78.3967105, 28.0952692], [78.3971205, 28.0946678], [78.3977493, 28.0939662], [78.3980864, 28.0935562], [78.398706, 28.0935288], [78.3990158, 28.0932464], [78.3990796, 28.0929821], [78.3988792, 28.0926723], [78.3984782, 28.0920527], [78.3977037, 28.0915971], [78.3983233, 28.0910959], [78.4010843, 28.0872598], [78.4040183, 28.0886084], [78.4053669, 28.0893829], [78.4067884, 28.089474], [78.40749, 28.0882348], [78.407982, 28.0873691], [78.408547, 28.086786], [78.4099867, 28.0862392], [78.4101325, 28.0850182], [78.4112533, 28.0838519], [78.4123376, 28.0832505], [78.4128479, 28.0836241], [78.413914, 28.0842802], [78.4151259, 28.0851731], [78.4171032, 28.0868953], [78.4196545, 28.0895651], [78.4220601, 28.0914878], [78.4243928, 28.0935015], [78.4262698, 28.091424], [78.4284932, 28.0894376], [78.4295593, 28.0876881], [78.4307712, 28.0882165], [78.4339239, 28.0868224], [78.4364206, 28.0858201], [78.4374594, 28.0847904], [78.4383979, 28.0847267], [78.4409493, 28.0830409], [78.4419334, 28.0833416], [78.4446483, 28.0817423], [78.4467354, 28.0848907], [78.4520386, 28.0901939], [78.4609501, 28.0983035], [78.474527, 28.1103132], [78.4774771, 28.1130567], [78.4774759, 28.1130576], [78.4774577, 28.1130724], [78.4769194, 28.1136823], [78.4769189, 28.1136829], [78.4763853, 28.1142015], [78.4763849, 28.1142019], [78.475508, 28.1151668], [78.4755076, 28.1151672], [78.4743123, 28.1163322], [78.4726255, 28.1179072], [78.4726249, 28.1179078], [78.471384, 28.1192996], [78.4713834, 28.1193002], [78.4696142, 28.1209807], [78.4696136, 28.1209812], [78.4681645, 28.1221646], [78.4681643, 28.1221648], [78.468163, 28.1221656], [78.4668771, 28.1228702], [78.4664871, 28.1230839], [78.466487, 28.123084], [78.466486, 28.1230846], [78.4664847, 28.1230857], [78.4664837, 28.123087], [78.4664834, 28.1230875], [78.4663469, 28.1233204], [78.4662512, 28.1234837], [78.4662511, 28.1234838], [78.4662507, 28.1234847], [78.4662502, 28.1234862], [78.46625, 28.1234878], [78.4662511, 28.1234919], [78.4662511, 28.123492], [78.4665582, 28.1240328], [78.4665591, 28.1240349], [78.4665591, 28.1240353], [78.4665592, 28.1240354], [78.4668802, 28.1253271], [78.4668802, 28.1253272], [78.4668804, 28.1253291], [78.4668804, 28.1253292], [78.4668803, 28.1253303], [78.4668803, 28.1253305], [78.4668803, 28.1253307], [78.4666329, 28.126599], [78.4666326, 28.1266001], [78.4666325, 28.1266003], [78.466197, 28.1277545], [78.466197, 28.1277546], [78.4661969, 28.1277549], [78.4661961, 28.1277563], [78.4661951, 28.1277576], [78.466195, 28.1277577], [78.4654942, 28.128454], [78.4654931, 28.128455], [78.4654916, 28.1284559], [78.4654908, 28.1284562], [78.4648571, 28.128711], [78.4648557, 28.1287117], [78.4648556, 28.1287118], [78.4638359, 28.1293191], [78.4638358, 28.1293191], [78.4638355, 28.1293193], [78.4638353, 28.1293195], [78.4638349, 28.1293197], [78.4638349, 28.1293198], [78.4638348, 28.1293198], [78.4630471, 28.1299292], [78.4630463, 28.12993], [78.4621733, 28.1308141], [78.4621732, 28.1308142], [78.4621721, 28.1308155], [78.4621714, 28.130817], [78.4621709, 28.1308185], [78.4621708, 28.130819], [78.462056, 28.1316011], [78.4620559, 28.1316014], [78.4620559, 28.1316019], [78.4620175, 28.1330044], [78.4620175, 28.1330045], [78.4620177, 28.1330061], [78.4620177, 28.1330063], [78.462336, 28.1345614], [78.4623362, 28.1345632], [78.4623362, 28.1345633], [78.4623362, 28.1345634], [78.4622802, 28.1356846], [78.4622801, 28.1356856], [78.46228, 28.135686], [78.4621067, 28.136425], [78.4619228, 28.1372094], [78.4619227, 28.1372099], [78.4618174, 28.1378165], [78.4617866, 28.1379941], [78.4617866, 28.1379943], [78.4617865, 28.1379951], [78.4617865, 28.1379952], [78.4617198, 28.1399782], [78.4617198, 28.1399783], [78.4617198, 28.1399791], [78.4618656, 28.1418517], [78.4618656, 28.1418518], [78.4618656, 28.1418526], [78.4618656, 28.141853], [78.4617405, 28.1434426], [78.4615421, 28.1457328], [78.4615421, 28.1457329], [78.4615419, 28.1457341], [78.4615419, 28.1457342], [78.4612771, 28.1466852], [78.4612771, 28.1466853], [78.4612767, 28.1466863], [78.4612766, 28.1466864], [78.4606047, 28.1481573], [78.4606034, 28.1481593], [78.4593614, 28.1496438], [78.4593608, 28.1496445], [78.4580832, 28.150916], [78.4580828, 28.1509165], [78.4573768, 28.1517323], [78.4573751, 28.1517339], [78.4568024, 28.1521385], [78.4568023, 28.1521385], [78.4568022, 28.1521386], [78.456801, 28.1521393], [78.456799, 28.1521401], [78.4567988, 28.1521401], [78.4559968, 28.1523561], [78.4559946, 28.1523564], [78.4559944, 28.1523564], [78.4545803, 28.1524175], [78.4545799, 28.1524175], [78.4522274, 28.1524303], [78.452227, 28.1524303], [78.4522248, 28.15243], [78.4522246, 28.15243], [78.4516576, 28.1522937], [78.4503319, 28.1519815], [78.4503318, 28.1519815], [78.4503303, 28.1519812], [78.4503302, 28.1519812], [78.449171, 28.1518951], [78.4491705, 28.1518951], [78.4476742, 28.1518431], [78.4476731, 28.1518431], [78.4476728, 28.1518431], [78.4476724, 28.1518432], [78.447672, 28.1518432], [78.44767, 28.1518437], [78.4469941, 28.1520794], [78.446994, 28.1520795], [78.4469928, 28.15208], [78.4469926, 28.1520801], [78.4462717, 28.1524653], [78.4462697, 28.1524666], [78.4462696, 28.1524667], [78.4457153, 28.1529659], [78.4451604, 28.1534842], [78.4451603, 28.1534843], [78.4451594, 28.1534853], [78.4451593, 28.1534853], [78.4451593, 28.1534854], [78.4446419, 28.1541661], [78.444604, 28.1542184], [78.4441074, 28.1549341], [78.4441074, 28.1549342], [78.4441064, 28.1549353], [78.4441062, 28.1549355], [78.4432524, 28.1557499], [78.4432523, 28.1557501], [78.4432518, 28.1557506], [78.4425886, 28.1565291], [78.4425868, 28.1565308], [78.4425866, 28.1565309], [78.4417996, 28.1570653], [78.440693, 28.1577844], [78.4406929, 28.1577844], [78.4406922, 28.1577849], [78.4406921, 28.1577849], [78.4397799, 28.1582618], [78.4397797, 28.1582619], [78.439777, 28.1582628], [78.4389123, 28.1584408], [78.4389119, 28.1584408], [78.4389086, 28.1584409], [78.4381537, 28.1583404], [78.4381536, 28.1583404], [78.4381519, 28.1583403], [78.4381495, 28.1583406], [78.4381493, 28.1583406], [78.4377294, 28.1584478], [78.4377278, 28.1584484], [78.4377275, 28.1584486], [78.4377271, 28.1584487], [78.4377267, 28.1584489], [78.4377264, 28.1584491], [78.437292, 28.158717], [78.4372914, 28.1587173], [78.4368939, 28.1589981], [78.4367169, 28.1591231], [78.4367168, 28.1591231], [78.4367167, 28.1591232], [78.4367165, 28.1591233], [78.4367159, 28.1591237], [78.4352718, 28.1599136], [78.4352716, 28.1599136], [78.4352696, 28.1599151], [78.4352695, 28.1599152], [78.4347164, 28.1604685], [78.4347163, 28.1604685], [78.4347163, 28.1604686], [78.4347152, 28.1604699], [78.4347145, 28.1604713], [78.434714, 28.1604728], [78.434714, 28.1604729], [78.4347139, 28.1604731], [78.4346236, 28.1609747], [78.4346235, 28.1609753], [78.4345515, 28.161685], [78.4345514, 28.1616854], [78.4345514, 28.1616857], [78.4345514, 28.1616858], [78.4345514, 28.1616862], [78.4345514, 28.1616866], [78.4346257, 28.1624914], [78.4346257, 28.1624916], [78.4346257, 28.1624917], [78.4348182, 28.1639722], [78.4348183, 28.1639731], [78.434845, 28.1652045], [78.434845, 28.1652046], [78.4348448, 28.1652062], [78.4348443, 28.1652078], [78.4348435, 28.1652092], [78.4348425, 28.1652105], [78.4348416, 28.1652113], [78.4345903, 28.1654139], [78.43459, 28.1654142], [78.4345897, 28.1654144], [78.4339728, 28.1658382], [78.4339727, 28.1658383], [78.4339716, 28.1658392], [78.4333594, 28.1664313], [78.4332477, 28.1665393], [78.4332476, 28.1665394], [78.4332452, 28.1665411], [78.4318439, 28.1672566], [78.4318437, 28.1672567], [78.4318436, 28.1672568], [78.4309731, 28.1676784], [78.4309725, 28.1676787], [78.430972, 28.1676789], [78.4297022, 28.1681323], [78.429702, 28.1681323], [78.4297018, 28.1681324], [78.4283023, 28.1685865], [78.4274542, 28.1688776], [78.4274534, 28.1688778], [78.4261409, 28.1692202], [78.4261394, 28.1692205], [78.4261392, 28.1692205], [78.4247309, 28.1693731], [78.4247308, 28.1693731], [78.4247299, 28.1693732], [78.4247298, 28.1693732], [78.4238015, 28.1693827], [78.4238003, 28.1693827], [78.4227861, 28.1695036], [78.4227854, 28.1695037], [78.4213914, 28.1695834], [78.421391, 28.1695834], [78.4213908, 28.1695834], [78.4213902, 28.1695834], [78.4199135, 28.1695126], [78.4199129, 28.1695126], [78.4187746, 28.16952], [78.4187743, 28.16952], [78.4187729, 28.1695201], [78.4187712, 28.1695205], [78.4187708, 28.1695206], [78.4177608, 28.1698814], [78.41776, 28.1698817], [78.4166134, 28.1703943], [78.4148089, 28.1711438], [78.4148082, 28.1711441], [78.4139631, 28.1714317], [78.4126044, 28.1719427], [78.4126042, 28.1719428], [78.4119233, 28.1723295], [78.411326, 28.1728657], [78.4107064, 28.1734213], [78.4101084, 28.1739395], [78.4088703, 28.1749755], [78.4088701, 28.1749757], [78.4072276, 28.1762509], [78.4052707, 28.1777785], [78.4045576, 28.1785244], [78.4045401, 28.1785427], [78.4045396, 28.1785432], [78.4037525, 28.1792605], [78.4030855, 28.1801713], [78.4030855, 28.1801714], [78.4022763, 28.1807801], [78.4014675, 28.1814439], [78.4014106, 28.1817043], [78.4014006, 28.1817499], [78.4012721, 28.1819786], [78.4009891, 28.1822916], [78.4009584, 28.1823255], [78.40065, 28.1826663], [78.4000358, 28.1832565], [78.3994743, 28.1837959], [78.3994737, 28.1837966], [78.3984244, 28.1850385], [78.3980469, 28.1864707], [78.3979742, 28.1871817], [78.3979733, 28.1872432], [78.3979657, 28.1878361], [78.3979655, 28.1878381], [78.3979654, 28.1878383], [78.3976783, 28.1888447], [78.3976778, 28.1888459], [78.397266, 28.1897203], [78.3972651, 28.1897218], [78.3970142, 28.1900579], [78.3968355, 28.1902975], [78.3966542, 28.1906127], [78.3964697, 28.1909334], [78.396651, 28.1914921], [78.3969892, 28.1919678], [78.3971076, 28.1921341], [78.3971077, 28.1921343], [78.3971078, 28.1921345], [78.3971079, 28.1921346], [78.3971081, 28.1921349], [78.3971082, 28.1921352], [78.3971082, 28.1921353], [78.3977652, 28.1935005], [78.3977655, 28.1935011], [78.3982818, 28.1943856], [78.3982822, 28.1943862], [78.3989402, 28.1957591], [78.3989405, 28.1957597], [78.3995727, 28.1974872], [78.3995731, 28.1974888], [78.3997073, 28.1985365], [78.3997074, 28.1985366], [78.3997074, 28.1985377], [78.3997073, 28.1985388], [78.3997073, 28.198539], [78.3994815, 28.1997441], [78.3994224, 28.2010541], [78.3994223, 28.2010549], [78.3994223, 28.201055], [78.3992391, 28.2021754], [78.3992391, 28.2021755], [78.3992388, 28.2021765], [78.3992388, 28.2021766], [78.3989097, 28.2031462], [78.3989096, 28.2031464], [78.398495, 28.2041901], [78.398099, 28.2054397], [78.3980989, 28.2054399], [78.398098, 28.2054417], [78.3974113, 28.2065105], [78.3974107, 28.2065114], [78.3974106, 28.2065115], [78.3966825, 28.2073639], [78.3964211, 28.2079062], [78.3963188, 28.2084757], [78.3962165, 28.2090451], [78.3960133, 28.2100722], [78.3959172, 28.2111304], [78.3959171, 28.2111304], [78.395916, 28.211134], [78.3956804, 28.2115216], [78.3956803, 28.2115218], [78.3956782, 28.2115242], [78.3948054, 28.2122063], [78.3944404, 28.2126457], [78.3942041, 28.2129304], [78.3942039, 28.2129306], [78.3942036, 28.212931], [78.3942035, 28.2129311], [78.3942032, 28.2129313], [78.3942031, 28.2129314], [78.394203, 28.2129315], [78.3934573, 28.2135775], [78.3934559, 28.2135779], [78.3934542, 28.2135793], [78.3924375, 28.2139798], [78.3907208, 28.2143372], [78.3907206, 28.2143373], [78.3907204, 28.2143373], [78.3906418, 28.2143504], [78.3891313, 28.2146026], [78.3880496, 28.2150776], [78.3866439, 28.215906], [78.3851604, 28.2167668], [78.383727, 28.2181557], [78.3837259, 28.2181566], [78.3837244, 28.2181575], [78.383724, 28.2181577], [78.382221, 28.2188296], [78.3819632, 28.219129], [78.381871, 28.2197438], [78.3818429, 28.220457], [78.382196, 28.2208707], [78.3827361, 28.2211916], [78.3827362, 28.2211916], [78.3827371, 28.2211923], [78.3827384, 28.2211934], [78.3827394, 28.2211947], [78.3827401, 28.2211962], [78.3827405, 28.2211974], [78.3828196, 28.2215305], [78.3828198, 28.2215325], [78.3828128, 28.2220726], [78.3828126, 28.2220742], [78.3828121, 28.2220757], [78.3828121, 28.2220758], [78.3826395, 28.2224637], [78.3826388, 28.2224651], [78.3826377, 28.2224664], [78.3826371, 28.2224669], [78.382637, 28.222467], [78.382637, 28.2224671], [78.3825242, 28.2225612], [78.3820624, 28.2229461], [78.3820612, 28.222947], [78.3808698, 28.2236457], [78.3808694, 28.2236459], [78.3799805, 28.2241197], [78.3799804, 28.2241197], [78.3799773, 28.2241208], [78.3792735, 28.2242446], [78.3783707, 28.2244033], [78.3783706, 28.2244034], [78.3773917, 28.2248059], [78.3767333, 28.2251912], [78.3759621, 28.2259327], [78.3759618, 28.2259329], [78.3754494, 28.2264663], [78.3754493, 28.2264664], [78.3749089, 28.2274517], [78.3749085, 28.2274523], [78.3738302, 28.2291263], [78.3732011, 28.2304108], [78.3732007, 28.2304115], [78.3722944, 28.2318989], [78.3722943, 28.231899], [78.3722935, 28.2319001], [78.3714355, 28.2329032], [78.3713966, 28.2329487], [78.3713965, 28.2329488], [78.3713953, 28.23295], [78.3701577, 28.2339288], [78.3701574, 28.233929], [78.3687484, 28.2349649], [78.3682063, 28.2360989], [78.368206, 28.2360996], [78.3673615, 28.2375439], [78.366651, 28.2385295], [78.3662413, 28.2392711], [78.3663393, 28.2397425], [78.3663394, 28.239743], [78.3664367, 28.24038], [78.3664368, 28.2403806], [78.3665365, 28.2408146], [78.3666566, 28.2413371], [78.366775, 28.2419498], [78.3667751, 28.2419506], [78.3668492, 28.2427369], [78.3668492, 28.2427375], [78.3668773, 28.2438224], [78.3668771, 28.2438242], [78.3666083, 28.2449999], [78.3664297, 28.2457282], [78.3664297, 28.2457283], [78.3660528, 28.2471088], [78.3657086, 28.2483691], [78.3655157, 28.2501649], [78.3654121, 28.2509186], [78.365581, 28.2513623], [78.3659526, 28.251565], [78.3663258, 28.2516572], [78.3669092, 28.2518842], [78.36749, 28.252321], [78.3677936, 28.2529539], [78.3678242, 28.2534735], [78.3675404, 28.2541887], [78.3668964, 28.2547677], [78.365865, 28.2553979], [78.3647484, 28.2558615], [78.3634823, 28.2563126], [78.3616396, 28.2569565], [78.3601282, 28.2580237], [78.3588907, 28.2591379], [78.3581032, 28.2601904], [78.3573137, 28.2613976], [78.3564663, 28.2632008], [78.3557739, 28.2655579], [78.3555321, 28.2668591], [78.3553655, 28.268139], [78.3552377, 28.2688448], [78.3549504, 28.2693335], [78.3544888, 28.2697982], [78.3537771, 28.2703046], [78.3530342, 28.2708052], [78.3521436, 28.2711495], [78.3512673, 28.2713614], [78.3498796, 28.2715459], [78.3488302, 28.2716344], [78.3473193, 28.2716961], [78.3464075, 28.2717639], [78.3454217, 28.2717537], [78.3434665, 28.2714461], [78.3422718, 28.2712017], [78.3394982, 28.2704988], [78.3378177, 28.270183], [78.3349893, 28.2698551], [78.3330433, 28.2698016], [78.3311595, 28.2697598], [78.3302502, 28.2699045], [78.3292711, 28.2700603], [78.3261885, 28.2700722], [78.324569, 28.2698673], [78.3220266, 28.2696196], [78.3208399, 28.2697065], [78.3194143, 28.2699234], [78.3183874, 28.2701888], [78.3174192, 28.270731], [78.3162622, 28.2713927], [78.3153168, 28.2720898], [78.3138261, 28.2734329], [78.3129781, 28.2743078], [78.3120684, 28.2760548], [78.3116343, 28.2767794], [78.3104935, 28.278082], [78.3093982, 28.2797055], [78.3090743, 28.2805859], [78.3088029, 28.281268], [78.3088954, 28.2818104], [78.3090285, 28.2821211], [78.3095695, 28.2827235], [78.3105445, 28.2835293], [78.3116104, 28.2840819], [78.3124558, 28.2843229], [78.3127891, 28.2845916], [78.3130183, 28.2851796], [78.3130985, 28.2857107], [78.312887, 28.2865813], [78.3126389, 28.2873962], [78.3124928, 28.2880465], [78.3124095, 28.2886643], [78.3121092, 28.2896443], [78.3116759, 28.2903026], [78.3106987, 28.2914965], [78.3102797, 28.2920223], [78.3098126, 28.2924151], [78.3081748, 28.2935356], [78.3068497, 28.2946043], [78.3061343, 28.2953534], [78.3058077, 28.2959631], [78.3057069, 28.2964978], [78.3057501, 28.2974539], [78.3059005, 28.2992453], [78.3057289, 28.2999284], [78.3051156, 28.3009714], [78.304508, 28.3015947], [78.3038537, 28.3019744], [78.3034719, 28.3025117], [78.3034536, 28.3029423], [78.3037089, 28.3034422], [78.304024, 28.3041416], [78.3041544, 28.3046511], [78.3040972, 28.3051808], [78.3036667, 28.3056292], [78.3031243, 28.3060432], [78.303021, 28.3062962], [78.3030153, 28.306716], [78.3030543, 28.3075229], [78.3028726, 28.3089461], [78.3028305, 28.3102051], [78.3029421, 28.3111784], [78.3028583, 28.3127518], [78.3025177, 28.3134663], [78.3020917, 28.3140417], [78.3018336, 28.3146577], [78.3018718, 28.3155198], [78.3018634, 28.3161383], [78.3017308, 28.3167114], [78.3015108, 28.3172835], [78.3012197, 28.3184846], [78.3008844, 28.3192764], [78.3003502, 28.3199999], [78.299794, 28.3205021], [78.2993358, 28.321149], [78.2986975, 28.3221807], [78.2982667, 28.32264], [78.2971311, 28.3235228], [78.2965222, 28.3242233], [78.2958516, 28.3248789], [78.2950325, 28.3254336], [78.2943098, 28.3262434], [78.2940019, 28.3268477], [78.2932826, 28.3274034], [78.2930092, 28.3275], [78.2928404, 28.327585], [78.2924924, 28.3276711], [78.2918165, 28.3277964], [78.2912028, 28.3279334], [78.290607, 28.3285899], [78.2901743, 28.3291928], [78.2899411, 28.329809], [78.2896942, 28.3305134], [78.28935, 28.3310289], [78.2889734, 28.3311795], [78.2882068, 28.3315469], [78.2874707, 28.3324117], [78.287082, 28.333446], [78.2862164, 28.3346518], [78.2858486, 28.3359736], [78.2857871, 28.3368125], [78.2860009, 28.3376102], [78.2858867, 28.3386474], [78.2858004, 28.339475], [78.285411, 28.3405534], [78.2853031, 28.3411378], [78.2852817, 28.3417893], [78.2851827, 28.3426278], [78.2850717, 28.3434331], [78.2847129, 28.3441031], [78.2841913, 28.3448045], [78.2840065, 28.3455316], [78.2840948, 28.3463721], [78.2837346, 28.3471415], [78.2806524, 28.349967], [78.2762019, 28.3529051], [78.2722458, 28.3555112], [78.2694965, 28.357456], [78.2670173, 28.3595483], [78.2660624, 28.361657], [78.2636341, 28.3639906], [78.2598891, 28.3670321], [78.2588634, 28.370296], [78.2584856, 28.3739522], [78.258667, 28.3765549], [78.2605949, 28.3788877], [78.2656955, 28.3801955], [78.2675816, 28.3777116], [78.271943, 28.3744433], [78.2723088, 28.3750879], [78.2729946, 28.3760675], [78.2736802, 28.3770691], [78.2740706, 28.3777361], [78.2744897, 28.3790441], [78.27508, 28.3797133], [78.2756731, 28.3801727], [78.2763198, 28.3803785], [78.2766139, 28.3807904], [78.2767808, 28.3813666], [78.276758, 28.3821065], [78.2769473, 28.3828707], [78.2771494, 28.383613], [78.2776748, 28.3844582], [78.2777528, 28.3851439], [78.2777675, 28.3858842], [78.2778181, 28.3867464], [78.2779751, 28.3871347], [78.2783423, 28.3876799], [78.2786563, 28.3884566], [78.2790849, 28.3890798], [78.2795906, 28.3895492], [78.2800117, 28.3898078], [78.2810384, 28.3905369], [78.2818533, 28.3912306], [78.2830406, 28.3920939], [78.2844786, 28.3928937], [78.2852488, 28.3932002], [78.2860395, 28.3933855], [78.286337, 28.3935544], [78.2870582, 28.3937941], [78.2881423, 28.393988], [78.2888224, 28.3940395], [78.2896813, 28.3942586], [78.2904251, 28.3946753], [78.2912532, 28.3953249], [78.2919732, 28.3956529], [78.2928582, 28.3957949], [78.294329, 28.3960316], [78.2951652, 28.3960848], [78.296751, 28.3961348], [78.2983202, 28.396483], [78.2990525, 28.3968332], [78.2994585, 28.3972905], [78.299712, 28.3979339], [78.2997684, 28.3983763], [78.2997009, 28.3987512], [78.2998324, 28.3991834], [78.3004205, 28.4000291], [78.3009396, 28.4004323], [78.3014203, 28.4009124], [78.3016892, 28.4013461], [78.3019207, 28.4017794], [78.302288, 28.4023245], [78.3027818, 28.4027606], [78.3029523, 28.4030827], [78.3030093, 28.403481], [78.303118, 28.4037583], [78.3033896, 28.4039932], [78.3041599, 28.4043107], [78.3052275, 28.404808], [78.3057476, 28.405145], [78.3067121, 28.4058732], [78.3073274, 28.4065646], [78.3078354, 28.4077961], [78.3079626, 28.4085486], [78.3080011, 28.4093885], [78.3089352, 28.4105251], [78.3101682, 28.4117311], [78.3102953, 28.4118358], [78.3107118, 28.4121787], [78.3114416, 28.4136445], [78.3119714, 28.4151082], [78.312039, 28.4167344], [78.3120102, 28.4172466], [78.3118932, 28.4178159], [78.311778, 28.4182596], [78.3116045, 28.4189636], [78.3115204, 28.4195236], [78.3113493, 28.4200537], [78.3111661, 28.4206707], [78.310973, 28.4212199], [78.3109852, 28.4219357], [78.3110522, 28.4226326], [78.3110521, 28.4231298], [78.3110521, 28.4234449], [78.3109139, 28.4239657], [78.3107861, 28.4245252], [78.3106149, 28.4250649], [78.3103985, 28.4257105], [78.3100794, 28.4266838], [78.3096063, 28.4277232], [78.3091003, 28.4287816], [78.3085475, 28.4300522], [78.3079843, 28.4312841], [78.3075992, 28.4322857], [78.3073502, 28.4329213], [78.3070149, 28.4334689], [78.30647, 28.4341594], [78.3059585, 28.4348019], [78.3055555, 28.4355228], [78.3052539, 28.4360031], [78.3050193, 28.4363777], [78.3046193, 28.436857], [78.3037974, 28.4377342], [78.3021, 28.4394834], [78.301632, 28.4398688], [78.2952939, 28.4451611], [78.2848507, 28.4520003], [78.2844035, 28.4519955], [78.2831976, 28.4519825], [78.2818061, 28.4521533], [78.28083, 28.4526699], [78.2793933, 28.453527], [78.2788684, 28.4537489], [78.2784143, 28.4537559], [78.2769861, 28.4536387], [78.2766593, 28.453755], [78.2754056, 28.4547359], [78.2740429, 28.4556009], [78.2730063, 28.4560809], [78.2722994, 28.4562291], [78.2714594, 28.4562199], [78.2706878, 28.4561457], [78.2696143, 28.4558644], [78.2684335, 28.4553853], [78.2672039, 28.4551203], [78.266717, 28.4550432], [78.2659978, 28.4551072], [78.2641761, 28.4555187], [78.2633994, 28.4558158], [78.2621054, 28.456543], [78.2611036, 28.4574306], [78.2597247, 28.4592969], [78.2593942, 28.4596708], [78.2590127, 28.4598163], [78.2585177, 28.4598408], [78.2582122, 28.4598794], [78.258041, 28.4600094], [78.2579064, 28.4604273], [78.257786, 28.4617679], [78.2576608, 28.4625291], [78.257487, 28.4628447], [78.2567789, 28.4635678], [78.2559841, 28.4641942], [78.2558716, 28.4644805], [78.2559463, 28.4654398], [78.2561256, 28.4661626], [78.2561031, 28.4672886], [78.2560232, 28.4681504], [78.2558162, 28.4689029], [78.2556288, 28.4698018], [78.2555981, 28.4710235], [78.2554363, 28.4714471], [78.2553682, 28.4719495], [78.2551443, 28.4734344], [78.2550013, 28.4749365], [78.2548893, 28.4756721], [78.2547283, 28.4770489], [78.2547144, 28.4780431], [78.2546628, 28.4788154], [78.2546838, 28.4792528], [78.2547417, 28.4794811], [78.2550299, 28.479712], [78.2553602, 28.4798414], [78.2560582, 28.4798429], [78.2567514, 28.4797128], [78.2573809, 28.4797676], [78.2580478, 28.4800564], [78.2589213, 28.4806051], [78.2595843, 28.4813213], [78.2600436, 28.4819194], [78.2603935, 28.4825941], [78.2604498, 28.4829242], [78.2607832, 28.4833173], [78.2618647, 28.4840179], [78.2641768, 28.4852434], [78.2649825, 28.4857973], [78.2670238, 28.4871793], [78.2681148, 28.487924], [78.2686363, 28.4884388], [78.2689752, 28.4889278], [78.2691327, 28.4892949], [78.2690752, 28.4895278], [78.2688603, 28.4898789], [78.2680501, 28.4906189], [78.2663113, 28.4924812], [78.2661116, 28.4927067], [78.2652411, 28.4938833], [78.2643883, 28.4947666], [78.2638343, 28.495126], [78.2625718, 28.4959778], [78.2617149, 28.4966633], [78.2616717, 28.4968426], [78.2618844, 28.4976297], [78.2620198, 28.4981343], [78.2624615, 28.4994772], [78.2625625, 28.5000454], [78.2625773, 28.5004805], [78.2628504, 28.5007963], [78.2629678, 28.5009791], [78.262881, 28.5010265], [78.2626409, 28.5011121], [78.2622808, 28.5012112], [78.261839, 28.5012945], [78.2615248, 28.5013689], [78.261364, 28.5014478], [78.261101, 28.5015041], [78.2610014, 28.5015266], [78.2608099, 28.5014092], [78.2606031, 28.5012467], [78.2604806, 28.5011767], [78.2603299, 28.5011609], [78.2602636, 28.5011722], [78.2602022, 28.501206], [78.2601894, 28.5012466], [78.2601971, 28.5013165], [78.2602481, 28.5013638], [78.2602838, 28.5014271], [78.2603144, 28.501479], [78.2603118, 28.5015489], [78.2602939, 28.5015872], [78.2602658, 28.5016188], [78.2602352, 28.5016436], [78.2602326, 28.5016706], [78.2602504, 28.5016954], [78.2603194, 28.5017429], [78.2603449, 28.5017699], [78.2603449, 28.5017992], [78.2602964, 28.5018624], [78.2601839, 28.5019887], [78.260138, 28.5020045], [78.2600741, 28.5020045], [78.2597729, 28.5018058], [78.2597321, 28.5018103], [78.2596248, 28.5019636], [78.2595506, 28.5021599], [78.2595914, 28.5022862], [78.2595735, 28.5023358], [78.2595148, 28.5023742], [78.2593871, 28.5025162], [78.2589041, 28.5029334], [78.2587125, 28.5031498], [78.2584647, 28.503355], [78.2583702, 28.503443], [78.2583115, 28.5034497], [78.2582323, 28.5034226], [78.258069, 28.5033233], [78.2580358, 28.5033098], [78.2579694, 28.5033503], [78.2578953, 28.5034382], [78.2578517, 28.503639], [78.2577061, 28.503824], [78.2575401, 28.5039502], [78.257466, 28.5040269], [78.2574072, 28.5040335], [78.257282, 28.5040223], [78.2569986, 28.503959], [78.2569629, 28.503959], [78.2568863, 28.5039724], [78.2567765, 28.5040423], [78.2565414, 28.5041686], [78.2564981, 28.5041574], [78.2564522, 28.5041279], [78.2564215, 28.504076], [78.256396, 28.5040534], [78.256368, 28.5040534], [78.2563168, 28.5041776], [78.2560741, 28.5044369], [78.2559744, 28.5046307], [78.2560152, 28.504809], [78.2559997, 28.5049917], [78.2559588, 28.5051068], [78.2558054, 28.5053007], [78.2557441, 28.5053097], [78.2556523, 28.5052848], [78.2555858, 28.505172], [78.255313, 28.5046486], [78.2552338, 28.504565], [78.2551981, 28.5045764], [78.2549247, 28.5047748], [78.2547791, 28.50491], [78.2546207, 28.5050566], [78.2543395, 28.5054016], [78.2541479, 28.5056518], [78.2536779, 28.5060758], [78.2533737, 28.5064185], [78.2530902, 28.5067252], [78.2528473, 28.5071108], [78.2526662, 28.507323], [78.2520409, 28.5077808], [78.2510749, 28.5094367], [78.250727, 28.5105113], [78.2500492, 28.511386], [78.2492729, 28.5113775], [78.2487583, 28.5108246], [78.2486845, 28.5108201], [78.2482748, 28.5107955], [78.2480305, 28.5107808], [78.2469977, 28.5108589], [78.2466932, 28.5109271], [78.2461694, 28.5107783], [78.2456694, 28.5103616], [78.2453696, 28.510108], [78.2446646, 28.5098858], [78.2442194, 28.5098988], [78.2434067, 28.5101401], [78.2425929, 28.5104708], [78.2421683, 28.5104483], [78.2420604, 28.5104341], [78.2420433, 28.5104307], [78.2420205, 28.5104318], [78.2412796, 28.510349], [78.239361, 28.5101134], [78.2367129, 28.509959], [78.2345478, 28.5099886], [78.2333521, 28.5101363], [78.2326201, 28.5103964], [78.2315002, 28.5109024], [78.2303998, 28.5114623], [78.229295, 28.5120359], [78.2265502, 28.5129886], [78.22297, 28.514361], [78.2214209, 28.5151661], [78.220129, 28.5163674], [78.2186763, 28.5175132], [78.2171245, 28.5184969], [78.2166134, 28.5188667], [78.2162019, 28.5193447], [78.2158827, 28.5207609], [78.2155402, 28.5220799], [78.2151209, 28.5230942], [78.2140132, 28.5241545], [78.2124121, 28.5257454], [78.2118398, 28.5263907], [78.2118156, 28.526418], [78.2093755, 28.5293284], [78.2085817, 28.5310536], [78.2077427, 28.5331178], [78.2072383, 28.5344171], [78.2066009, 28.5351249], [78.2062874, 28.5358186], [78.2060932, 28.5366567], [78.2061838, 28.5373906], [78.2059903, 28.5380415], [78.2057001, 28.5390178], [78.2052719, 28.5407409], [78.2052704, 28.540747], [78.2045137, 28.5427049], [78.2038295, 28.5438413], [78.2034062, 28.5451236], [78.2034003, 28.5455347], [78.2041179, 28.5462936], [78.2048757, 28.5470707], [78.2050342, 28.5473291], [78.2048896, 28.5489363], [78.2043033, 28.5517005], [78.2039116, 28.5535909], [78.2038854, 28.553657], [78.2032224, 28.5553237], [78.2027641, 28.5562302], [78.2019416, 28.5571326], [78.2014038, 28.557931], [78.2012915, 28.5583664], [78.2012751, 28.55843], [78.2012622, 28.5593236], [78.2009792, 28.5606969], [78.2001741, 28.5617961], [78.1998573, 28.5627042], [78.1996832, 28.5635424], [78.1997516, 28.564419], [78.1998762, 28.5655343], [78.2000041, 28.5666782], [78.1998919, 28.5674456], [78.1997165, 28.5683731], [78.1998037, 28.5693394], [78.2001483, 28.5707019], [78.2006296, 28.5710111], [78.2012316, 28.5713755], [78.2016123, 28.5716479], [78.2018222, 28.5725261], [78.2018424, 28.5725821], [78.2018784, 28.5726818], [78.2023054, 28.5738644], [78.2027481, 28.5754424], [78.2030073, 28.5757135], [78.2034503, 28.5758794], [78.2040294, 28.5764222], [78.204263, 28.5771078], [78.2043596, 28.5773912], [78.2043251, 28.5783739], [78.2040471, 28.5794075], [78.2035937, 28.5799566], [78.2031205, 28.5804875], [78.203111, 28.5811488], [78.203302, 28.5819374], [78.2033741, 28.5836941], [78.2033749, 28.5837127], [78.2034444, 28.5843759], [78.203721, 28.5848438], [78.2041002, 28.5852234], [78.2042169, 28.5855464], [78.2042286, 28.5861365], [78.2042222, 28.5865832], [78.204475, 28.5873011], [78.2044817, 28.5876394], [78.2044985, 28.5884811], [78.204951, 28.590792], [78.2054141, 28.5923702], [78.2054488, 28.5925285], [78.2054665, 28.5926094], [78.205642, 28.5934096], [78.2057148, 28.5954006], [78.2057787, 28.596581], [78.2055424, 28.5975258], [78.205087, 28.5982178], [78.2046749, 28.5987136], [78.2046984, 28.5998936], [78.2048186, 28.6013786], [78.2046238, 28.6022522], [78.2044575, 28.6025542], [78.2038451, 28.6029048], [78.2029954, 28.6028595], [78.201621, 28.602701], [78.2003449, 28.6027403], [78.1994875, 28.6032311], [78.1991505, 28.6036911], [78.199121, 28.6037313], [78.1987928, 28.6054257], [78.198572, 28.6080865], [78.1985567, 28.6091459], [78.1985376, 28.6104634], [78.1987647, 28.6129505], [78.1990256, 28.6145085], [78.1994806, 28.6166086], [78.1999152, 28.6173641], [78.2004298, 28.6181743], [78.2005986, 28.6191056], [78.2009519, 28.6198782], [78.201312, 28.6201861], [78.2026264, 28.6203082], [78.2036397, 28.620248], [78.2047975, 28.6199929], [78.2056299, 28.6198414], [78.2061851, 28.6199854], [78.2066461, 28.6203124], [78.2071025, 28.6209609], [78.2074327, 28.6219299], [78.2082791, 28.6236195], [78.2090507, 28.6248793], [78.2098651, 28.6259788], [78.2103246, 28.6264129], [78.2105478, 28.6268088], [78.2105636, 28.6268376], [78.2089712, 28.6268718], [78.2068616, 28.6269182], [78.2018096, 28.6270186], [78.2004516, 28.6270406], [78.196588, 28.6271032], [78.1933687, 28.6271454], [78.1877476, 28.6272238], [78.1867086, 28.6272383], [78.1842901, 28.6273343], [78.1839419, 28.627656], [78.1829401, 28.6283071], [78.1824135, 28.6286492], [78.1823812, 28.6291204], [78.1820453, 28.6294647], [78.1809737, 28.6296658], [78.1794101, 28.6301631], [78.1786829, 28.6303008], [78.1785311, 28.6302428], [78.1780717, 28.6303387], [78.1772821, 28.6303971], [78.1770208, 28.6299899], [78.1753544, 28.6308466], [78.1743755, 28.6299372], [78.1735569, 28.6293664], [78.1732017, 28.6292949], [78.1728834, 28.6293137], [78.172479, 28.6291294], [78.171601, 28.6299606], [78.1709436, 28.6305828], [78.1712324, 28.6311765], [78.170871, 28.6315316], [78.1701761, 28.6320739], [78.1693606, 28.633019], [78.1683384, 28.6341864], [78.1676019, 28.6349527], [78.1668836, 28.6353487], [78.1659482, 28.6357983], [78.1648862, 28.6361755], [78.1647844, 28.6362117], [78.163812, 28.6365711], [78.1629644, 28.6371116], [78.1625841, 28.6375249], [78.1620415, 28.6380913], [78.1605701, 28.6395004], [78.1584214, 28.6414134], [78.1583912, 28.6414403], [78.1556159, 28.6438336], [78.1551417, 28.6440639], [78.1547561, 28.6443289], [78.1542786, 28.6439192], [78.1537524, 28.6442276], [78.1525187, 28.6450442], [78.1516852, 28.6454837], [78.150956, 28.6448914], [78.1498367, 28.6440138], [78.1480863, 28.6427921], [78.1476583, 28.6424839], [78.1471731, 28.6426018], [78.1460587, 28.6430942], [78.1457511, 28.6429302], [78.1432213, 28.6444953], [78.1418207, 28.645411], [78.1408322, 28.6459946], [78.1398186, 28.64486], [78.139214, 28.6444487], [78.1389606, 28.6443783], [78.1385903, 28.6444639], [78.1383593, 28.6445959], [78.1382068, 28.6445829], [78.1378914, 28.6443996], [78.137011, 28.6437156], [78.1359274, 28.6430067], [78.134946, 28.6420711], [78.1341187, 28.6412417], [78.1333447, 28.6402557], [78.1325062, 28.6393252], [78.1319592, 28.6384766], [78.1316393, 28.637743], [78.131065, 28.6370176], [78.1304804, 28.6361237], [78.1301743, 28.635334], [78.1301627, 28.6353445], [78.1296455, 28.6358108], [78.1288987, 28.6363971], [78.1284213, 28.6368407], [78.1275549, 28.6377626], [78.126816, 28.6386746], [78.1257535, 28.6399535], [78.1252364, 28.6404976], [78.1246308, 28.6409958], [78.123704, 28.6415169], [78.1234014, 28.6417069], [78.122988, 28.6419794], [78.1226604, 28.6423692], [78.1221848, 28.6428797], [78.1213608, 28.6433398], [78.1208896, 28.6435601], [78.1198899, 28.6441213], [78.1193893, 28.6443541], [78.1190744, 28.6443891], [78.1189436, 28.6443359], [78.1188799, 28.6441997], [78.1187593, 28.6439596], [78.1185492, 28.6438345], [78.1183597, 28.6437936], [78.1180811, 28.6438484], [78.1176031, 28.6440234], [78.117089, 28.6441851], [78.1165237, 28.6443397], [78.1159809, 28.6444559], [78.1157686, 28.6445722], [78.1155313, 28.6447022], [78.1150322, 28.6448318], [78.1140755, 28.6450321], [78.1137169, 28.6450602], [78.1134573, 28.6448184], [78.1131017, 28.6446464], [78.1129799, 28.6446191], [78.1129195, 28.6446055], [78.1121964, 28.6450486], [78.1114382, 28.6453946], [78.1105836, 28.6458167], [78.1099826, 28.6459192], [78.1091689, 28.6458235], [78.1084446, 28.6458666], [78.1077695, 28.6460263], [78.1063233, 28.6464156], [78.1048108, 28.6469704], [78.1045185, 28.6470776], [78.1037626, 28.6472686], [78.102836, 28.6476253], [78.1018072, 28.6480952], [78.1012396, 28.6484045], [78.1005526, 28.6488674], [78.0998064, 28.6493746], [78.0991306, 28.649586], [78.0987443, 28.649708], [78.0982178, 28.6497147], [78.0977513, 28.6496252], [78.0973996, 28.6496727], [78.0962801, 28.6502142], [78.0952055, 28.6508327], [78.0932364, 28.6519383], [78.0918742, 28.6527718], [78.0903447, 28.6538117], [78.0894971, 28.6544325], [78.089023, 28.6547798], [78.088317, 28.6555261], [78.0876126, 28.6561455], [78.0870718, 28.6566209], [78.0870557, 28.6567075], [78.0880213, 28.6580997], [78.0875557, 28.6584232], [78.0882652, 28.6593579], [78.0881611, 28.6594728], [78.0881303, 28.6595756], [78.0882737, 28.659758], [78.0885752, 28.6601165], [78.0881408, 28.6603112], [78.0882826, 28.6606032], [78.0887991, 28.6612481], [78.0894943, 28.6621171], [78.0897885, 28.6624819], [78.0901396, 28.6629505], [78.0888972, 28.6638647], [78.0879592, 28.6644729], [78.0879127, 28.6646401], [78.0880975, 28.6649906], [78.0881026, 28.6651326], [78.0877247, 28.6654572], [78.0871505, 28.6657083], [78.0866802, 28.665864], [78.0866345, 28.6659796], [78.0866477, 28.6660701], [78.0868476, 28.6663821], [78.0871377, 28.666752], [78.0875116, 28.6675155], [78.0875085, 28.6677117], [78.0870712, 28.6681907], [78.086421, 28.6689942], [78.0857288, 28.6696402], [78.0843042, 28.6706569], [78.0837192, 28.6710817], [78.0835687, 28.6712238], [78.0835673, 28.6713154], [78.0837853, 28.6716058], [78.0839303, 28.671817], [78.0811659, 28.6731578], [78.0794763, 28.6740404], [78.0784916, 28.674408], [78.0765113, 28.6749076], [78.0746728, 28.6753647], [78.0740554, 28.6740487], [78.0735085, 28.6729692], [78.0731268, 28.672716], [78.0717167, 28.6727906], [78.0713681, 28.6723153], [78.070614, 28.6712069], [78.0705201, 28.6710389], [78.0705207, 28.6710048], [78.0705989, 28.6709544], [78.0706287, 28.6709035], [78.0706111, 28.6707922], [78.070165, 28.6702058], [78.0694712, 28.6693599], [78.0692722, 28.6690756], [78.0688532, 28.6686176], [78.0687015, 28.6684022], [78.0686932, 28.6683166], [78.0688109, 28.6682241], [78.0690058, 28.6681409], [78.0690364, 28.6680473], [78.068753, 28.6675824], [78.068142, 28.6663959], [78.067456, 28.6669174], [78.0666645, 28.6673606], [78.0654729, 28.6680127], [78.0637333, 28.6690171], [78.0637243, 28.6690219], [78.0620886, 28.6698925], [78.0602843, 28.6706995], [78.059105, 28.6711722], [78.0575472, 28.6716917], [78.0562131, 28.6721625], [78.0559436, 28.6719575], [78.0558468, 28.6719563], [78.0553964, 28.6722671], [78.0552421, 28.6722225], [78.055107, 28.6721952], [78.0546951, 28.6725235], [78.054028, 28.6730622], [78.0529498, 28.6726475], [78.0519017, 28.6721646], [78.051619, 28.6722809], [78.0504384, 28.6728305], [78.0482727, 28.6738208], [78.0467307, 28.6745711], [78.0452118, 28.6754119], [78.0441899, 28.6757327], [78.0428247, 28.6763141], [78.0412079, 28.6768925], [78.0389758, 28.6779575], [78.0368883, 28.6788974], [78.0351424, 28.6794631], [78.035094, 28.6794625], [78.0349981, 28.6794015], [78.0347914, 28.6789974], [78.034582, 28.6787641], [78.0344182, 28.6787108], [78.0332397, 28.6791235], [78.0331519, 28.6791548], [78.0323339, 28.6794457], [78.0313179, 28.6799885], [78.0299585, 28.6808178], [78.0290279, 28.6814728], [78.0276029, 28.6825024], [78.0266917, 28.6831576], [78.0265447, 28.6832669], [78.026419, 28.6832567], [78.0259988, 28.6828756], [78.025883, 28.6828486], [78.0252971, 28.683149], [78.0236124, 28.6843244], [78.0207046, 28.6860097], [78.0202831, 28.685714], [78.0190487, 28.6841606], [78.0183839, 28.683332], [78.0183385, 28.6833582], [78.0166437, 28.6843358], [78.0152243, 28.6852667], [78.0145656, 28.6858823], [78.013769, 28.6865539], [78.0128937, 28.6873804], [78.0120637, 28.688404], [78.011422, 28.6891565], [78.012311, 28.6905006], [78.0127475, 28.69107], [78.013019, 28.6914852], [78.0131218, 28.6917258], [78.0130911, 28.6918194], [78.0124143, 28.6923493], [78.0122857, 28.6925186], [78.0127403, 28.6931651], [78.0128811, 28.6934488], [78.012879, 28.693577], [78.0124573, 28.6938965], [78.0120263, 28.6941987], [78.0122904, 28.6946463], [78.0125839, 28.6950687], [78.0125731, 28.6951369], [78.0121322, 28.6954476], [78.0111508, 28.6962471], [78.0111889, 28.6964036], [78.0112908, 28.6966869], [78.0088962, 28.6986223], [78.0088947, 28.6987163], [78.0093014, 28.6993281], [78.0089586, 28.6995631], [78.0086461, 28.6997215], [78.0081639, 28.6989807], [78.0079372, 28.698619], [78.007841, 28.698575], [78.0076753, 28.6986413], [78.0067851, 28.6991771], [78.006698, 28.699176], [78.006459, 28.6989765], [78.0062712, 28.6986067], [78.005729, 28.6988828], [78.0056221, 28.6989071], [78.0053564, 28.698562], [78.0051754, 28.6983718], [78.005039, 28.6984213], [78.0040966, 28.6991957], [78.0038816, 28.6993127], [78.0037468, 28.6992597], [78.0033499, 28.6986395], [78.0031984, 28.698424], [78.0025037, 28.6988511], [78.0010063, 28.6997979], [78.0003027, 28.7003938], [77.9997436, 28.7008226], [77.9994903, 28.7009134], [77.9989661, 28.7009837], [77.9987008, 28.7009594], [77.998221, 28.7008884], [77.9975243, 28.7008376], [77.9965495, 28.7008369], [77.9957685, 28.7009035], [77.995174, 28.7009648], [77.9948922, 28.7009766], [77.9932765, 28.7009563], [77.9926966, 28.7009146], [77.9918088, 28.7008803], [77.9912929, 28.7009199], [77.9905173, 28.7009178], [77.9898241, 28.7009167], [77.9895125, 28.7008937], [77.9893787, 28.7008615], [77.9889457, 28.7005847], [77.9881137, 28.6997909], [77.9879302, 28.6996166], [77.9875627, 28.6992987], [77.9873142, 28.6991313], [77.9869686, 28.6990734], [77.9868173, 28.6990486], [77.9867141, 28.6990014], [77.9866633, 28.698932], [77.9866561, 28.6988325], [77.9866287, 28.6986565], [77.9866024, 28.698307], [77.9863551, 28.6984314], [77.9859162, 28.6987851], [77.9855537, 28.6992275], [77.9853109, 28.6995072], [77.9851469, 28.6997345], [77.9851234, 28.6998488], [77.9851636, 28.7000404], [77.9851585, 28.7000938], [77.9850967, 28.7001656], [77.9848427, 28.7003267], [77.9845309, 28.7005903], [77.984093, 28.7011426], [77.9837354, 28.7015507], [77.9836252, 28.7016678], [77.9835425, 28.7016973], [77.9834469, 28.7017153], [77.9833081, 28.7017211], [77.9831004, 28.7017109], [77.9829832, 28.701717], [77.9829434, 28.70177], [77.9829329, 28.7018807], [77.9829737, 28.7023054], [77.9830516, 28.7028413], [77.9830154, 28.7033331], [77.9831371, 28.7037174], [77.983147, 28.7039085], [77.9831417, 28.7039619], [77.9831151, 28.7039998], [77.9829666, 28.7040744], [77.9825613, 28.7042221], [77.9819119, 28.7044585], [77.9816594, 28.7045355], [77.9814757, 28.7046401], [77.9813084, 28.7047985], [77.9811228, 28.7050254], [77.9809224, 28.7053592], [77.9805866, 28.7057637], [77.9800055, 28.7065932], [77.9797705, 28.7069264], [77.9790962, 28.7076325], [77.9788219, 28.7079767], [77.9785242, 28.7084314], [77.978343, 28.7086469], [77.9782243, 28.7087525], [77.9781459, 28.708782], [77.9780246, 28.7087805], [77.977666, 28.7087148], [77.9767973, 28.7085815], [77.9763138, 28.7084684], [77.9758472, 28.7083899], [77.9756481, 28.7083721], [77.9755702, 28.7083749], [77.9755216, 28.7084316], [77.9755205, 28.7085004], [77.9755848, 28.7088069], [77.9755835, 28.7088872], [77.97557, 28.7089137], [77.9755217, 28.7089551], [77.9754343, 28.7089998], [77.9753605, 28.7090103], [77.9752525, 28.7089938], [77.9750975, 28.7089306], [77.9748609, 28.7088244], [77.9747573, 28.7088002], [77.974675, 28.7087954], [77.9745969, 28.7088058], [77.9745226, 28.7088469], [77.9744388, 28.7089337], [77.9743584, 28.7090855], [77.9740775, 28.7095711], [77.9737424, 28.7101935], [77.9733026, 28.7108604], [77.9730645, 28.7113733], [77.972535, 28.7122263], [77.9724413, 28.7124056], [77.9717108, 28.7114822], [77.971082, 28.710989], [77.9708918, 28.7109598], [77.9707302, 28.711038], [77.9705986, 28.7111395], [77.9697316, 28.7119614], [77.9694807, 28.712199], [77.9683046, 28.7131125], [77.9674821, 28.7135911], [77.9673988, 28.713655], [77.967367, 28.7137424], [77.9673298, 28.7138987], [77.9672845, 28.7140165], [77.9672134, 28.7141264], [77.9670506, 28.7142772], [77.9666837, 28.7144598], [77.9663488, 28.7145358], [77.9657327, 28.7145814], [77.9649438, 28.7146019], [77.9645408, 28.7145967], [77.9641464, 28.714607], [77.9639027, 28.7146727], [77.9636411, 28.7147687], [77.9634311, 28.714896], [77.9631899, 28.7150725], [77.9630225, 28.7152423], [77.9629167, 28.7153554], [77.9629166, 28.7153555], [77.9624081, 28.7151809], [77.9620045, 28.7149542], [77.9613444, 28.7145217], [77.9609498, 28.7142683], [77.9607568, 28.7141512], [77.9607016, 28.7140855], [77.9606977, 28.7140587], [77.9606984, 28.7140129], [77.9607079, 28.7139633], [77.960765, 28.7139182], [77.9609571, 28.7138328], [77.9612995, 28.7135581], [77.9616548, 28.7132952], [77.9617431, 28.713197], [77.9617442, 28.7131321], [77.9615562, 28.7129692], [77.9607158, 28.7124312], [77.9595704, 28.7117327], [77.9589012, 28.7113153], [77.9577538, 28.7104791], [77.9572643, 28.7102092], [77.9567996, 28.7100084], [77.9565904, 28.7098224], [77.956275, 28.7095049], [77.956019, 28.709261], [77.9556074, 28.7087361], [77.9551074, 28.7080458], [77.9546134, 28.70726], [77.9537155, 28.7060028], [77.9529224, 28.7049686], [77.9526611, 28.7045182], [77.9521335, 28.7036707], [77.9519348, 28.7033358], [77.9517158, 28.7034782], [77.9514518, 28.7037232], [77.9513596, 28.7037946], [77.9512591, 28.7038468], [77.9511591, 28.7038685], [77.9510248, 28.7038667], [77.9508741, 28.7038075], [77.9505113, 28.7034781], [77.9499127, 28.7029927], [77.9491793, 28.7025401], [77.9488583, 28.7023029], [77.9487464, 28.7022556], [77.9486685, 28.7022546], [77.9485945, 28.7022766], [77.9485242, 28.702333], [77.9484533, 28.7024314], [77.9483545, 28.7026441], [77.9482432, 28.7028185], [77.9478556, 28.7032032], [77.9476487, 28.7033993], [77.9475081, 28.7035198], [77.9472499, 28.7036731], [77.9469843, 28.7037538], [77.9466067, 28.7037948], [77.9462456, 28.7036221], [77.9460918, 28.7034978], [77.9458736, 28.7033269], [77.9457233, 28.7032447], [77.9455805, 28.7032314], [77.945163, 28.7033292], [77.9448352, 28.7035008], [77.9444262, 28.70387], [77.9442615, 28.7041353], [77.944181, 28.7042833], [77.9440143, 28.7044149], [77.9438961, 28.7044821], [77.9437398, 28.7045069], [77.9433981, 28.7044643], [77.9431255, 28.7044493], [77.942811, 28.7046019], [77.9422959, 28.7048322], [77.9418216, 28.7049522], [77.9413692, 28.7050686], [77.9409953, 28.705144], [77.9405655, 28.7052403], [77.9403395, 28.7052794], [77.9402051, 28.7052891], [77.9400329, 28.7052181], [77.9394336, 28.7047825], [77.9390567, 28.7045178], [77.9385885, 28.7042748], [77.937991, 28.7039882], [77.9371447, 28.7035531], [77.9367883, 28.7033613], [77.9366671, 28.7033559], [77.9366149, 28.7033629], [77.936571, 28.7034005], [77.9365311, 28.7034573], [77.9365292, 28.7035681], [77.9365109, 28.703629], [77.9364585, 28.7036589], [77.9364019, 28.7036696], [77.9362676, 28.7036679], [77.9358377, 28.7034637], [77.9352387, 28.7030088], [77.934886, 28.7025955], [77.9347801, 28.7024489], [77.9346858, 28.7023865], [77.9345597, 28.7024193], [77.9343678, 28.7024932], [77.9343113, 28.702504], [77.9342509, 28.7024917], [77.9341853, 28.7022617], [77.9341638, 28.7019901], [77.9340723, 28.7017635], [77.9339821, 28.7017126], [77.9335035, 28.7015765], [77.9328476, 28.701419], [77.932295, 28.7013048], [77.9323189, 28.7011677], [77.9323201, 28.701095], [77.9323039, 28.7010337], [77.9322529, 28.7009719], [77.9321755, 28.7009327], [77.9320672, 28.7009313], [77.9319502, 28.7009298], [77.9318899, 28.7009099], [77.9318348, 28.7008404], [77.931759, 28.7007057], [77.9317167, 28.7006478], [77.9316258, 28.700639], [77.9314129, 28.7006783], [77.9310865, 28.7007696], [77.9307556, 28.7008568], [77.9306365, 28.7007294], [77.9305733, 28.7006293], [77.9304893, 28.7004715], [77.9303396, 28.7000875], [77.9302392, 28.6998798], [77.9300332, 28.6994988], [77.9298138, 28.6991444], [77.9296483, 28.6989398], [77.9293924, 28.6986919], [77.9291938, 28.6983874], [77.9288772, 28.6978866], [77.9283326, 28.6970389], [77.9281037, 28.6967341], [77.9279858, 28.69653], [77.9279022, 28.6963493], [77.9278653, 28.6962189], [77.9278629, 28.6961042], [77.9278738, 28.6957108], [77.9278456, 28.6955806], [77.9277741, 28.6954535], [77.9276515, 28.6952761], [77.9271745, 28.6947809], [77.9268946, 28.694418], [77.9266979, 28.693999], [77.9264092, 28.6936513], [77.9261458, 28.6933422], [77.9259971, 28.6931645], [77.9258969, 28.6929415], [77.925699, 28.6925913], [77.9255086, 28.6923213], [77.9253217, 28.6920972], [77.9250048, 28.6918753], [77.9248556, 28.6917282], [77.9247791, 28.6916469], [77.9247194, 28.6915812], [77.9247114, 28.6915467], [77.924712, 28.6915085], [77.9247823, 28.6914521], [77.9248957, 28.6914039], [77.9249441, 28.6913663], [77.9249402, 28.6913357], [77.9248896, 28.6912509], [77.9244708, 28.6906494], [77.9238593, 28.6899154], [77.9235222, 28.6893494], [77.9233019, 28.6890484], [77.9230723, 28.6887895], [77.9228464, 28.6885725], [77.9226374, 28.6883712], [77.9225697, 28.6882786], [77.922549, 28.6882248], [77.9225584, 28.6881791], [77.9226421, 28.6880923], [77.9228171, 28.6879875], [77.9229096, 28.6879009], [77.9229324, 28.6878285], [77.9229341, 28.6877292], [77.922919, 28.6875992], [77.922788, 28.6874063], [77.9224278, 28.6869163], [77.9219088, 28.6860881], [77.9216904, 28.6856802], [77.9213629, 28.6853129], [77.9211025, 28.6850841], [77.9209105, 28.6849096], [77.9205004, 28.6845642], [77.9197269, 28.6839389], [77.919374, 28.6835407], [77.9190471, 28.6831391], [77.9182294, 28.6823031], [77.9176533, 28.6815237], [77.9173021, 28.6810262], [77.9170208, 28.6807512], [77.9164929, 28.6802055], [77.9157502, 28.6795462], [77.9153572, 28.6792125], [77.9150542, 28.678941], [77.9148774, 28.6788121], [77.9146379, 28.6784541], [77.9145414, 28.6782656], [77.9145353, 28.6781127], [77.9145379, 28.6779598], [77.9145226, 28.677845], [77.9137185, 28.6762028], [77.913304, 28.6756051], [77.9125949, 28.6747551], [77.9119851, 28.6741855], [77.9114081, 28.6737194], [77.9116163, 28.673447], [77.9125549, 28.6727561], [77.9138345, 28.6718749], [77.914699, 28.671206], [77.9150855, 28.6708862], [77.9147154, 28.6704878], [77.9143929, 28.6700823], [77.9130192, 28.6688301], [77.9121046, 28.6680959], [77.911732, 28.6678465], [77.9110933, 28.6674981], [77.9107623, 28.6673486], [77.9104302, 28.667264], [77.9101449, 28.6672334], [77.9097464, 28.6672282], [77.9093941, 28.6673192], [77.9083189, 28.6678975], [77.9077691, 28.6681386], [77.9068746, 28.6685281], [77.9063036, 28.6687461], [77.905749, 28.669014], [77.9052365, 28.6693511], [77.9047869, 28.6695668], [77.9044536, 28.669295], [77.9036984, 28.6686125], [77.9030163, 28.6679692], [77.9017704, 28.6668485], [77.9012113, 28.6663559], [77.900906, 28.6659698], [77.9006692, 28.6656304], [77.9004737, 28.6654062], [77.9003805, 28.6652865], [77.9003774, 28.6652139], [77.9003913, 28.6651568], [77.9004358, 28.6650923], [77.900515, 28.6650131], [77.9005683, 28.6649336], [77.900591, 28.6648727], [77.9005965, 28.6648079], [77.900555, 28.6647003], [77.9003168, 28.6644373], [77.8999901, 28.6640356], [77.8997471, 28.6638069], [77.8995767, 28.6636404], [77.8995303, 28.6635672], [77.8995186, 28.6634868], [77.8995288, 28.6633952], [77.8997098, 28.663195], [77.89994, 28.6629038], [77.9001307, 28.6626389], [77.9001884, 28.6625555], [77.9002112, 28.6624833], [77.9001999, 28.6623837], [77.9000809, 28.6622522], [77.8997935, 28.6620918], [77.8993537, 28.6617154], [77.8992306, 28.6615685], [77.8991642, 28.6613957], [77.8991707, 28.6612735], [77.8992507, 28.6611446], [77.8994275, 28.6609329], [77.8995822, 28.6607515], [77.8996072, 28.6605532], [77.8996113, 28.6603125], [77.8994652, 28.6599857], [77.8994257, 28.6595038], [77.8994623, 28.6591336], [77.899497, 28.6588742], [77.8995911, 28.6584321], [77.8997815, 28.6579226], [77.9001096, 28.6572238], [77.9003011, 28.6569091], [77.9007502, 28.6564756], [77.9011504, 28.6561178], [77.9020524, 28.6552775], [77.9025478, 28.6549172], [77.9034979, 28.6543067], [77.9038389, 28.6541163], [77.9040834, 28.6540011], [77.9042969, 28.6539275], [77.9044099, 28.6539022], [77.9046117, 28.6540043], [77.9047566, 28.6541437], [77.9048464, 28.6542136], [77.90495, 28.6542379], [77.9050972, 28.6542399], [77.9053624, 28.6541745], [77.9058979, 28.6540097], [77.9065674, 28.6538579], [77.9071101, 28.6537809], [77.9075743, 28.6537374], [77.9078682, 28.6537718], [77.9081043, 28.6538934], [77.9083645, 28.6541268], [77.9092041, 28.6531289], [77.9098306, 28.6524456], [77.9102958, 28.6520847], [77.9107362, 28.6516473], [77.910992, 28.6513679], [77.9112476, 28.6511113], [77.9107274, 28.650623], [77.9097722, 28.6497393], [77.9086374, 28.6487156], [77.9077006, 28.6477709], [77.9070719, 28.6470366], [77.9063625, 28.646221], [77.9050526, 28.6447975], [77.9041515, 28.6437883], [77.9037902, 28.6433862], [77.9029344, 28.6425228], [77.9016636, 28.6418641], [77.9013208, 28.6416494], [77.9008016, 28.6413674], [77.9006151, 28.641285], [77.9001454, 28.6409881], [77.8997653, 28.6406736], [77.8996505, 28.6405459], [77.8996085, 28.640469], [77.8996015, 28.6403772], [77.8996507, 28.6402823], [77.9001699, 28.6397924], [77.9008829, 28.6391138], [77.9017305, 28.6381581], [77.9017398, 28.63812], [77.9017364, 28.6380626], [77.9016211, 28.6379655], [77.9013095, 28.6377016], [77.9012331, 28.6376089], [77.9013221, 28.6374648], [77.9015512, 28.6372348], [77.9016135, 28.6371324], [77.901623, 28.6370829], [77.9016283, 28.6370256], [77.901617, 28.636926], [77.9014555, 28.6367443], [77.901269, 28.6365088], [77.9012536, 28.6363901], [77.9012647, 28.636245], [77.9014881, 28.6358429], [77.9017755, 28.6352352], [77.9014058, 28.6350737], [77.9013291, 28.6349963], [77.9013749, 28.6348554], [77.9014523, 28.6346272], [77.9016439, 28.6343126], [77.9018185, 28.6339671], [77.9018717, 28.6338952], [77.9018728, 28.6338341], [77.901865, 28.6337804], [77.9018051, 28.6337376], [77.9016538, 28.6337242], [77.9013466, 28.6337087], [77.9010511, 28.6336863], [77.8997544, 28.6336343], [77.8985784, 28.6335195], [77.8979254, 28.6334689], [77.8971879, 28.6334785], [77.8965529, 28.6334584], [77.8960431, 28.6333944], [77.8954032, 28.6333362], [77.8951567, 28.6333177], [77.8948929, 28.6332989], [77.894715, 28.6333234], [77.8945918, 28.6334402], [77.8938279, 28.634309], [77.8933784, 28.6347731], [77.8930303, 28.635124], [77.8926884, 28.6353717], [77.8919849, 28.6357369], [77.8916276, 28.6358698], [77.891488, 28.6359291], [77.8914099, 28.6359433], [77.8912631, 28.6359223], [77.8911081, 28.6358629], [77.8909876, 28.6358231], [77.8907481, 28.6358964], [77.8901978, 28.6361757], [77.8897093, 28.6363833], [77.8890178, 28.6368097], [77.8885149, 28.6371012], [77.8881445, 28.6372377], [77.8879056, 28.6372804], [77.8875363, 28.6373519], [77.8872967, 28.6374366], [77.8866558, 28.6376994], [77.8854688, 28.638234], [77.8849044, 28.6385743], [77.883833, 28.6391868], [77.8833306, 28.6394515], [77.8826938, 28.6397144], [77.8822051, 28.6399372], [77.8821268, 28.6399553], [77.8820622, 28.6399353], [77.8819899, 28.6398541], [77.8818973, 28.6397038], [77.8818507, 28.639642], [77.8817858, 28.6396374], [77.8814973, 28.6397941], [77.879664, 28.6409009], [77.879087, 28.6412143], [77.8781304, 28.6416984], [77.8772492, 28.6420764], [77.8758728, 28.6427957], [77.8754436, 28.6430765], [77.8752826, 28.6431203], [77.8747455, 28.6426202], [77.8742404, 28.6430376], [77.8737197, 28.6435698], [77.8733909, 28.643941], [77.873155, 28.6438221], [77.872907, 28.6441872], [77.8729023, 28.6441941], [77.8729062, 28.6442025], [77.8732631, 28.6444388], [77.8734161, 28.6446073], [77.8735276, 28.6448043], [77.873267, 28.6451699], [77.8722136, 28.6463285], [77.8716297, 28.645985], [77.8706432, 28.6455104], [77.8697712, 28.6451205], [77.8685772, 28.6447566], [77.867555, 28.6443723], [77.8673234, 28.6443768], [77.8670795, 28.644608], [77.8663896, 28.6453402], [77.8659821, 28.6458567], [77.8659058, 28.6463021], [77.8658731, 28.6472094], [77.8657756, 28.6478966], [77.8655007, 28.6481728], [77.8641804, 28.6491689], [77.8631048, 28.6498959], [77.8623887, 28.6506579], [77.8607527, 28.6520583], [77.8597033, 28.6527554], [77.8594314, 28.6526155], [77.8590851, 28.6528076], [77.8560125, 28.6550154], [77.8556837, 28.6550545], [77.8554657, 28.6550914], [77.8552523, 28.6550957], [77.8550884, 28.6550863], [77.8550077, 28.6550056], [77.8546922, 28.6545684], [77.8543167, 28.6538784], [77.8537342, 28.6528568], [77.8531748, 28.6519869], [77.8526694, 28.6514656], [77.851327, 28.6497681], [77.8503167, 28.6486954], [77.8494368, 28.6475185], [77.8488157, 28.6467537], [77.8480789, 28.64573], [77.8479496, 28.6452743], [77.8480078, 28.6448817], [77.8481178, 28.6444747], [77.8484051, 28.6437221], [77.848452, 28.6429964], [77.8483455, 28.6427075], [77.8482914, 28.6424522], [77.8478916, 28.6419555], [77.8465494, 28.6403156], [77.8457153, 28.6406101], [77.8454936, 28.6405525], [77.8443058, 28.6391169], [77.8447052, 28.6389257], [77.8433009, 28.6378475], [77.8422674, 28.6369876], [77.8409892, 28.6354019], [77.8402204, 28.6344483], [77.8386494, 28.6330075], [77.838319, 28.6327956], [77.8371306, 28.6335439], [77.8363456, 28.6338608], [77.8357862, 28.6332964], [77.8356155, 28.6331521], [77.8341513, 28.6341458], [77.8341443, 28.6341523], [77.8335326, 28.6335441], [77.8326577, 28.6327001], [77.8313047, 28.6316542], [77.8300771, 28.6304726], [77.8286545, 28.6291869], [77.8279317, 28.6286814], [77.8269478, 28.6284438], [77.8239167, 28.6283193], [77.8231242, 28.6283917], [77.8219359, 28.6287192], [77.8216132, 28.6288812], [77.8214205, 28.6288895], [77.820579, 28.6281363], [77.8197939, 28.6275576], [77.8187061, 28.6265948], [77.8185473, 28.6265275], [77.8183291, 28.6266982], [77.8181986, 28.6266675], [77.8178714, 28.626388], [77.8173624, 28.625965], [77.8172304, 28.6259462], [77.8171115, 28.6259485], [77.8168043, 28.6264353], [77.817342, 28.6270549], [77.8165036, 28.6274923], [77.8157018, 28.6270276], [77.8152814, 28.6289831], [77.8143461, 28.6283521], [77.8104806, 28.6260344], [77.804406, 28.6240902], [77.8002205, 28.6196377], [77.7979624, 28.6161209], [77.7959301, 28.6175757], [77.7957209, 28.6171376], [77.7937092, 28.6112952], [77.7920651, 28.6095403], [77.7924212, 28.6092554], [77.7921541, 28.6088751], [77.7912365, 28.6076095], [77.7902692, 28.6063967], [77.7895118, 28.6067993], [77.7890135, 28.6055239], [77.7885347, 28.6035769], [77.7882406, 28.6030039], [77.787698, 28.6024266], [77.7871873, 28.6019563], [77.7881831, 28.6011226], [77.7878293, 28.6005057], [77.7871507, 28.5995495], [77.7878684, 28.5991623], [77.7873546, 28.5983998], [77.7858038, 28.596479], [77.7847811, 28.5950635], [77.7859284, 28.5945682], [77.785652, 28.5941643], [77.784658, 28.5932215], [77.7837995, 28.5923897], [77.7830758, 28.5928505], [77.782816, 28.5927376], [77.7822554, 28.592052], [77.7815756, 28.5910839], [77.7811211, 28.5902923], [77.7806543, 28.5896479], [77.7795501, 28.588507], [77.7781766, 28.5870956], [77.7776329, 28.5865062], [77.7773649, 28.5867107], [77.7769873, 28.5867901], [77.7758806, 28.5868799], [77.7748309, 28.5869894], [77.7741303, 28.5870097], [77.7736981, 28.5870935], [77.7732466, 28.587191], [77.7723758, 28.5871642], [77.7720081, 28.5872061], [77.7718204, 28.587124], [77.7716787, 28.5870867], [77.7713573, 28.5873077], [77.7707605, 28.5879286], [77.7705814, 28.5877971], [77.7703144, 28.5878796], [77.7697099, 28.5882941], [77.7682443, 28.5891074], [77.7671116, 28.5882854], [77.76623, 28.5886859], [77.7659898, 28.5883642], [77.7645097, 28.5889715], [77.7637061, 28.5881351], [77.7626712, 28.5864646], [77.7620525, 28.5854182], [77.7626981, 28.5851344], [77.7621903, 28.5843593], [77.7609071, 28.5828185], [77.7590973, 28.5840982], [77.7583003, 28.5845161], [77.7579803, 28.5838231], [77.7575467, 28.5827009], [77.756615, 28.5827519], [77.7551576, 28.5831136], [77.7533954, 28.5814045], [77.7526866, 28.5806823], [77.7533418, 28.5794961], [77.753679, 28.5788961], [77.7529368, 28.5783837], [77.7528298, 28.5781487], [77.7528419, 28.5778674], [77.7535211, 28.576448], [77.7536468, 28.5761332], [77.752565, 28.5751366], [77.7525809, 28.5748917], [77.7529955, 28.5745047], [77.75418, 28.5741042], [77.7536062, 28.5730907], [77.7532557, 28.5728999], [77.7530223, 28.5729067], [77.752725, 28.5731621], [77.7515072, 28.5715186], [77.7506776, 28.5704283], [77.7506536, 28.5701988], [77.7512799, 28.5697948], [77.7513877, 28.5695059], [77.7513869, 28.5688359], [77.7513835, 28.5678737], [77.7510823, 28.567362], [77.7521901, 28.5666875], [77.7513985, 28.5651678], [77.7511702, 28.5653569], [77.7500066, 28.5643669], [77.7487335, 28.5634493], [77.7482426, 28.5631473], [77.7489093, 28.5625278], [77.7491211, 28.5622548], [77.7489875, 28.5619096], [77.7487117, 28.5611971], [77.7483407, 28.5602453], [77.7480593, 28.559571], [77.7478647, 28.5589169], [77.747484, 28.5589644], [77.7464111, 28.5592672], [77.745425, 28.5594503], [77.7443008, 28.5594237], [77.7439483, 28.5594622], [77.7434298, 28.5596857], [77.7428422, 28.5599003], [77.7414193, 28.5602686], [77.740331, 28.5604269], [77.7397816, 28.5604834], [77.7392886, 28.560531], [77.7381593, 28.5606668], [77.7371221, 28.5608432], [77.7365574, 28.5609246], [77.7361333, 28.5609789], [77.7356428, 28.5610219], [77.7350833, 28.5609996], [77.734516, 28.5608982], [77.7340586, 28.5607676], [77.7334658, 28.5605557], [77.7331131, 28.5603664], [77.7326557, 28.5601477], [77.7321701, 28.5598366], [77.7317791, 28.5595728], [77.7314008, 28.5593541], [77.7307619, 28.5588107], [77.7306341, 28.5587295], [77.7296525, 28.5577147], [77.729328, 28.557381], [77.7286404, 28.5565917], [77.7282876, 28.5561565], [77.7278174, 28.5557348], [77.727572, 28.5554574], [77.7271273, 28.5551981], [77.7264042, 28.5547201], [77.7261716, 28.5545623], [77.7259621, 28.5544969], [77.725773, 28.5543165], [77.7256094, 28.5541902], [77.7252773, 28.5540144], [77.7247278, 28.5537641], [77.7242756, 28.5535973], [77.7237441, 28.5533336], [77.7230363, 28.5529075], [77.7226197, 28.5526008], [77.7224255, 28.5523144], [77.7222006, 28.5521], [77.721871, 28.5518363], [77.7215311, 28.5514979], [77.7212729, 28.5512229], [77.7210326, 28.550677], [77.7207591, 28.5502778], [77.7204856, 28.5498628], [77.7201969, 28.5496644], [77.7198308, 28.5495388], [77.7198289, 28.5495382], [77.7198315, 28.5495539], [77.71952, 28.5500548], [77.7190501, 28.5506843], [77.718736, 28.5511377], [77.7181486, 28.5518417], [77.7177962, 28.5522658], [77.7174949, 28.5526223], [77.7170989, 28.5530329], [77.7167464, 28.5533872], [77.7160875, 28.5540708], [77.7157096, 28.5544521], [77.7153596, 28.5548943], [77.7152984, 28.5551605], [77.7151605, 28.555359], [77.7144784, 28.5559276], [77.7141362, 28.5562052], [77.7136432, 28.5565549], [77.7132625, 28.5567355], [77.7127874, 28.5569408], [77.7122152, 28.5570694], [77.7111804, 28.5570809], [77.7105187, 28.5570856], [77.7099285, 28.5570473], [77.7095529, 28.5569707], [77.7089781, 28.5568715], [77.7078922, 28.5567296], [77.7073684, 28.5566034], [77.7064179, 28.5563215], [77.7058967, 28.5560892], [77.7054394, 28.5558615], [77.7050075, 28.5556765], [77.704563, 28.5556405], [77.7040163, 28.5556812], [77.703099, 28.5557761], [77.7025677, 28.5558325], [77.7019698, 28.5558236], [77.7013617, 28.5556996], [77.7008789, 28.5556184], [77.7002938, 28.5556703], [77.699908, 28.5558531], [77.699461, 28.5560291], [77.6988938, 28.5562841], [77.6980277, 28.5566247], [77.6974503, 28.5568323], [77.6971132, 28.5569767], [77.6964872, 28.5572655], [77.6962368, 28.5569925], [77.6959531, 28.5565415], [77.6957053, 28.5561873], [77.695202, 28.5563047], [77.6946783, 28.5563565], [77.6940932, 28.5564445], [77.6930815, 28.5566137], [77.6925603, 28.5567266], [77.6914106, 28.5569026], [77.6911807, 28.5566951], [77.6908178, 28.5563319], [77.6903988, 28.5558673], [77.6895378, 28.5562033], [77.689032, 28.5563951], [77.6884903, 28.5565349], [77.6879564, 28.5566049], [77.6874301, 28.5566839], [77.686615, 28.556747], [77.6863545, 28.5565913], [77.6860223, 28.5562846], [77.6853785, 28.555865], [77.6852586, 28.5558063], [77.6856348, 28.5554869], [77.6880791, 28.5519446], [77.6892479, 28.5512952], [77.688808, 28.5506872], [77.6892545, 28.5495209], [77.6884435, 28.5485003], [77.6893547, 28.5481267], [77.6897465, 28.5473705], [77.6894094, 28.5458032], [77.6883888, 28.543835], [77.6889082, 28.5433521], [77.6877808, 28.540516], [77.6879059, 28.538632], [77.6900017, 28.5376479], [77.6911134, 28.5360442], [77.6925147, 28.5352584], [77.6922797, 28.5335475], [77.6914049, 28.5324905], [77.6898559, 28.5317069], [77.6875318, 28.5299568], [77.6857373, 28.5280803], [77.6874868, 28.526914], [77.6860653, 28.524636], [77.6845345, 28.521629], [77.684498, 28.519187], [77.6835537, 28.5163661], [77.6847167, 28.5159796], [77.6857555, 28.5135011], [77.6867031, 28.5126081], [77.6859924, 28.5114054], [77.6851868, 28.5115834], [77.6819831, 28.5100203], [77.680343, 28.5095647], [77.6779009, 28.5103848], [77.6760968, 28.5072138], [77.6751127, 28.5066853], [77.6734725, 28.5069769], [77.670502, 28.5059017], [77.6673492, 28.5026761], [77.6684062, 28.4999971], [77.6682969, 28.4974093], [77.6645428, 28.4993411], [77.6624288, 28.4999242], [77.660005, 28.4992864], [77.6581161, 28.4982317], [77.6554307, 28.4960972], [77.6544649, 28.4963888], [77.6531892, 28.4975004], [77.6532125, 28.4950585], [77.6511117, 28.4917234], [77.650328, 28.4916505], [77.6485238, 28.4928898], [77.6471388, 28.4921244], [77.6451706, 28.4934729], [77.6383002, 28.4889352], [77.6370658, 28.489449], [77.6355484, 28.4880422], [77.6301026, 28.4839881], [77.6286779, 28.4825203], [77.6240278, 28.4789461], [77.6230831, 28.4787844], [77.6216467, 28.4750178]]]}, "properties": {"name": "Bulandshahr"}}, {"type": "Feature", "geometry": {"type": "Polygon", "coordinates": [[[77.1206335, 28.1146314], [77.1208931, 28.1141893], [77.121463, 28.1138374], [77.1219668, 28.1136659], [77.1225316, 28.1134133], [77.1230151, 28.1133727], [77.1236714, 28.1132193], [77.1241498, 28.1128899], [77.1244755, 28.1125605], [77.1245874, 28.1124838], [77.125025, 28.1127546], [77.1258341, 28.1129666], [77.1261802, 28.1130253], [77.1267959, 28.1128493], [77.1275999, 28.1125786], [77.1282359, 28.1124071], [77.1286939, 28.1120191], [77.1292842, 28.1117483], [77.1296555, 28.1114551], [77.1296098, 28.1111483], [77.1298285, 28.1109543], [77.1303985, 28.1105482], [77.1312736, 28.1101015], [77.1314009, 28.1100022], [77.131294, 28.1098488], [77.131182, 28.1095194], [77.1313346, 28.1092443], [77.1313245, 28.1089059], [77.1314212, 28.1088156], [77.13164, 28.1087569], [77.1318282, 28.1086892], [77.1318384, 28.1085449], [77.1320216, 28.1083599], [77.1321233, 28.1082922], [77.1321996, 28.108053], [77.1322759, 28.1078004], [77.1323624, 28.1076154], [77.1325812, 28.1074395], [77.1328661, 28.1074124], [77.1329527, 28.107286], [77.1330798, 28.1070243], [77.1331824, 28.1066383], [77.1337464, 28.1066453], [77.1339143, 28.1066272], [77.1340414, 28.1065325], [77.1343823, 28.1063565], [77.1347945, 28.1062978], [77.1350031, 28.1062707], [77.1351456, 28.1063745], [77.1352678, 28.1064331], [77.1353085, 28.1065504], [77.1357714, 28.1066452], [77.1363057, 28.1065999], [77.1366212, 28.1064421], [77.1367637, 28.1063292], [77.1371148, 28.1063292], [77.1374718, 28.1064274], [77.1375283, 28.1063903], [77.1380204, 28.1060674], [77.1388701, 28.1054086], [77.1398113, 28.1044701], [77.140727, 28.1032924], [77.1417088, 28.1018756], [77.1425379, 28.1009054], [77.1431993, 28.1000165], [77.1428735, 28.0995699], [77.1423035, 28.0986225], [77.1420847, 28.0979818], [77.1416063, 28.0968765], [77.1413415, 28.0959652], [77.1410819, 28.0955771], [77.1408174, 28.0955005], [77.1404662, 28.0951532], [77.1400083, 28.0945937], [77.1396826, 28.0940298], [77.1394842, 28.0938177], [77.1392907, 28.0931184], [77.1392448, 28.0926943], [77.1389395, 28.0921891], [77.1385019, 28.0917019], [77.1382373, 28.0912958], [77.1378455, 28.0905243], [77.1376724, 28.0899017], [77.1373417, 28.0893423], [77.1370724, 28.0886356], [77.1368029, 28.0888272], [77.1365581, 28.088237], [77.1362324, 28.0875783], [77.1361204, 28.0871722], [77.1358151, 28.0863782], [77.135464, 28.0856969], [77.1351791, 28.0851555], [77.1350061, 28.0846547], [77.1348354, 28.0839789], [77.1348329, 28.083396], [77.1348533, 28.0832019], [77.1347006, 28.082638], [77.1345684, 28.0824621], [77.1344411, 28.0819206], [77.1342834, 28.0811446], [77.1344156, 28.0805264], [77.1344155, 28.0797099], [77.1344815, 28.0789158], [77.1343746, 28.078027], [77.134222, 28.0775442], [77.1339777, 28.0765155], [77.133825, 28.0753154], [77.1337842, 28.0742506], [77.1337841, 28.0735919], [77.1336316, 28.0733212], [77.1333471, 28.0724213], [77.1348065, 28.0721209], [77.1361188, 28.0717329], [77.137253, 28.0714259], [77.1379477, 28.0712568], [77.138367, 28.0709566], [77.1396996, 28.070591], [77.1407677, 28.0700855], [77.1411364, 28.0699486], [77.1412556, 28.0699044], [77.1408794, 28.0690614], [77.140157, 28.067744], [77.1394127, 28.0664946], [77.1398974, 28.0662506], [77.1399838, 28.0660746], [77.1397446, 28.0656325], [77.1397193, 28.0652806], [77.1398972, 28.0649737], [77.1399175, 28.0647978], [77.1398106, 28.0644279], [77.1399377, 28.0641751], [77.14007, 28.0640624], [77.1403548, 28.063945], [77.1403547, 28.0634984], [77.1404411, 28.0631104], [77.1405936, 28.0627223], [77.1408327, 28.0624516], [77.141031, 28.0621222], [77.1411174, 28.0617161], [77.1412496, 28.0615988], [77.1417938, 28.0613867], [77.1422973, 28.0610978], [77.1425566, 28.0607685], [77.1430601, 28.0604209], [77.1435432, 28.060069], [77.1441535, 28.0598162], [77.144718, 28.0595861], [77.1452673, 28.0593153], [77.1457911, 28.0588866], [77.1462284, 28.0585391], [77.1468666, 28.0583554], [77.1470812, 28.0583354], [77.1470892, 28.0583347], [77.1471895, 28.0576095], [77.1473012, 28.0570455], [77.1474741, 28.0566981], [77.1475859, 28.0563867], [77.1478908, 28.0557279], [77.1479977, 28.0554978], [77.1479976, 28.0551865], [77.1477524, 28.0544774], [77.1477325, 28.0544198], [77.1473667, 28.0539097], [77.1472141, 28.0536165], [77.1467969, 28.0531339], [77.1464256, 28.0528812], [77.1462526, 28.0526872], [77.1460339, 28.0523579], [77.1457693, 28.0517985], [77.1454438, 28.0514286], [77.1452452, 28.0505759], [77.1450722, 28.0498405], [77.1447873, 28.0493532], [77.1445279, 28.0491819], [77.1441972, 28.0487578], [77.1439175, 28.0482886], [77.143626, 28.0478622], [77.1435318, 28.0477879], [77.1430629, 28.0474179], [77.1424525, 28.0469352], [77.1419948, 28.0462946], [77.1415573, 28.0455998], [77.1410334, 28.0448013], [77.1405501, 28.0440073], [77.1400059, 28.0431185], [77.1396142, 28.0422658], [77.1393497, 28.0417786], [77.1392382, 28.0415627], [77.139787, 28.0413364], [77.1404429, 28.0411829], [77.1408548, 28.0409076], [77.141226, 28.0407361], [77.1415972, 28.040718], [77.1420142, 28.0406368], [77.1420599, 28.0404834], [77.1418616, 28.0402307], [77.1414903, 28.0399194], [77.1411851, 28.0396713], [77.1410733, 28.0395496], [77.1410428, 28.0394818], [77.1411089, 28.0392969], [77.1411495, 28.0392202], [77.1411292, 28.0390848], [77.1410172, 28.0389585], [77.1409766, 28.0388502], [77.1409765, 28.0387058], [77.1409409, 28.0385615], [77.14089, 28.0383674], [77.140768, 28.0382501], [77.1405391, 28.0380742], [77.1403763, 28.0378125], [77.1403408, 28.0375328], [77.1403763, 28.0373027], [77.1404627, 28.0369508], [77.1407779, 28.0367477], [77.141083, 28.0366981], [77.1414237, 28.0365627], [77.1415101, 28.0365627], [77.1417745, 28.0364273], [77.1421762, 28.0363911], [77.1424508, 28.0365715], [77.1426797, 28.036585], [77.1428627, 28.0364181], [77.1429847, 28.0363504], [77.143117, 28.0363819], [77.1432899, 28.0365173], [77.1434322, 28.0366797], [77.1436713, 28.0367293], [77.1439103, 28.0367789], [77.1440984, 28.0366706], [77.1442815, 28.0366615], [77.1445561, 28.0365532], [77.1447543, 28.0364945], [77.1449374, 28.0365847], [77.14509, 28.0367562], [77.145451, 28.0368644], [77.1456697, 28.0367651], [77.14569, 28.0366207], [77.145756, 28.0363997], [77.1456999, 28.0354882], [77.1455725, 28.0335662], [77.14544, 28.0327135], [77.1453841, 28.0323074], [77.1457247, 28.0320819], [77.1460958, 28.031793], [77.1462023, 28.0317348], [77.1463162, 28.0316725], [77.1462889, 28.0312605], [77.1460702, 28.0308049], [77.1458006, 28.0305704], [77.1456125, 28.0303177], [77.145536, 28.0291536], [77.1459732, 28.0288107], [77.1462579, 28.0286437], [77.1463544, 28.0284994], [77.1464764, 28.028355], [77.1464765, 28.0282286], [77.1466594, 28.0280752], [77.147117, 28.028075], [77.1475238, 28.0280254], [77.147895, 28.0279847], [77.1483831, 28.0276958], [77.1488101, 28.0274612], [77.1490745, 28.0272401], [77.1493134, 28.0269693], [77.1493997, 28.0265632], [77.1493997, 28.0263286], [77.1494911, 28.0258458], [77.1495213, 28.024569], [77.1493583, 28.0233779], [77.1492413, 28.0230937], [77.1488902, 28.0220966], [77.1485749, 28.0215236], [77.148302, 28.0208118], [77.1482632, 28.0207789], [77.1479493, 28.0205131], [77.1477967, 28.0203868], [77.1474052, 28.0203192], [77.1471299, 28.0203554], [77.146867, 28.0203939], [77.1468063, 28.0202898], [77.1466527, 28.020026], [77.1464238, 28.0191824], [77.1462507, 28.0180499], [77.1461082, 28.0175085], [77.1459759, 28.0170212], [77.1459861, 28.0168949], [77.1462352, 28.0168002], [77.146169, 28.0160512], [77.1459196, 28.0146842], [77.1459093, 28.0144495], [77.1458533, 28.0141878], [77.1454416, 28.014197], [77.1452991, 28.0141518], [77.1453092, 28.0138405], [77.1449838, 28.0135112], [77.1444672, 28.0130071], [77.1444038, 28.0129359], [77.1436415, 28.012027], [77.1423906, 28.010624], [77.1415211, 28.0095638], [77.1405245, 28.0083231], [77.1399042, 28.0072674], [77.1394669, 28.006717], [77.1391821, 28.0062705], [77.1388568, 28.0062208], [77.1382569, 28.0061261], [77.1379722, 28.006081], [77.137723, 28.0059277], [77.1374485, 28.0055307], [77.1371638, 28.0051517], [77.1370977, 28.0049397], [77.1372959, 28.0047276], [77.1373264, 28.0045832], [77.1371536, 28.0044072], [77.137001, 28.0040463], [77.1366502, 28.0034372], [77.1365078, 28.0031936], [77.1363451, 28.0029816], [77.1361367, 28.0026838], [77.1359079, 28.0023906], [77.1358112, 28.0022958], [77.1359993, 28.0020432], [77.1360095, 28.0019438], [77.1358417, 28.0017138], [77.1356485, 28.0012356], [77.1352697, 28.0002775], [77.1367774, 28.0002434], [77.1385647, 28.0002455], [77.1399799, 28.0001935], [77.1407462, 28.0000279], [77.1412806, 27.9998111], [77.1416313, 27.9997163], [77.1420177, 27.9996847], [77.1426226, 27.9997477], [77.1431157, 27.9999688], [77.144173, 28.0000002], [77.1449507, 27.9998738], [77.145337, 27.9995894], [77.1459063, 27.9991518], [77.1463637, 27.9989937], [77.1468212, 27.9989936], [77.1471414, 27.9989936], [77.1475634, 27.9990883], [77.1478125, 27.9988987], [77.1485189, 27.9982715], [77.1492608, 27.9975178], [77.1500688, 27.9966063], [77.151131, 27.9956361], [77.1520153, 27.9948508], [77.1520812, 27.9946297], [77.152015, 27.9941289], [77.1511303, 27.9929064], [77.1498185, 27.9912418], [77.1492626, 27.9904687], [77.1492541, 27.9904568], [77.1490456, 27.9901726], [77.1484762, 27.989356], [77.1480898, 27.9888869], [77.1480897, 27.9886026], [77.148232, 27.988386], [77.1490095, 27.9875061], [77.1497819, 27.9865946], [77.1498079, 27.9863663], [77.1498174, 27.9862833], [77.1496445, 27.9859043], [77.1496799, 27.9854982], [77.1497814, 27.9849026], [77.1498881, 27.9845868], [77.1501726, 27.9841807], [77.150386, 27.9837745], [77.1505942, 27.9831428], [77.1509499, 27.9827367], [77.1516207, 27.9822989], [77.1520068, 27.9816717], [77.1521845, 27.9812926], [77.1521488, 27.9806655], [77.1520725, 27.9801376], [77.1520724, 27.9799527], [77.1519301, 27.9796053], [77.1515741, 27.9791677], [77.1514369, 27.9788835], [77.1515384, 27.978509], [77.1515383, 27.9782248], [77.1512231, 27.9776292], [77.1508671, 27.9768127], [77.150623, 27.9761224], [77.1503739, 27.9756216], [77.149952, 27.9750893], [77.1493165, 27.9743675], [77.1486811, 27.9736141], [77.1479745, 27.9728608], [77.1470188, 27.9718548], [77.1460988, 27.9709164], [77.146043, 27.9708419], [77.1456057, 27.9702578], [77.1448993, 27.9696307], [77.1445841, 27.9692518], [77.1440505, 27.9692835], [77.1439086, 27.9693309], [77.1432082, 27.9695674], [77.1432463, 27.9695125], [77.1434508, 27.9692249], [77.1437708, 27.9682819], [77.1438775, 27.9677178], [77.1440146, 27.9671855], [77.14405, 27.9661477], [77.1441565, 27.965331], [77.1442632, 27.9650197], [77.1443698, 27.9646091], [77.1443697, 27.9639188], [77.1444051, 27.9630751], [77.1444406, 27.9629172], [77.1445474, 27.9628224], [77.1451469, 27.9624117], [77.1454264, 27.962132], [77.1454263, 27.9620056], [77.1454974, 27.9618477], [77.146417, 27.9611572], [77.14723, 27.9606878], [77.1481801, 27.9600605], [77.1489218, 27.9595912], [77.149877, 27.9590225], [77.151005, 27.9584583], [77.1519956, 27.9579889], [77.152519, 27.9578669], [77.1527985, 27.9578669], [77.1531186, 27.9579571], [77.1534692, 27.9580201], [77.153896, 27.9579885], [77.155024, 27.9576769], [77.1557302, 27.9572978], [77.1563298, 27.9571758], [77.1563297, 27.9569547], [77.1560501, 27.9564856], [77.1556942, 27.9557006], [77.1557296, 27.9548523], [77.1557647, 27.9538462], [77.1558712, 27.9528129], [77.1561199, 27.9519962], [77.1564702, 27.9511163], [77.1568561, 27.9502724], [77.1570339, 27.949704], [77.1576685, 27.9482013], [77.1582678, 27.947574], [77.1584101, 27.947553], [77.1586946, 27.9475108], [77.1588674, 27.9475738], [77.1590452, 27.9476641], [77.1592943, 27.9479798], [77.1596806, 27.9484174], [77.1600008, 27.9487647], [77.1605293, 27.949297], [77.1607429, 27.9496443], [77.1609513, 27.9497661], [77.1614491, 27.9497028], [77.1625059, 27.9496123], [77.1626483, 27.949734], [77.1632125, 27.9503024], [77.1639545, 27.9508662], [77.164234, 27.9511775], [77.1645898, 27.9513669], [77.1647676, 27.9513352], [77.1648387, 27.9513036], [77.1652248, 27.9509605], [77.1657174, 27.9505183], [77.1658239, 27.9501122], [77.1657171, 27.9495482], [77.1658236, 27.9491376], [77.1660369, 27.9490743], [77.1663876, 27.9492006], [77.1666366, 27.9494216], [77.1668147, 27.9499855], [77.1671656, 27.9508968], [77.1674047, 27.951393], [77.1676892, 27.9515193], [77.1678976, 27.9515508], [77.1681465, 27.9515191], [77.1684615, 27.9513295], [77.1689238, 27.9512662], [77.1694522, 27.9511082], [77.1699806, 27.9510132], [77.1702296, 27.9510448], [77.1704024, 27.951171], [77.1705446, 27.9511394], [77.1713218, 27.950733], [77.1723073, 27.9502003], [77.1733689, 27.949663], [77.1741105, 27.9490987], [77.1741461, 27.9489409], [77.1742171, 27.9486611], [77.1747807, 27.9480969], [77.1756237, 27.947122], [77.1757659, 27.9469008], [77.1752728, 27.9464318], [77.1745307, 27.9457102], [77.1735446, 27.9448623], [77.1729752, 27.943924], [77.1729446, 27.9436397], [77.1733306, 27.9434502], [77.1744583, 27.9429489], [77.1756215, 27.9423845], [77.1761548, 27.9420414], [77.1767896, 27.9416622], [77.1774246, 27.9414093], [77.1783388, 27.9409081], [77.1791516, 27.9407183], [77.1805994, 27.9404064], [77.1813767, 27.9402797], [77.1816561, 27.9402796], [77.1818696, 27.9403743], [77.182083, 27.9405636], [77.182576, 27.9409064], [77.1834553, 27.9415331], [77.183562, 27.9416279], [77.1831407, 27.9422236], [77.1823997, 27.9437309], [77.1820141, 27.9447372], [77.1815167, 27.945739], [77.1805321, 27.9477472], [77.1798266, 27.9493808], [77.1809193, 27.9498496], [77.1813817, 27.9499126], [77.1819458, 27.9500071], [77.1828247, 27.949912], [77.1835309, 27.9499432], [77.1841662, 27.9501956], [77.1845219, 27.9503489], [77.185086, 27.9503486], [77.1861428, 27.9503166], [77.1868847, 27.9503794], [77.1873776, 27.9506003], [77.1877331, 27.9502888], [77.1881901, 27.9498149], [77.1888605, 27.9492189], [77.1890383, 27.9491558], [77.1892517, 27.9491872], [77.1894956, 27.9494082], [77.1898158, 27.9494396], [77.1903085, 27.9492093], [77.1905878, 27.9490512], [77.1915071, 27.9482973], [77.1922485, 27.9477961], [77.1929188, 27.9472633], [77.1937262, 27.9465094], [77.1943304, 27.945882], [77.1948229, 27.9453494], [77.1954932, 27.9447489], [77.1962702, 27.9442161], [77.1970776, 27.9437149], [77.1978546, 27.9431821], [77.1990176, 27.9425227], [77.1996879, 27.9420215], [77.2006069, 27.9412675], [77.2007297, 27.9411713], [77.2012062, 27.940798], [77.2016991, 27.9410774], [77.2018415, 27.9412036], [77.2019482, 27.9412036], [77.2026896, 27.9407971], [77.2033244, 27.9402914], [77.2042739, 27.9396637], [77.2052641, 27.9390044], [77.2061732, 27.9385031], [77.2062975, 27.938345], [77.2064219, 27.938187], [77.2065946, 27.938187], [77.2067367, 27.9380289], [77.2071224, 27.9374332], [77.2076553, 27.9367425], [77.208254, 27.9358352], [77.2086752, 27.9350815], [77.2087815, 27.9347656], [77.2087101, 27.9342649], [77.2083896, 27.9336063], [77.2084248, 27.9332634], [77.2085668, 27.932979], [77.2087538, 27.9327969], [77.2088866, 27.9326676], [77.2090593, 27.9326042], [77.2096585, 27.9323828], [77.2104355, 27.931913], [77.2116338, 27.9312852], [77.2125175, 27.9308424], [77.213401, 27.9304042], [77.2142744, 27.9299344], [77.2152951, 27.9294329], [77.2160363, 27.9288684], [77.2173766, 27.9280824], [77.2175442, 27.9279944], [77.2177981, 27.9278611], [77.2188593, 27.9272333], [77.2194938, 27.9267004], [77.2205853, 27.9259778], [77.221499, 27.9252236], [77.2216767, 27.9250069], [77.2214983, 27.9243167], [77.2211826, 27.9235634], [77.220826, 27.922341], [77.2207948, 27.9215875], [77.2207946, 27.9212717], [77.2210021, 27.9204548], [77.2212858, 27.9197057], [77.2215461, 27.9188717], [77.2215999, 27.9186993], [77.2218126, 27.9179773], [77.2219191, 27.9178508], [77.2220969, 27.9177921], [77.2225181, 27.9174444], [77.2228376, 27.9168801], [77.2234719, 27.9161893], [77.22435, 27.9154668], [77.2249131, 27.9147445], [77.2253746, 27.9140223], [77.2258311, 27.9133361], [77.2262925, 27.9124559], [77.226926, 27.9109801], [77.227453, 27.9096307], [77.2281574, 27.9079698], [77.2285778, 27.9067783], [77.2288359, 27.9060664], [77.228897, 27.9058982], [77.2289625, 27.905429], [77.2291043, 27.9050228], [77.2294232, 27.9039216], [77.2295287, 27.9026987], [77.2296655, 27.9024145], [77.2301326, 27.902229], [77.2310817, 27.9015696], [77.2328479, 27.9003771], [77.2333047, 27.9001556], [77.2341523, 27.8996542], [77.2347158, 27.899374], [77.2349239, 27.8992474], [77.2349235, 27.8989], [77.2347146, 27.8981467], [77.2343934, 27.897019], [77.234286, 27.8961708], [77.2343112, 27.8961732], [77.2349564, 27.8962335], [77.2360887, 27.8961694], [77.2371805, 27.8961099], [77.238059, 27.8959512], [77.2384499, 27.8958562], [77.2390491, 27.8957925], [77.2403184, 27.8955072], [77.2409483, 27.8954426], [77.2415167, 27.8953844], [77.2419739, 27.895384], [77.243035, 27.8951304], [77.2443041, 27.8947548], [77.2451467, 27.894375], [77.2456746, 27.894158], [77.2462075, 27.8938101], [77.2471563, 27.8931189], [77.2480033, 27.8921797], [77.249885, 27.8905027], [77.2497451, 27.8820945], [77.2499999, 27.881975], [77.2506305, 27.8817219], [77.2513531, 27.8815812], [77.252935, 27.8812832], [77.2537263, 27.881349], [77.254043, 27.8814584], [77.2543712, 27.8817396], [77.2545202, 27.8823173], [77.2547108, 27.8837325], [77.2547616, 27.8865753], [77.2549057, 27.8873035], [77.2550965, 27.8879522], [77.2551588, 27.8886245], [77.2555213, 27.8905526], [77.2558271, 27.8913068], [77.2563073, 27.891915], [77.2582984, 27.8938449], [77.2609336, 27.8957357], [77.2632607, 27.8975312], [77.2638112, 27.8980307], [77.2643518, 27.8976636], [77.2651664, 27.8972921], [77.2663934, 27.8965915], [77.2672556, 27.8961833], [77.2675613, 27.8961496], [77.2678956, 27.8963304], [77.2684696, 27.8967937], [77.26971, 27.8959638], [77.2704581, 27.8956937], [77.271193, 27.8955598], [77.2728241, 27.8952965], [77.275005, 27.8947233], [77.2771884, 27.893885], [77.2787536, 27.8931715], [77.2806862, 27.8922943], [77.2819059, 27.8922863], [77.2825721, 27.8922702], [77.2829156, 27.8921213], [77.2840985, 27.8916289], [77.2844954, 27.8913358], [77.2852218, 27.8906075], [77.285515, 27.8900209], [77.2863182, 27.8879248], [77.2871214, 27.8858287], [77.2887154, 27.8872977], [77.2910739, 27.8894288], [77.292827, 27.8903737], [77.2948103, 27.8911429], [77.2966333, 27.8915691], [77.2966971, 27.8915338], [77.2971972, 27.89124], [77.297746, 27.8907711], [77.2999915, 27.8894368], [77.3005198, 27.8890896], [77.3010629, 27.8888209], [77.3031156, 27.8878051], [77.3040197, 27.8873905], [77.3051118, 27.8868722], [77.3056959, 27.8867325], [77.3063814, 27.8868051], [77.3067318, 27.8867872], [77.3068083, 27.8867568], [77.3072194, 27.8865934], [77.3077274, 27.8863004], [77.3083929, 27.8859037], [77.308921, 27.8856603], [77.3096017, 27.8852771], [77.3101097, 27.8849299], [77.3107345, 27.8846008], [77.311537, 27.884326], [77.3118266, 27.8840464], [77.3121771, 27.8837352], [77.3126852, 27.8833565], [77.3135436, 27.8826439], [77.3143006, 27.8820036], [77.3152202, 27.8809798], [77.3155782, 27.880459], [77.316079, 27.8797303], [77.316704, 27.8789681], [77.3178369, 27.8778901], [77.3189035, 27.8771461], [77.320214, 27.8761766], [77.321621, 27.8752567], [77.3223981, 27.8746344], [77.3227893, 27.8740615], [77.3232213, 27.8733127], [77.323545, 27.8727128], [77.3236888, 27.8724465], [77.3240596, 27.8721354], [77.3245268, 27.8719099], [77.3246158, 27.8715997], [77.3247455, 27.8711475], [77.3248579, 27.8695277], [77.3249448, 27.8683276], [77.3248843, 27.8672041], [77.3247121, 27.8664505], [77.3243012, 27.8654578], [77.3238041, 27.8644694], [77.3234491, 27.8638151], [77.3234493, 27.863373], [77.3235663, 27.8630572], [77.3238306, 27.8622541], [77.3237756, 27.860323], [77.3235679, 27.8594611], [77.3230149, 27.8587074], [77.3223399, 27.8582379], [77.321868, 27.8578723], [77.3218376, 27.8576602], [77.3220458, 27.8574527], [77.3228382, 27.8567492], [77.3244784, 27.8556037], [77.3258265, 27.854825], [77.3270935, 27.8540932], [77.3288249, 27.853047], [77.329937, 27.8522667], [77.3305515, 27.8516939], [77.3325218, 27.8499981], [77.3347205, 27.8478961], [77.3351572, 27.847418], [77.3392632, 27.8502033], [77.3432341, 27.8525349], [77.3478206, 27.8553434], [77.349189, 27.8557582], [77.3516451, 27.8543053], [77.3543683, 27.8524842], [77.356121, 27.8535173], [77.3609126, 27.8508215], [77.3652756, 27.8537907], [77.3670269, 27.8533481], [77.3702341, 27.854767], [77.3717097, 27.8557574], [77.3770773, 27.8571088], [77.3770135, 27.8588856], [77.382857, 27.8575368], [77.3862075, 27.857291], [77.3862622, 27.8577102], [77.3891416, 27.8572455], [77.3897156, 27.8569995], [77.3900482, 27.8572887], [77.3922123, 27.85607], [77.3932328, 27.855988], [77.3944994, 27.8545574], [77.3965802, 27.8534154], [77.40024, 27.8536827], [77.4042128, 27.8532909], [77.4090891, 27.8519977], [77.4132928, 27.8518293], [77.4219905, 27.8543468], [77.422429, 27.8577915], [77.4114634, 27.8667938], [77.4128119, 27.869495], [77.4092722, 27.8740241], [77.4094373, 27.8765583], [77.4104377, 27.8797409], [77.4118851, 27.8804902], [77.4158316, 27.8835406], [77.4179812, 27.8887187], [77.42007, 27.8903915], [77.4216092, 27.8907509], [77.4252342, 27.8897844], [77.4276307, 27.8898391], [77.4282752, 27.8908689], [77.4291626, 27.8901156], [77.4305009, 27.8886637], [77.4324972, 27.8876457], [77.4340637, 27.8866864], [77.4365585, 27.8843127], [77.4380381, 27.880777], [77.4415219, 27.8783398], [77.4436177, 27.8767634], [77.445628, 27.8758985], [77.446046, 27.8746038], [77.4461326, 27.8735468], [77.4476634, 27.8730594], [77.4488207, 27.8723076], [77.4496498, 27.8714739], [77.4504927, 27.8709955], [77.4519779, 27.8717609], [77.4538203, 27.8728055], [77.4576092, 27.8744626], [77.4611234, 27.8765627], [77.4618007, 27.8767543], [77.4617916, 27.8770686], [77.4624567, 27.8776655], [77.4634044, 27.8782167], [77.4643384, 27.8786405], [77.4653361, 27.8791917], [77.4657781, 27.8800619], [77.4656323, 27.8802624], [77.4664296, 27.8809412], [77.4676669, 27.8813258], [77.468826, 27.8819436], [77.4704662, 27.882709], [77.4712043, 27.8829413], [77.4721565, 27.8835974], [77.4732864, 27.8845405], [77.4744026, 27.885766], [77.4752453, 27.8869725], [77.4769631, 27.8898573], [77.4777194, 27.8913426], [77.4788977, 27.895147], [77.479478, 27.8979078], [77.4791135, 27.8979761], [77.4791909, 27.8984454], [77.4780656, 27.898532], [77.4786442, 27.8995844], [77.4791226, 27.8996846], [77.4791846, 27.9057167], [77.4807172, 27.9078991], [77.4790111, 27.9088495], [77.4788082, 27.909963], [77.4788173, 27.9109061], [77.4793595, 27.9127786], [77.4803664, 27.9144916], [77.4804538, 27.9150167], [77.4798151, 27.9154165], [77.479077, 27.9151158], [77.4771088, 27.916355], [77.4774733, 27.9174029], [77.4782387, 27.918469], [77.4784574, 27.9192527], [77.4781658, 27.9199816], [77.4795803, 27.9217376], [77.4778925, 27.9231708], [77.4776191, 27.9241914], [77.4757056, 27.9246288], [77.476307, 27.9261778], [77.4775098, 27.9282371], [77.4757785, 27.9275264], [77.4752185, 27.9292815], [77.4817377, 27.932866], [77.4843467, 27.9346011], [77.4873475, 27.9357278], [77.492248, 27.9369939], [77.4953991, 27.9308081], [77.500863, 27.9252228], [77.5088024, 27.9266257], [77.5170606, 27.9323798], [77.5259414, 27.927226], [77.5260266, 27.9259545], [77.5260594, 27.9254828], [77.5282272, 27.9251755], [77.533608, 27.9293123], [77.5365738, 27.9339959], [77.536946, 27.9371269], [77.5368654, 27.937987], [77.5400181, 27.942543], [77.5432604, 27.9495116], [77.5449204, 27.9531675], [77.5456129, 27.9562839], [77.5462004, 27.9577867], [77.544223, 27.9621543], [77.5379223, 27.9630085], [77.5328952, 27.9614646], [77.5268421, 27.9617328], [77.5187431, 27.96211], [77.5186049, 27.9656692], [77.5168763, 27.9711205], [77.5187507, 27.9742345], [77.5213237, 27.9765352], [77.5290017, 27.9759931], [77.5331994, 27.977375], [77.5377696, 27.9789963], [77.5390431, 27.98013], [77.5412209, 27.9817337], [77.5424875, 27.9848682], [77.5427036, 27.986593], [77.5424553, 27.9890805], [77.5418405, 27.9893878], [77.5385329, 27.991438], [77.5345281, 27.9938083], [77.5297033, 27.9967685], [77.5242414, 28.0000804], [77.5237987, 28.0011969], [77.5238261, 28.0024179], [77.5239262, 28.0069695], [77.5233614, 28.0083498], [77.5223682, 28.012432], [77.5199956, 28.0155735], [77.5187234, 28.0160859], [77.5174477, 28.0163957], [77.5141491, 28.0187193], [77.5083805, 28.0227261], [77.5078983, 28.0240498], [77.5081808, 28.0252344], [77.511862, 28.0275671], [77.5118209, 28.0286825], [77.5128917, 28.0302824], [77.5127368, 28.0318953], [77.5109873, 28.032524], [77.509322, 28.0329228], [77.5040125, 28.0340294], [77.501693, 28.0345651], [77.5000346, 28.0349113], [77.4978113, 28.0350753], [77.4926104, 28.0356008], [77.4907659, 28.0359308], [77.489884, 28.0362152], [77.4876531, 28.0367368], [77.4861115, 28.0377178], [77.4845898, 28.0392395], [77.4829087, 28.0407618], [77.4835981, 28.0421124], [77.4845169, 28.0436315], [77.4861571, 28.0448161], [77.4879612, 28.0453719], [77.4905308, 28.0467934], [77.4913476, 28.0471525], [77.4920343, 28.0468025], [77.4927359, 28.0467478], [77.4936016, 28.0471852], [77.4942212, 28.0484518], [77.4955698, 28.0503471], [77.4968454, 28.0515954], [77.4986596, 28.0523446], [77.5003546, 28.0549742], [77.5014014, 28.0571082], [77.5010916, 28.0590035], [77.499979, 28.0630924], [77.4990323, 28.0639877], [77.497866, 28.0649536], [77.4967349, 28.0655538], [77.4949866, 28.0674867], [77.493228, 28.0689538], [77.4909773, 28.0710951], [77.4896538, 28.0725953], [77.486599, 28.0735052], [77.4858142, 28.074117], [77.4848973, 28.0748948], [77.4836467, 28.0757923], [77.4814917, 28.0779109], [77.478048, 28.0805542], [77.4756081, 28.0851146], [77.4766159, 28.0883375], [77.4778604, 28.0906848], [77.4790191, 28.0924264], [77.4797272, 28.0969316], [77.4817657, 28.0991273], [77.4821346, 28.1013307], [77.4819912, 28.1070514], [77.4833232, 28.107288], [77.4843908, 28.1070086], [77.4868619, 28.1069445], [77.4886751, 28.1069823], [77.4894888, 28.1057706], [77.4900388, 28.1051467], [77.4904853, 28.1033789], [77.4902952, 28.1019381], [77.4904944, 28.0991447], [77.4906785, 28.0970284], [77.4916363, 28.0954361], [77.49331, 28.0945086], [77.4951124, 28.0943099], [77.4976337, 28.0943761], [77.4988925, 28.0942182], [77.4999617, 28.0951326], [77.5006147, 28.0970075], [77.4994506, 28.0990387], [77.4991035, 28.1002535], [77.4979325, 28.1043866], [77.498194, 28.1081081], [77.4990869, 28.1099503], [77.5002351, 28.112901], [77.5015242, 28.114444], [77.504536, 28.1169285], [77.5074632, 28.1185041], [77.5093836, 28.1199719], [77.5123773, 28.1247858], [77.5123905, 28.1267877], [77.5115313, 28.1285144], [77.5091284, 28.1302138], [77.5063747, 28.1313266], [77.5014561, 28.1322184], [77.4971552, 28.1319451], [77.4936803, 28.1328598], [77.4918394, 28.135387], [77.4913236, 28.136738], [77.4917609, 28.138287], [77.4931812, 28.1393997], [77.4964263, 28.1402188], [77.5023085, 28.1430807], [77.5041551, 28.145038], [77.5051374, 28.1477635], [77.5049733, 28.1488752], [77.50404, 28.1508966], [77.5012195, 28.1529657], [77.5003991, 28.154798], [77.5016566, 28.1586068], [77.5017813, 28.1606318], [77.5027865, 28.1616502], [77.5045724, 28.1627619], [77.5108288, 28.1666885], [77.5123541, 28.1669898], [77.5135204, 28.166188], [77.515068, 28.163465], [77.517475, 28.1632904], [77.5211927, 28.1616866], [77.5233507, 28.1611193], [77.528537, 28.1624612], [77.5318061, 28.1639553], [77.5341864, 28.1650399], [77.5362549, 28.1655319], [77.5391616, 28.1666618], [77.5426139, 28.1687583], [77.5464375, 28.1728488], [77.5478772, 28.1748763], [77.5493204, 28.1760805], [77.5496768, 28.1792181], [77.5490754, 28.1830452], [77.5477878, 28.1872701], [77.5467063, 28.1895147], [77.5453233, 28.1908914], [77.5436447, 28.191246], [77.5409111, 28.1909909], [77.5372964, 28.1903043], [77.5351887, 28.1895512], [77.5327733, 28.1869762], [77.5309972, 28.185961], [77.5292113, 28.1861979], [77.5268268, 28.1870711], [77.5203544, 28.1920114], [77.5181028, 28.19291], [77.5166003, 28.1931231], [77.5149601, 28.1928133], [77.5115262, 28.1901202], [77.507987, 28.1860498], [77.5051117, 28.1799596], [77.4997043, 28.1819644], [77.4985068, 28.1872833], [77.4985949, 28.1903803], [77.4993057, 28.1927768], [77.4996702, 28.1949455], [77.4990354, 28.1961621], [77.4982487, 28.1986358], [77.4975653, 28.2008865], [77.4969183, 28.2039572], [77.4969282, 28.2053939], [77.4978751, 28.2066999], [77.5002614, 28.2084978], [77.5023278, 28.2096626], [77.5035701, 28.20988], [77.5050645, 28.2096431], [77.5086517, 28.2087449], [77.5115522, 28.2076202], [77.5144043, 28.2060803], [77.5174477, 28.2042488], [77.5191248, 28.2023383], [77.5206278, 28.1983078], [77.5219096, 28.1966304], [77.523981, 28.1956653], [77.5266176, 28.1964112], [77.5289288, 28.1977337], [77.5305722, 28.1985006], [77.5321271, 28.2002304], [77.5338489, 28.2022481], [77.5348516, 28.2046224], [77.5354074, 28.2071009], [77.535489, 28.2092124], [77.5352799, 28.2103356], [77.5335759, 28.2137526], [77.5325708, 28.2144312], [77.5292295, 28.2163951], [77.5265759, 28.2178446], [77.5248831, 28.219074], [77.5225777, 28.2194112], [77.5214582, 28.220142], [77.5208465, 28.2217347], [77.5212474, 28.2243954], [77.5216042, 28.2249968], [77.5232976, 28.2268192], [77.5257214, 28.2289241], [77.5291255, 28.2306263], [77.5313708, 28.2318035], [77.5346876, 28.2329334], [77.539465, 28.2346138], [77.5430615, 28.2362775], [77.5471447, 28.2382811], [77.5494035, 28.2398221], [77.5500436, 28.2412448], [77.550424, 28.2421001], [77.550014, 28.2436673], [77.5493568, 28.2445918], [77.5475264, 28.2467654], [77.5456508, 28.248239], [77.5446561, 28.2486972], [77.5422597, 28.2477313], [77.5411207, 28.247786], [77.5386331, 28.2485331], [77.5374121, 28.2482416], [77.5367012, 28.2478242], [77.5325813, 28.2450268], [77.5310155, 28.2446514], [77.5281214, 28.2450055], [77.5247008, 28.2456811], [77.5234525, 28.243968], [77.5220627, 28.2422795], [77.5188327, 28.2424372], [77.5160966, 28.2442726], [77.5138093, 28.2466134], [77.5133017, 28.247221], [77.5122447, 28.2468292], [77.5088004, 28.2465376], [77.5082172, 28.2467836], [77.5095428, 28.2494953], [77.5075885, 28.2499091], [77.5014181, 28.2524424], [77.4992419, 28.2500184], [77.4981269, 28.2480276], [77.4979886, 28.2480429], [77.4972032, 28.2478445], [77.4960258, 28.2474955], [77.4949466, 28.2469186], [77.4941695, 28.2457866], [77.4935517, 28.244492], [77.4932889, 28.2436251], [77.4933446, 28.240891], [77.4934465, 28.2394609], [77.4933875, 28.2372573], [77.4936033, 28.2358473], [77.4945009, 28.2346225], [77.4958679, 28.2334576], [77.4959071, 28.2334241], [77.4961716, 28.2331897], [77.4971031, 28.2323417], [77.4978024, 28.2316736], [77.4981719, 28.2308718], [77.4981874, 28.2308374], [77.4982373, 28.230726], [77.4981986, 28.2300738], [77.497834, 28.2296091], [77.4972651, 28.22949], [77.4972579, 28.2294899], [77.4971593, 28.2294691], [77.4962011, 28.2294534], [77.4956454, 28.2294444], [77.4948947, 28.229067], [77.4937285, 28.2281767], [77.4930534, 28.2271472], [77.4924403, 28.2261371], [77.4916701, 28.224684], [77.4910374, 28.2241233], [77.4902756, 28.223276], [77.4891241, 28.2221839], [77.4895235, 28.2214469], [77.4899611, 28.2198569], [77.490238, 28.2190169], [77.4893197, 28.2182038], [77.4884045, 28.2177488], [77.4883863, 28.2177576], [77.4874707, 28.218202], [77.4871815, 28.2186288], [77.4866881, 28.2198966], [77.4862123, 28.2213208], [77.4856168, 28.2214857], [77.4848404, 28.221354], [77.4848269, 28.2213457], [77.4843377, 28.2210432], [77.4841966, 28.2203251], [77.4838776, 28.2191636], [77.4834234, 28.2185139], [77.4828583, 28.2182112], [77.4828331, 28.2182146], [77.4817646, 28.218359], [77.4801527, 28.2184434], [77.4785746, 28.2183998], [77.4785591, 28.2183824], [77.4778435, 28.2175805], [77.4775231, 28.2169972], [77.4776211, 28.2162737], [77.4781152, 28.2154831], [77.4785784, 28.2142907], [77.4785099, 28.2142896], [77.4785153, 28.2142756], [77.4773031, 28.2142585], [77.476249, 28.2145164], [77.4753937, 28.214905], [77.4746603, 28.2149913], [77.4725111, 28.2152591], [77.4710037, 28.2155218], [77.4705653, 28.2151882], [77.4703979, 28.2149209], [77.4702236, 28.2146426], [77.4702232, 28.2141689], [77.4701868, 28.2133568], [77.4698856, 28.2124682], [77.4690903, 28.2117108], [77.4681732, 28.2113595], [77.4679179, 28.211099], [77.4677756, 28.2109537], [77.4673574, 28.2103224], [77.4666027, 28.2092626], [77.4663831, 28.2085229], [77.4660061, 28.208505], [77.4645551, 28.2091512], [77.4620143, 28.2099469], [77.459906, 28.2103859], [77.4584941, 28.208952], [77.4566488, 28.2068056], [77.4566274, 28.2054656], [77.4561077, 28.2052178], [77.4554305, 28.2054844], [77.4547176, 28.2056698], [77.4526503, 28.206271], [77.4514588, 28.2065514], [77.4503841, 28.2065024], [77.4496915, 28.2066426], [77.4496904, 28.2066495], [77.4496776, 28.206652], [77.4495843, 28.2072441], [77.4490351, 28.2073739], [77.4473236, 28.2070229], [77.4453845, 28.2068786], [77.4421188, 28.2075084], [77.442125, 28.207518], [77.442106, 28.2075218], [77.4430991, 28.209069], [77.4427221, 28.2094425], [77.442411, 28.2097484], [77.4404095, 28.2107757], [77.4388004, 28.2114487], [77.4371507, 28.2123112], [77.4349461, 28.2136341], [77.4342281, 28.2138826], [77.4330355, 28.2126469], [77.4323987, 28.2123043], [77.4308088, 28.2108566], [77.4271504, 28.2079887], [77.4249238, 28.2059096], [77.4240473, 28.2068429], [77.4237311, 28.2071772], [77.4237206, 28.2071883], [77.4212168, 28.2060004], [77.4198223, 28.2052893], [77.4190723, 28.2044786], [77.41776, 28.2023002], [77.4158092, 28.2004326], [77.4158042, 28.2004279], [77.4118083, 28.2029903], [77.4118041, 28.2029979], [77.4118004, 28.2030046], [77.413408, 28.2048088], [77.4136668, 28.2053083], [77.4134887, 28.2055114], [77.4131895, 28.2058517], [77.4140637, 28.2069341], [77.4140684, 28.2069399], [77.4124152, 28.2083067], [77.412364, 28.2083559], [77.4114743, 28.209212], [77.4114712, 28.2092197], [77.4114616, 28.209229], [77.4109739, 28.21045], [77.4104207, 28.2109673], [77.4104172, 28.2109765], [77.4104097, 28.2109835], [77.4099427, 28.2122215], [77.4092702, 28.2128309], [77.4087571, 28.2135486], [77.4087074, 28.2136177], [77.4082741, 28.214299], [77.4082682, 28.2143081], [77.4076093, 28.2146003], [77.4067312, 28.2134753], [77.4058378, 28.2115882], [77.4055049, 28.2111514], [77.404859, 28.2113153], [77.4039696, 28.2117322], [77.4039533, 28.2117399], [77.4031323, 28.2121316], [77.402197, 28.2127588], [77.4011623, 28.2131825], [77.3992786, 28.2140696], [77.3969974, 28.2151338], [77.3962569, 28.2153604], [77.3960558, 28.2150633], [77.3956373, 28.2152584], [77.3954249, 28.2150071], [77.3936313, 28.2155468], [77.3917227, 28.2161306], [77.3899554, 28.2169001], [77.3899553, 28.2169001], [77.3866401, 28.2183419], [77.384098, 28.2194842], [77.3817634, 28.2206115], [77.3803359, 28.2209827], [77.3798015, 28.2213581], [77.3797995, 28.2213594], [77.3793024, 28.2218377], [77.3792361, 28.2218898], [77.378765, 28.2222603], [77.3781546, 28.2228418], [77.3776758, 28.2232979], [77.3765573, 28.2247389], [77.3761425, 28.2252461], [77.3761274, 28.2252649], [77.3757275, 28.2257625], [77.375245, 28.2263945], [77.3752011, 28.2264518], [77.375201, 28.2264521], [77.3751946, 28.2264605], [77.3750885, 28.2270737], [77.3746136, 28.2284611], [77.3741958, 28.2296015], [77.3739411, 28.2308732], [77.3737354, 28.2322742], [77.3738165, 28.2328538], [77.3740854, 28.23353], [77.3740921, 28.2335467], [77.3735503, 28.2335287], [77.3735432, 28.2335285], [77.3735154, 28.2348498], [77.3734, 28.2354078], [77.3733792, 28.2355067], [77.372873, 28.2357774], [77.3701475, 28.2365173], [77.3679212, 28.2369233], [77.367264, 28.2364225], [77.3663522, 28.2353441], [77.3648598, 28.2324475], [77.363469, 28.2331512], [77.3609624, 28.2341571], [77.3595716, 28.234563], [77.3580993, 28.2350276], [77.3553176, 28.2360107], [77.3547351, 28.2359241], [77.3546197, 28.2359069], [77.3528724, 28.2352028], [77.3515989, 28.2348822], [77.3505647, 28.2349452], [77.3490108, 28.2353329], [77.3469834, 28.2349085], [77.3456742, 28.2348406], [77.3450557, 28.2350132], [77.344915, 28.2350525], [77.3449123, 28.2350616], [77.3449055, 28.2350633], [77.3447712, 28.2355292], [77.3446618, 28.2377487], [77.3442853, 28.2388806], [77.3443234, 28.2400098], [77.3422081, 28.2412013], [77.3422053, 28.2412073], [77.3421938, 28.2412138], [77.3416186, 28.2424249], [77.341604, 28.2435996], [77.341438, 28.2450654], [77.3410269, 28.2454698], [77.3410251, 28.2454716], [77.3359273, 28.248022], [77.3359123, 28.2480295], [77.331799, 28.2500787], [77.3317948, 28.2500808], [77.3317325, 28.2500889], [77.3317004, 28.2501343], [77.3313997, 28.2506249], [77.3311276, 28.2513564], [77.3310807, 28.2514823], [77.3307671, 28.252092], [77.3303815, 28.252673], [77.3297722, 28.2535348], [77.329616, 28.2536883], [77.3292264, 28.2540694], [77.3292028, 28.2540989], [77.3288917, 28.2544746], [77.3284724, 28.2551743], [77.3280176, 28.2560845], [77.327369, 28.2568446], [77.3268502, 28.2573045], [77.3264374, 28.257602], [77.3257141, 28.2581202], [77.3252808, 28.2584133], [77.3245886, 28.2588814], [77.3242376, 28.2590792], [77.3235918, 28.2594429], [77.3223738, 28.2601659], [77.3220394, 28.2602888], [77.3220156, 28.2602863], [77.3212843, 28.2602118], [77.3208526, 28.2602435], [77.3207836, 28.2602485], [77.3207756, 28.2602491], [77.3205187, 28.2601438], [77.3204284, 28.2600046], [77.3202536, 28.2599375], [77.3201597, 28.2599634], [77.3200561, 28.2600256], [77.3199812, 28.2600705], [77.3196753, 28.2603132], [77.31957, 28.2603511], [77.3195291, 28.2603658], [77.3193975, 28.2602168], [77.3192259, 28.2600028], [77.3191361, 28.2599656], [77.3191334, 28.2599645], [77.3188387, 28.2601706], [77.3183976, 28.2604385], [77.317949, 28.2605687], [77.3178994, 28.2605778], [77.3177201, 28.2606107], [77.3174217, 28.2605047], [77.3172174, 28.2603636], [77.3170655, 28.2601958], [77.3168452, 28.2601743], [77.3168379, 28.2601736], [77.3165761, 28.2602977], [77.3164151, 28.2603889], [77.3163663, 28.2604145], [77.3162185, 28.2604125], [77.3160884, 28.2602884], [77.3157392, 28.2599244], [77.3154434, 28.2596768], [77.315166, 28.2595732], [77.3149425, 28.2596041], [77.314937, 28.2596069], [77.3149219, 28.2596089], [77.3146592, 28.2597497], [77.3145343, 28.259814], [77.3144136, 28.2598328], [77.314369, 28.259837], [77.3141123, 28.2596226], [77.3137579, 28.2592542], [77.3136501, 28.2592154], [77.3134672, 28.2592411], [77.3134605, 28.2592443], [77.3134578, 28.2592446], [77.3133586, 28.2592926], [77.3132378, 28.2593511], [77.3132281, 28.2593558], [77.3131027, 28.2594164], [77.3130169, 28.2593886], [77.3130056, 28.2593391], [77.3130078, 28.2592037], [77.3130092, 28.2590323], [77.3130066, 28.2589105], [77.312851, 28.2587868], [77.3124497, 28.2586041], [77.3117642, 28.2580067], [77.3111646, 28.2576108], [77.3103712, 28.2569701], [77.3097089, 28.256264], [77.3089903, 28.2555453], [77.3085655, 28.2552186], [77.3085629, 28.2552186], [77.3085585, 28.2552151], [77.3084916, 28.2552198], [77.3084649, 28.2552217], [77.3084547, 28.2552225], [77.3083238, 28.2552733], [77.3083188, 28.2552752], [77.3080588, 28.255794], [77.3079058, 28.2561586], [77.307638, 28.2565934], [77.3076328, 28.2566006], [77.3072957, 28.2570478], [77.3070188, 28.2573919], [77.3065228, 28.2577965], [77.3059627, 28.2582919], [77.3053624, 28.2587314], [77.3048964, 28.2592005], [77.3048931, 28.2592034], [77.3042094, 28.259795], [77.3038398, 28.26011], [77.3033151, 28.260404], [77.3029991, 28.2606373], [77.302176, 28.2615091], [77.3021291, 28.2615587], [77.3019607, 28.2616851], [77.301244, 28.2622229], [77.3009606, 28.2623834], [77.300916, 28.2623963], [77.3007671, 28.2624376], [77.3006044, 28.2624539], [77.3004966, 28.2624151], [77.3004042, 28.2623851], [77.300283, 28.2621977], [77.3000643, 28.2617412], [77.2999923, 28.2617108], [77.2999364, 28.2617163], [77.2999285, 28.2617232], [77.2999279, 28.2617233], [77.2996319, 28.2619845], [77.2991254, 28.2623981], [77.2985451, 28.2628655], [77.2981005, 28.2632894], [77.2979322, 28.2633561], [77.2978172, 28.263358], [77.2977418, 28.2633567], [77.2974806, 28.2631516], [77.2971545, 28.2629135], [77.2969595, 28.2628491], [77.2968322, 28.2628512], [77.2966147, 28.2629271], [77.2963257, 28.2629951], [77.2958591, 28.2628586], [77.295464, 28.2627299], [77.2948344, 28.2625961], [77.2942952, 28.2626412], [77.2937718, 28.2627087], [77.2937687, 28.2627093], [77.2933963, 28.2627827], [77.2933843, 28.262787], [77.2933842, 28.262787], [77.2927156, 28.2630235], [77.2917553, 28.2633638], [77.2914392, 28.2634742], [77.2904382, 28.2638429], [77.2894311, 28.2641372], [77.2893841, 28.2641508], [77.2880168, 28.2645773], [77.2879635, 28.2645916], [77.2871264, 28.2648097], [77.2863673, 28.265057], [77.2861749, 28.2650971], [77.2860873, 28.2651134], [77.2860851, 28.2652144], [77.2862343, 28.2655015], [77.2862505, 28.2657128], [77.2862479, 28.2658321], [77.286109, 28.2660225], [77.2858669, 28.2661682], [77.2858038, 28.2661987], [77.2853961, 28.2663867], [77.2848086, 28.2667071], [77.2842105, 28.2670365], [77.283916, 28.2671744], [77.2835422, 28.2673465], [77.2827822, 28.2675486], [77.282643, 28.2676069], [77.2824652, 28.2676767], [77.2821496, 28.2678916], [77.2816124, 28.2682771], [77.2809798, 28.2687619], [77.2805174, 28.2690477], [77.2796963, 28.2696663], [77.2796899, 28.2696686], [77.2795492, 28.2697104], [77.2795165, 28.2697074], [77.2793116, 28.2696819], [77.278978, 28.2695702], [77.2781889, 28.2691277], [77.277539, 28.2687595], [77.2763225, 28.2681076], [77.2758073, 28.2679008], [77.2757034, 28.2678591], [77.2756749, 28.2678477], [77.27567, 28.2678446], [77.2751326, 28.2675049], [77.2744993, 28.2671996], [77.2738209, 28.2669267], [77.2733508, 28.2666232], [77.273244, 28.266634], [77.27324, 28.266637], [77.2732301, 28.2666376], [77.2730195, 28.26679], [77.2727229, 28.2670787], [77.2722467, 28.2675203], [77.2717829, 28.2678703], [77.2714469, 28.2680664], [77.2712877, 28.2681335], [77.2712505, 28.2681492], [77.2712376, 28.2681546], [77.2708043, 28.2685327], [77.2703203, 28.2688548], [77.2700021, 28.2689756], [77.2699963, 28.2689778], [77.2694251, 28.269023], [77.2690437, 28.2690343], [77.2690309, 28.2690346], [77.2686125, 28.2692018], [77.268182, 28.2694515], [77.267595, 28.2697443], [77.2669576, 28.269972], [77.2664574, 28.2700919], [77.2660779, 28.270189], [77.2658527, 28.2702467], [77.2656901, 28.2702886], [77.265519, 28.2703328], [77.2651537, 28.2704458], [77.2648196, 28.2705502], [77.2644364, 28.2706577], [77.2641483, 28.2707372], [77.2637832, 28.2708199], [77.2635032, 28.2708336], [77.2630369, 28.2709541], [77.2628568, 28.271018], [77.2626932, 28.2710735], [77.2624108, 28.271188], [77.2621387, 28.2713026], [77.2619294, 28.2713908], [77.2616635, 28.2715206], [77.2613689, 28.2715998], [77.2613246, 28.27161], [77.2611254, 28.2716523], [77.2609702, 28.2716457], [77.2607735, 28.2716367], [77.2607704, 28.2716372], [77.2607629, 28.2716369], [77.2605652, 28.2716702], [77.2604782, 28.2717098], [77.2604387, 28.2717277], [77.260429, 28.2717321], [77.2602181, 28.2718937], [77.2599881, 28.2719815], [77.2598947, 28.2719917], [77.2597823, 28.2720005], [77.2593289, 28.2720035], [77.259316, 28.2720066], [77.2593137, 28.2720066], [77.2592575, 28.2720208], [77.2589384, 28.2721011], [77.2584494, 28.2722361], [77.2582812, 28.2722826], [77.2582514, 28.272287], [77.2578964, 28.2723402], [77.2571498, 28.2723457], [77.2571302, 28.2723447], [77.2570662, 28.2719037], [77.2567156, 28.2704015], [77.2563891, 28.2692211], [77.2562071, 28.2685387], [77.2561016, 28.2681514], [77.2560963, 28.2679218], [77.2560552, 28.2674347], [77.2560957, 28.2665359], [77.2561311, 28.2658665], [77.2561086, 28.2650033], [77.2561502, 28.2640586], [77.2562203, 28.2632246], [77.2563281, 28.2625656], [77.2564245, 28.2619523], [77.2567146, 28.2614892], [77.2568662, 28.261198], [77.2570388, 28.260889], [77.2570778, 28.2605317], [77.2570241, 28.2601452], [77.2568865, 28.2598032], [77.2564757, 28.2592293], [77.2564741, 28.2592271], [77.2560321, 28.2585861], [77.2556273, 28.2581386], [77.2552474, 28.2581411], [77.2552437, 28.2581411], [77.2549696, 28.2583475], [77.2543615, 28.2586583], [77.2534491, 28.2591382], [77.2534406, 28.2591421], [77.2526148, 28.2595227], [77.2513282, 28.2601304], [77.2502006, 28.2607188], [77.2501517, 28.2607504], [77.2500642, 28.2607961], [77.2489971, 28.2613489], [77.2474569, 28.261793], [77.2463978, 28.2624145], [77.2461064, 28.2625726], [77.2457666, 28.2629343], [77.2452552, 28.2634029], [77.2437326, 28.2650135], [77.2416738, 28.2668302], [77.2411039, 28.2671376], [77.2400409, 28.2676452], [77.238654, 28.2686703], [77.2384309, 28.2688878], [77.2372646, 28.2700248], [77.2372327, 28.2700559], [77.2233439, 28.2663033], [77.2224955, 28.2656219], [77.2215721, 28.2647207], [77.2202994, 28.2635118], [77.2187023, 28.2639514], [77.2175044, 28.2635338], [77.2157076, 28.2624788], [77.2135865, 28.2616216], [77.2130125, 28.2598411], [77.2129875, 28.258852], [77.2130374, 28.2569176], [77.2126132, 28.2561263], [77.2120891, 28.255313], [77.2111658, 28.25406], [77.2107166, 28.2524114], [77.2092692, 28.2493558], [77.2081712, 28.2496416], [77.2066988, 28.2501692], [77.2056757, 28.2506088], [77.2042283, 28.2511584], [77.2002354, 28.2487842], [77.1953193, 28.245179], [77.1956936, 28.2441897], [77.1962676, 28.2432883], [77.1955439, 28.2422331], [77.1949699, 28.2413097], [77.1942212, 28.2402984], [77.193822, 28.2397049], [77.1938968, 28.238078], [77.1936223, 28.2373085], [77.192125, 28.236473], [77.1911268, 28.2352638], [77.1927988, 28.2340106], [77.1952943, 28.2326475], [77.1988879, 28.2305587], [77.2014832, 28.2293495], [77.2006846, 28.2277664], [77.1996864, 28.2260733], [77.1986882, 28.2244682], [77.1973656, 28.2226652], [77.1990376, 28.2214778], [77.2011837, 28.2205983], [77.203804, 28.2192569], [77.2034547, 28.2186852], [77.2029306, 28.2178936], [77.2024315, 28.2171899], [77.2019823, 28.2162004], [77.2023566, 28.2156067], [77.2025563, 28.214837], [77.2022568, 28.2135396], [77.2028557, 28.2127699], [77.2023067, 28.2117804], [77.201009, 28.2116704], [77.1997114, 28.2111426], [77.1979645, 28.2099991], [77.1958433, 28.2091634], [77.1927489, 28.2086796], [77.1905313, 28.2088256], [77.1892903, 28.2086665], [77.1888282, 28.2068811], [77.1887571, 28.2048766], [77.1895746, 28.2030599], [77.191174, 28.2015564], [77.1934487, 28.2003661], [77.1960077, 28.1984867], [77.197465, 28.1965759], [77.1960433, 28.1937567], [77.1941595, 28.1902168], [77.1929156, 28.1873348], [77.192027, 28.1852985], [77.1914447, 28.1835546], [77.1910298, 28.1835842], [77.1906148, 28.1836137], [77.1900038, 28.183826], [77.1896067, 28.1838623], [77.1890212, 28.1840205], [77.1883439, 28.1839441], [77.1880129, 28.1837864], [77.1879876, 28.183788], [77.1873815, 28.1838272], [77.186745, 28.183787], [77.1857219, 28.1844687], [77.183599, 28.1853585], [77.1806054, 28.1861177], [77.1790984, 28.1867363], [77.1755956, 28.1878612], [77.1738035, 28.1887146], [77.1726276, 28.1894504], [77.1726168, 28.1894377], [77.1716187, 28.1882687], [77.1699121, 28.1863518], [77.1684906, 28.184358], [77.1674411, 28.1830996], [77.1665393, 28.1818005], [77.1657753, 28.180948], [77.1649856, 28.1797661], [77.1647461, 28.1792429], [77.1648784, 28.1789541], [77.1645726, 28.1782548], [77.1642872, 28.1775015], [77.1645467, 28.1770728], [77.1647452, 28.1769013], [77.1646992, 28.1762967], [77.1650707, 28.1758725], [77.1655085, 28.1757731], [77.1653351, 28.1750197], [77.1651365, 28.1746904], [77.1658388, 28.1741668], [77.1661443, 28.1740134], [77.1663172, 28.1737787], [77.1665566, 28.1737787], [77.166689, 28.1739365], [77.1676257, 28.1733902], [77.1682415, 28.1730833], [77.168369, 28.1725914], [77.1682807, 28.1724796], [77.168277, 28.1724749], [77.1677777, 28.1718427], [77.1673192, 28.1709902], [77.1668606, 28.1698263], [77.1663155, 28.1689963], [77.1652662, 28.1676566], [77.1646956, 28.1668266], [77.1644766, 28.1664973], [77.1642057, 28.1663193], [77.1634617, 28.1658303], [77.1630817, 28.1656813], [77.1572816, 28.1625831], [77.1568516, 28.1623484], [77.1566276, 28.1621663], [77.1559474, 28.1616133], [77.1553364, 28.161054], [77.1540887, 28.1596602], [77.1529988, 28.1578196], [77.15252, 28.1568316], [77.1513385, 28.1551444], [77.150702, 28.1542377], [77.1492203, 28.1526273], [77.1479525, 28.1513281], [77.146924, 28.1500695], [77.1462009, 28.1489101], [77.1454169, 28.1481161], [77.1446898, 28.1473535], [77.1447952, 28.1444708], [77.1447084, 28.1434647], [77.1442908, 28.1421067], [77.1433948, 28.141042], [77.1424122, 28.1397067], [77.1413431, 28.1385653], [77.139704, 28.1370902], [77.139139, 28.1365308], [77.1388436, 28.1357323], [77.1385179, 28.1352495], [77.1382989, 28.1347262], [77.1377288, 28.1341848], [77.1371384, 28.1337021], [77.1364868, 28.1333142], [77.1356573, 28.1331789], [77.1352398, 28.1321142], [77.1347358, 28.1312614], [77.1343439, 28.1304855], [77.1341046, 28.1296328], [77.1339577, 28.128889], [77.1337359, 28.1288036], [77.1334988, 28.1287124], [77.1318957, 28.1283426], [77.1302773, 28.1278689], [77.1295699, 28.1275666], [77.1277988, 28.1264342], [77.1270557, 28.1259199], [77.1269466, 28.1258148], [77.1265875, 28.1254687], [77.1261498, 28.1249454], [77.1259972, 28.1243543], [77.1255696, 28.1236866], [77.1247096, 28.1219721], [77.124104, 28.1209073], [77.1232338, 28.1193824], [77.122445, 28.1186425], [77.1218548, 28.1174062], [77.1213103, 28.1164181], [77.1210711, 28.1160075], [77.1209336, 28.1155759], [77.120837, 28.115327], [77.1207404, 28.1150781], [77.1206335, 28.1146314]]]}, "properties": {"name": "Palwal"}}]}